"variable","dummyVariable","typeEnd","databaseStart","variableStart","ICES.confirmation","typeStart","recEnd","numValidCat","catLabel","catLabelLong","units","recStart","catStartLabel","variableStartShortLabel","variableStartLabel","notes","version","lastUpdated","status","reviewNotes","review"
"SMK_01A","SMK_01A_cat2_NAb","cat","cchs2001_m, cchs2001_p, cchs2003_m, cchs2003_p, cchs2005_m, cchs2005_p, cchs2015_2016_m, cchs2015_2016_p, cchs2017_2018_m, cchs2017_2018_p, cchs2019_2020_m, cchs2021_m, cchs2022_m, cchs2023_m, cchs2009_2010_m, cchs2011_2012_m, cchs2013_2014_m, cchs2009_2010_p, cchs2011_2012_p, cchs2013_2014_p","cchs2001_p::SMKA_01A, cchs2003_p::SMKC_01A, cchs2005_p::SMKE_01A, cchs2015_2016_p::SMK_020, cchs2017_2018_p::SMK_020, cchs2001_m::SMKA_01A, cchs2003_m::SMKC_01A, cchs2005_m::SMKE_01A, cchs2015_2016_m::SMK_020, cchs2017_2018_m::SMK_020, cchs2019_2020_m::SMK_020, cchs2021_m::SMK_020, cchs2022_m::CSS_15, cchs2023_m::CSS_15, [SMK_01A]","ICES confirmed","cat","NA::b","2","Missing","missing","N/A","[7,9]","don't know (7); refusal (8); not stated (9)","Smoked 100+ cigs","Ever smoked 100 or more cigarettes in lifetime","Available 2001-2021 PUMF, 2001-2023 Master. For 2022-2023 PUMF analyses, use SMKDSTY-based variables.","3.0.0-alpha","2026-01-04","active","v3.0.0: Extended from V2.1 with 2019-2023 Master coverage via CSS_15. PUMF coverage unchanged (ends 2021). Pass-through categorical variable.",""
"SMK_01A","SMK_01A_cat2_NAb","cat","cchs2001_m, cchs2001_p, cchs2003_m, cchs2003_p, cchs2005_m, cchs2005_p, cchs2015_2016_m, cchs2015_2016_p, cchs2017_2018_m, cchs2017_2018_p, cchs2019_2020_m, cchs2021_m, cchs2022_m, cchs2023_m, cchs2009_2010_m, cchs2011_2012_m, cchs2013_2014_m, cchs2009_2010_p, cchs2011_2012_p, cchs2013_2014_p","cchs2001_p::SMKA_01A, cchs2003_p::SMKC_01A, cchs2005_p::SMKE_01A, cchs2015_2016_p::SMK_020, cchs2017_2018_p::SMK_020, cchs2001_m::SMKA_01A, cchs2003_m::SMKC_01A, cchs2005_m::SMKE_01A, cchs2015_2016_m::SMK_020, cchs2017_2018_m::SMK_020, cchs2019_2020_m::SMK_020, cchs2021_m::SMK_020, cchs2022_m::CSS_15, cchs2023_m::CSS_15, [SMK_01A]","ICES confirmed","cat","NA::b","2","Missing","missing","N/A","else","else","Smoked 100+ cigs","Ever smoked 100 or more cigarettes in lifetime","Available 2001-2021 PUMF, 2001-2023 Master. For 2022-2023 PUMF analyses, use SMKDSTY-based variables.","3.0.0-alpha","2026-01-04","active","v3.0.0: Extended from V2.1 with 2019-2023 Master coverage via CSS_15. PUMF coverage unchanged (ends 2021). Pass-through categorical variable.",""
"SMK_01A","SMK_01A_cat2_2","cat","cchs2001_m, cchs2001_p, cchs2003_m, cchs2003_p, cchs2005_m, cchs2005_p, cchs2015_2016_m, cchs2015_2016_p, cchs2017_2018_m, cchs2017_2018_p, cchs2019_2020_m, cchs2021_m, cchs2022_m, cchs2023_m, cchs2009_2010_m, cchs2011_2012_m, cchs2013_2014_m, cchs2009_2010_p, cchs2011_2012_p, cchs2013_2014_p","cchs2001_p::SMKA_01A, cchs2003_p::SMKC_01A, cchs2005_p::SMKE_01A, cchs2015_2016_p::SMK_020, cchs2017_2018_p::SMK_020, cchs2001_m::SMKA_01A, cchs2003_m::SMKC_01A, cchs2005_m::SMKE_01A, cchs2015_2016_m::SMK_020, cchs2017_2018_m::SMK_020, cchs2019_2020_m::SMK_020, cchs2021_m::SMK_020, cchs2022_m::CSS_15, cchs2023_m::CSS_15, [SMK_01A]","ICES confirmed","cat","2","2","No","no","N/A","2","No","Smoked 100+ cigs","Ever smoked 100 or more cigarettes in lifetime","Available 2001-2021 PUMF, 2001-2023 Master. For 2022-2023 PUMF analyses, use SMKDSTY-based variables.","3.0.0-alpha","2026-01-04","active","v3.0.0: Extended from V2.1 with 2019-2023 Master coverage via CSS_15. PUMF coverage unchanged (ends 2021). Pass-through categorical variable.",""
"SMK_01A","SMK_01A_cat2_NAa","cat","cchs2001_m, cchs2001_p, cchs2003_m, cchs2003_p, cchs2005_m, cchs2005_p, cchs2015_2016_m, cchs2015_2016_p, cchs2017_2018_m, cchs2017_2018_p, cchs2019_2020_m, cchs2021_m, cchs2022_m, cchs2023_m, cchs2009_2010_m, cchs2011_2012_m, cchs2013_2014_m, cchs2009_2010_p, cchs2011_2012_p, cchs2013_2014_p","cchs2001_p::SMKA_01A, cchs2003_p::SMKC_01A, cchs2005_p::SMKE_01A, cchs2015_2016_p::SMK_020, cchs2017_2018_p::SMK_020, cchs2001_m::SMKA_01A, cchs2003_m::SMKC_01A, cchs2005_m::SMKE_01A, cchs2015_2016_m::SMK_020, cchs2017_2018_m::SMK_020, cchs2019_2020_m::SMK_020, cchs2021_m::SMK_020, cchs2022_m::CSS_15, cchs2023_m::CSS_15, [SMK_01A]","ICES confirmed","cat","NA::a","2","not applicable","not applicable","N/A","6","not applicable","Smoked 100+ cigs","Ever smoked 100 or more cigarettes in lifetime","Available 2001-2021 PUMF, 2001-2023 Master. For 2022-2023 PUMF analyses, use SMKDSTY-based variables.","3.0.0-alpha","2026-01-04","active","v3.0.0: Extended from V2.1 with 2019-2023 Master coverage via CSS_15. PUMF coverage unchanged (ends 2021). Pass-through categorical variable.",""
"SMK_01A","SMK_01A_cat2_1","cat","cchs2001_m, cchs2001_p, cchs2003_m, cchs2003_p, cchs2005_m, cchs2005_p, cchs2015_2016_m, cchs2015_2016_p, cchs2017_2018_m, cchs2017_2018_p, cchs2019_2020_m, cchs2021_m, cchs2022_m, cchs2023_m, cchs2009_2010_m, cchs2011_2012_m, cchs2013_2014_m, cchs2009_2010_p, cchs2011_2012_p, cchs2013_2014_p","cchs2001_p::SMKA_01A, cchs2003_p::SMKC_01A, cchs2005_p::SMKE_01A, cchs2015_2016_p::SMK_020, cchs2017_2018_p::SMK_020, cchs2001_m::SMKA_01A, cchs2003_m::SMKC_01A, cchs2005_m::SMKE_01A, cchs2015_2016_m::SMK_020, cchs2017_2018_m::SMK_020, cchs2019_2020_m::SMK_020, cchs2021_m::SMK_020, cchs2022_m::CSS_15, cchs2023_m::CSS_15, [SMK_01A]","ICES confirmed","cat","1","2","Yes","yes","N/A","1","Yes","Smoked 100+ cigs","Ever smoked 100 or more cigarettes in lifetime","Available 2001-2021 PUMF, 2001-2023 Master. For 2022-2023 PUMF analyses, use SMKDSTY-based variables.","3.0.0-alpha","2026-01-04","active","v3.0.0: Extended from V2.1 with 2019-2023 Master coverage via CSS_15. PUMF coverage unchanged (ends 2021). Pass-through categorical variable.",""
"SMK_05D","SMK_05D_cat2_1","cat","cchs2001_m, cchs2001_p, cchs2003_m, cchs2003_p, cchs2005_m, cchs2005_p, cchs2015_2016_m, cchs2015_2016_p, cchs2017_2018_m, cchs2017_2018_p, cchs2019_2020_m, cchs2021_m, cchs2022_m, cchs2023_m, cchs2009_2010_m, cchs2011_2012_m, cchs2013_2014_m, cchs2009_2010_p, cchs2011_2012_p, cchs2013_2014_p","cchs2001_p::SMKA_05D, cchs2003_p::SMKC_05D, cchs2005_p::SMKE_05D, cchs2015_2016_p::SMK_030, cchs2017_2018_p::SMK_030, cchs2001_m::SMKA_05D, cchs2003_m::SMKC_05D, cchs2005_m::SMKE_05D, cchs2015_2016_m::SMK_030, cchs2017_2018_m::SMK_030, cchs2019_2020_m::SMK_030, cchs2021_m::SMK_030, cchs2022_m::SPU_05, cchs2023_m::SPU_05, [SMK_05D]","","cat","1","2","Yes","Occasional smoker who previously smoked daily","N/A","1","Yes","Ever daily (occ)","Ever smoked daily (asked of current occasional smokers)","Available 2001-2021 PUMF, 2001-2023 Master. Universe: occasional and non-smokers. For 2022-2023 PUMF analyses, use SMKDSTY-based variables.","3.0.0-alpha","2026-01-04","active","v3.0.0: Extended from V2.1 with 2019-2023 Master coverage via SPU_05. PUMF coverage unchanged (ends 2021). Source variable changed from SMK_05D to SMK_030 in 2015.",""
"SMK_05D","SMK_05D_cat2_2","cat","cchs2001_m, cchs2001_p, cchs2003_m, cchs2003_p, cchs2005_m, cchs2005_p, cchs2015_2016_m, cchs2015_2016_p, cchs2017_2018_m, cchs2017_2018_p, cchs2019_2020_m, cchs2021_m, cchs2022_m, cchs2023_m, cchs2009_2010_m, cchs2011_2012_m, cchs2013_2014_m, cchs2009_2010_p, cchs2011_2012_p, cchs2013_2014_p","cchs2001_p::SMKA_05D, cchs2003_p::SMKC_05D, cchs2005_p::SMKE_05D, cchs2015_2016_p::SMK_030, cchs2017_2018_p::SMK_030, cchs2001_m::SMKA_05D, cchs2003_m::SMKC_05D, cchs2005_m::SMKE_05D, cchs2015_2016_m::SMK_030, cchs2017_2018_m::SMK_030, cchs2019_2020_m::SMK_030, cchs2021_m::SMK_030, cchs2022_m::SPU_05, cchs2023_m::SPU_05, [SMK_05D]","","cat","2","2","No","Occasional smoker never daily","N/A","2","No","Ever daily (occ)","Ever smoked daily (asked of current occasional smokers)","Available 2001-2021 PUMF, 2001-2023 Master. Universe: occasional and non-smokers. For 2022-2023 PUMF analyses, use SMKDSTY-based variables.","3.0.0-alpha","2026-01-04","active","v3.0.0: Extended from V2.1 with 2019-2023 Master coverage via SPU_05. PUMF coverage unchanged (ends 2021). Source variable changed from SMK_05D to SMK_030 in 2015.",""
"SMK_05D","SMK_05D_cat2_NAa","cat","cchs2001_m, cchs2001_p, cchs2003_m, cchs2003_p, cchs2005_m, cchs2005_p, cchs2015_2016_m, cchs2015_2016_p, cchs2017_2018_m, cchs2017_2018_p, cchs2019_2020_m, cchs2021_m, cchs2022_m, cchs2023_m, cchs2009_2010_m, cchs2011_2012_m, cchs2013_2014_m, cchs2009_2010_p, cchs2011_2012_p, cchs2013_2014_p","cchs2001_p::SMKA_05D, cchs2003_p::SMKC_05D, cchs2005_p::SMKE_05D, cchs2015_2016_p::SMK_030, cchs2017_2018_p::SMK_030, cchs2001_m::SMKA_05D, cchs2003_m::SMKC_05D, cchs2005_m::SMKE_05D, cchs2015_2016_m::SMK_030, cchs2017_2018_m::SMK_030, cchs2019_2020_m::SMK_030, cchs2021_m::SMK_030, cchs2022_m::SPU_05, cchs2023_m::SPU_05, [SMK_05D]","","cat","NA::a","2","not applicable","not applicable","N/A","6","not applicable","Ever daily (occ)","Ever smoked daily (asked of current occasional smokers)","Available 2001-2021 PUMF, 2001-2023 Master. Universe: occasional and non-smokers. For 2022-2023 PUMF analyses, use SMKDSTY-based variables.","3.0.0-alpha","2026-01-04","active","v3.0.0: Extended from V2.1 with 2019-2023 Master coverage via SPU_05. PUMF coverage unchanged (ends 2021). Source variable changed from SMK_05D to SMK_030 in 2015.",""
"SMK_05D","SMK_05D_cat2_NAb","cat","cchs2001_m, cchs2001_p, cchs2003_m, cchs2003_p, cchs2005_m, cchs2005_p, cchs2015_2016_m, cchs2015_2016_p, cchs2017_2018_m, cchs2017_2018_p, cchs2019_2020_m, cchs2021_m, cchs2022_m, cchs2023_m, cchs2009_2010_m, cchs2011_2012_m, cchs2013_2014_m, cchs2009_2010_p, cchs2011_2012_p, cchs2013_2014_p","cchs2001_p::SMKA_05D, cchs2003_p::SMKC_05D, cchs2005_p::SMKE_05D, cchs2015_2016_p::SMK_030, cchs2017_2018_p::SMK_030, cchs2001_m::SMKA_05D, cchs2003_m::SMKC_05D, cchs2005_m::SMKE_05D, cchs2015_2016_m::SMK_030, cchs2017_2018_m::SMK_030, cchs2019_2020_m::SMK_030, cchs2021_m::SMK_030, cchs2022_m::SPU_05, cchs2023_m::SPU_05, [SMK_05D]","","cat","NA::b","2","Missing","missing","N/A","[7,9]","don't know (7); refusal (8); not stated (9)","Ever daily (occ)","Ever smoked daily (asked of current occasional smokers)","Available 2001-2021 PUMF, 2001-2023 Master. Universe: occasional and non-smokers. For 2022-2023 PUMF analyses, use SMKDSTY-based variables.","3.0.0-alpha","2026-01-04","active","v3.0.0: Extended from V2.1 with 2019-2023 Master coverage via SPU_05. PUMF coverage unchanged (ends 2021). Source variable changed from SMK_05D to SMK_030 in 2015.",""
"SMK_05D","SMK_05D_cat2_NAb","cat","cchs2001_m, cchs2001_p, cchs2003_m, cchs2003_p, cchs2005_m, cchs2005_p, cchs2015_2016_m, cchs2015_2016_p, cchs2017_2018_m, cchs2017_2018_p, cchs2019_2020_m, cchs2021_m, cchs2022_m, cchs2023_m, cchs2009_2010_m, cchs2011_2012_m, cchs2013_2014_m, cchs2009_2010_p, cchs2011_2012_p, cchs2013_2014_p","cchs2001_p::SMKA_05D, cchs2003_p::SMKC_05D, cchs2005_p::SMKE_05D, cchs2015_2016_p::SMK_030, cchs2017_2018_p::SMK_030, cchs2001_m::SMKA_05D, cchs2003_m::SMKC_05D, cchs2005_m::SMKE_05D, cchs2015_2016_m::SMK_030, cchs2017_2018_m::SMK_030, cchs2019_2020_m::SMK_030, cchs2021_m::SMK_030, cchs2022_m::SPU_05, cchs2023_m::SPU_05, [SMK_05D]","","cat","NA::b","2","Missing","missing","N/A","else","else","Ever daily (occ)","Ever smoked daily (asked of current occasional smokers)","Available 2001-2021 PUMF, 2001-2023 Master. Universe: occasional and non-smokers. For 2022-2023 PUMF analyses, use SMKDSTY-based variables.","3.0.0-alpha","2026-01-04","active","v3.0.0: Extended from V2.1 with 2019-2023 Master coverage via SPU_05. PUMF coverage unchanged (ends 2021). Source variable changed from SMK_05D to SMK_030 in 2015.",""
"SMK_005","SMK_005_cat3_1","cat","cchs2015_2016_p, cchs2017_2018_p, cchs2015_2016_m, cchs2017_2018_m","[SMK_005]","","cat","1","3","Daily","Daily","N/A","1","Daily","Smoking freq (2015+)","Type of smoker presently","BACKWARD COMPATIBILITY: Superseded by SMK_202. Era-specific pass-through (2015-2018 PUMF and Master).","3.0.0-alpha","2026-01-05","active","v3.0.0: Maintained for backward compatibility. SMK_005 is the 2015+ era-specific name.",""
"SMK_005","SMK_005_cat3_2","cat","cchs2015_2016_p, cchs2017_2018_p, cchs2015_2016_m, cchs2017_2018_m","[SMK_005]","","cat","2","3","Occasionally","Occasionally","N/A","2","Occasionally","Smoking freq (2015+)","Type of smoker presently","BACKWARD COMPATIBILITY: Superseded by SMK_202. Era-specific pass-through (2015-2018 PUMF and Master).","3.0.0-alpha","2026-01-05","active","v3.0.0: Maintained for backward compatibility. SMK_005 is the 2015+ era-specific name.",""
"SMK_005","SMK_005_cat3_3","cat","cchs2015_2016_p, cchs2017_2018_p, cchs2015_2016_m, cchs2017_2018_m","[SMK_005]","","cat","3","3","Not at all","Not at all","N/A","3","Not at all","Smoking freq (2015+)","Type of smoker presently","BACKWARD COMPATIBILITY: Superseded by SMK_202. Era-specific pass-through (2015-2018 PUMF and Master).","3.0.0-alpha","2026-01-05","active","v3.0.0: Maintained for backward compatibility. SMK_005 is the 2015+ era-specific name.",""
"SMK_005","SMK_005_cat3_NAb","cat","cchs2015_2016_p, cchs2017_2018_p, cchs2015_2016_m, cchs2017_2018_m","[SMK_005]","","cat","NA::b","3","Missing","missing","N/A","[7,9]","don't know (7); refusal (8); not stated (9)","Smoking freq (2015+)","Type of smoker presently","BACKWARD COMPATIBILITY: Superseded by SMK_202. Era-specific pass-through (2015-2018 PUMF and Master).","3.0.0-alpha","2026-01-05","active","v3.0.0: Maintained for backward compatibility. SMK_005 is the 2015+ era-specific name.",""
"SMK_005","SMK_005_cat3_NAb","cat","cchs2015_2016_p, cchs2017_2018_p, cchs2015_2016_m, cchs2017_2018_m","[SMK_005]","","cat","NA::b","3","Missing","missing","N/A","else","else","Smoking freq (2015+)","Type of smoker presently","BACKWARD COMPATIBILITY: Superseded by SMK_202. Era-specific pass-through (2015-2018 PUMF and Master).","3.0.0-alpha","2026-01-05","active","v3.0.0: Maintained for backward compatibility. SMK_005 is the 2015+ era-specific name.",""
"SMK_030","SMK_030_cat2_1","cat","cchs2015_2016_p, cchs2017_2018_p, cchs2015_2016_m, cchs2017_2018_m","[SMK_030]","","cat","1","2","Yes","yes","N/A","1","Yes","Ever daily (2015+)","Smoked daily - lifetime","BACKWARD COMPATIBILITY: Superseded by SMK_05D. Era-specific pass-through (2015-2018 PUMF and Master).","3.0.0-alpha","2026-01-05","active","v3.0.0: Maintained for backward compatibility. SMK_030 is the 2015+ era-specific name.",""
"SMK_030","SMK_030_cat2_2","cat","cchs2015_2016_p, cchs2017_2018_p, cchs2015_2016_m, cchs2017_2018_m","[SMK_030]","","cat","2","2","No","no","N/A","2","No","Ever daily (2015+)","Smoked daily - lifetime","BACKWARD COMPATIBILITY: Superseded by SMK_05D. Era-specific pass-through (2015-2018 PUMF and Master).","3.0.0-alpha","2026-01-05","active","v3.0.0: Maintained for backward compatibility. SMK_030 is the 2015+ era-specific name.",""
"SMK_030","SMK_030_cat2_NAa","cat","cchs2015_2016_p, cchs2017_2018_p, cchs2015_2016_m, cchs2017_2018_m","[SMK_030]","","cat","NA::a","2","not applicable","not applicable","N/A","6","not applicable","Ever daily (2015+)","Smoked daily - lifetime","BACKWARD COMPATIBILITY: Superseded by SMK_05D. Era-specific pass-through (2015-2018 PUMF and Master).","3.0.0-alpha","2026-01-05","active","v3.0.0: Maintained for backward compatibility. SMK_030 is the 2015+ era-specific name.",""
"SMK_030","SMK_030_cat2_NAb","cat","cchs2015_2016_p, cchs2017_2018_p, cchs2015_2016_m, cchs2017_2018_m","[SMK_030]","","cat","NA::b","2","Missing","missing","N/A","[7,9]","don't know (7); refusal (8); not stated (9)","Ever daily (2015+)","Smoked daily - lifetime","BACKWARD COMPATIBILITY: Superseded by SMK_05D. Era-specific pass-through (2015-2018 PUMF and Master).","3.0.0-alpha","2026-01-05","active","v3.0.0: Maintained for backward compatibility. SMK_030 is the 2015+ era-specific name.",""
"SMK_030","SMK_030_cat2_NAb","cat","cchs2015_2016_p, cchs2017_2018_p, cchs2015_2016_m, cchs2017_2018_m","[SMK_030]","","cat","NA::b","2","Missing","missing","N/A","else","else","Ever daily (2015+)","Smoked daily - lifetime","BACKWARD COMPATIBILITY: Superseded by SMK_05D. Era-specific pass-through (2015-2018 PUMF and Master).","3.0.0-alpha","2026-01-05","active","v3.0.0: Maintained for backward compatibility. SMK_030 is the 2015+ era-specific name.",""
"SMK_202","SMK_202_cat3_1","cat","cchs2001_m, cchs2001_p, cchs2003_m, cchs2003_p, cchs2005_m, cchs2005_p, cchs2015_2016_m, cchs2015_2016_p, cchs2017_2018_m, cchs2017_2018_p, cchs2019_2020_m, cchs2019_2020_p, cchs2021_m, cchs2021_p, cchs2022_m, cchs2022_p, cchs2023_m, cchs2023_p, cchs2009_2010_m, cchs2011_2012_m, cchs2013_2014_m, cchs2009_2010_p, cchs2011_2012_p, cchs2013_2014_p","cchs2001_p::SMKA_202, cchs2003_p::SMKC_202, cchs2005_p::SMKE_202, cchs2015_2016_p::SMK_005, cchs2017_2018_p::SMK_005, cchs2019_2020_p::SMK_005, cchs2021_p::SMK_005, cchs2022_p::CSS_05, cchs2023_p::CSS_05, cchs2001_m::SMKA_202, cchs2003_m::SMKC_202, cchs2005_m::SMKE_202, cchs2015_2016_m::SMK_005, cchs2017_2018_m::SMK_005, cchs2019_2020_m::SMK_005, cchs2021_m::SMK_005, cchs2022_m::CSS_05, cchs2023_m::CSS_05, [SMK_202]","","cat","1","3","Daily","Smokes daily","","1","Daily","Current smoking frequency","At the present time, do you smoke cigarettes daily, occasionally or not at all","Full coverage 2001-2023 PUMF and Master. Recommended for cross-cycle current smoking status. Source: SMK_202 (2001-2014), SMK_005 (2015-2021), CSS_05 (2022-2023).","3.0.0-alpha","2026-01-04","active","v3.0.0: Full cycle coverage. Extended from V2.1 with 2019-2023 cycles. Source variable naming changed to SMK_005 in 2015 and CSS_05 in 2022.",""
"SMK_202","SMK_202_cat3_2","cat","cchs2001_m, cchs2001_p, cchs2003_m, cchs2003_p, cchs2005_m, cchs2005_p, cchs2015_2016_m, cchs2015_2016_p, cchs2017_2018_m, cchs2017_2018_p, cchs2019_2020_m, cchs2019_2020_p, cchs2021_m, cchs2021_p, cchs2022_m, cchs2022_p, cchs2023_m, cchs2023_p, cchs2009_2010_m, cchs2011_2012_m, cchs2013_2014_m, cchs2009_2010_p, cchs2011_2012_p, cchs2013_2014_p","cchs2001_p::SMKA_202, cchs2003_p::SMKC_202, cchs2005_p::SMKE_202, cchs2015_2016_p::SMK_005, cchs2017_2018_p::SMK_005, cchs2019_2020_p::SMK_005, cchs2021_p::SMK_005, cchs2022_p::CSS_05, cchs2023_p::CSS_05, cchs2001_m::SMKA_202, cchs2003_m::SMKC_202, cchs2005_m::SMKE_202, cchs2015_2016_m::SMK_005, cchs2017_2018_m::SMK_005, cchs2019_2020_m::SMK_005, cchs2021_m::SMK_005, cchs2022_m::CSS_05, cchs2023_m::CSS_05, [SMK_202]","","cat","2","3","Occasionally","Smokes occasionally","","2","Occasionally","Current smoking frequency","At the present time, do you smoke cigarettes daily, occasionally or not at all","Full coverage 2001-2023 PUMF and Master. Recommended for cross-cycle current smoking status. Source: SMK_202 (2001-2014), SMK_005 (2015-2021), CSS_05 (2022-2023).","3.0.0-alpha","2026-01-04","active","v3.0.0: Full cycle coverage. Extended from V2.1 with 2019-2023 cycles. Source variable naming changed to SMK_005 in 2015 and CSS_05 in 2022.",""
"SMK_202","SMK_202_cat3_3","cat","cchs2001_m, cchs2001_p, cchs2003_m, cchs2003_p, cchs2005_m, cchs2005_p, cchs2015_2016_m, cchs2015_2016_p, cchs2017_2018_m, cchs2017_2018_p, cchs2019_2020_m, cchs2019_2020_p, cchs2021_m, cchs2021_p, cchs2022_m, cchs2022_p, cchs2023_m, cchs2023_p, cchs2009_2010_m, cchs2011_2012_m, cchs2013_2014_m, cchs2009_2010_p, cchs2011_2012_p, cchs2013_2014_p","cchs2001_p::SMKA_202, cchs2003_p::SMKC_202, cchs2005_p::SMKE_202, cchs2015_2016_p::SMK_005, cchs2017_2018_p::SMK_005, cchs2019_2020_p::SMK_005, cchs2021_p::SMK_005, cchs2022_p::CSS_05, cchs2023_p::CSS_05, cchs2001_m::SMKA_202, cchs2003_m::SMKC_202, cchs2005_m::SMKE_202, cchs2015_2016_m::SMK_005, cchs2017_2018_m::SMK_005, cchs2019_2020_m::SMK_005, cchs2021_m::SMK_005, cchs2022_m::CSS_05, cchs2023_m::CSS_05, [SMK_202]","","cat","3","3","Not at all","Does not smoke at all","","3","Not at all","Current smoking frequency","At the present time, do you smoke cigarettes daily, occasionally or not at all","Full coverage 2001-2023 PUMF and Master. Recommended for cross-cycle current smoking status. Source: SMK_202 (2001-2014), SMK_005 (2015-2021), CSS_05 (2022-2023).","3.0.0-alpha","2026-01-04","active","v3.0.0: Full cycle coverage. Extended from V2.1 with 2019-2023 cycles. Source variable naming changed to SMK_005 in 2015 and CSS_05 in 2022.",""
"SMK_202","SMK_202_cat3_NAa","cat","cchs2001_m, cchs2001_p, cchs2003_m, cchs2003_p, cchs2005_m, cchs2005_p, cchs2015_2016_m, cchs2015_2016_p, cchs2017_2018_m, cchs2017_2018_p, cchs2019_2020_m, cchs2019_2020_p, cchs2021_m, cchs2021_p, cchs2022_m, cchs2022_p, cchs2023_m, cchs2023_p, cchs2009_2010_m, cchs2011_2012_m, cchs2013_2014_m, cchs2009_2010_p, cchs2011_2012_p, cchs2013_2014_p","cchs2001_p::SMKA_202, cchs2003_p::SMKC_202, cchs2005_p::SMKE_202, cchs2015_2016_p::SMK_005, cchs2017_2018_p::SMK_005, cchs2019_2020_p::SMK_005, cchs2021_p::SMK_005, cchs2022_p::CSS_05, cchs2023_p::CSS_05, cchs2001_m::SMKA_202, cchs2003_m::SMKC_202, cchs2005_m::SMKE_202, cchs2015_2016_m::SMK_005, cchs2017_2018_m::SMK_005, cchs2019_2020_m::SMK_005, cchs2021_m::SMK_005, cchs2022_m::CSS_05, cchs2023_m::CSS_05, [SMK_202]","","cat","NA::a","3","not applicable","Not applicable","","6","Not applicable","Current smoking frequency","At the present time, do you smoke cigarettes daily, occasionally or not at all","Full coverage 2001-2023 PUMF and Master. Recommended for cross-cycle current smoking status. Source: SMK_202 (2001-2014), SMK_005 (2015-2021), CSS_05 (2022-2023).","3.0.0-alpha","2026-01-04","active","v3.0.0: Full cycle coverage. Extended from V2.1 with 2019-2023 cycles. Source variable naming changed to SMK_005 in 2015 and CSS_05 in 2022.",""
"SMK_202","SMK_202_cat3_NAb","cat","cchs2001_m, cchs2001_p, cchs2003_m, cchs2003_p, cchs2005_m, cchs2005_p, cchs2015_2016_m, cchs2015_2016_p, cchs2017_2018_m, cchs2017_2018_p, cchs2019_2020_m, cchs2019_2020_p, cchs2021_m, cchs2021_p, cchs2022_m, cchs2022_p, cchs2023_m, cchs2023_p, cchs2009_2010_m, cchs2011_2012_m, cchs2013_2014_m, cchs2009_2010_p, cchs2011_2012_p, cchs2013_2014_p","cchs2001_p::SMKA_202, cchs2003_p::SMKC_202, cchs2005_p::SMKE_202, cchs2015_2016_p::SMK_005, cchs2017_2018_p::SMK_005, cchs2019_2020_p::SMK_005, cchs2021_p::SMK_005, cchs2022_p::CSS_05, cchs2023_p::CSS_05, cchs2001_m::SMKA_202, cchs2003_m::SMKC_202, cchs2005_m::SMKE_202, cchs2015_2016_m::SMK_005, cchs2017_2018_m::SMK_005, cchs2019_2020_m::SMK_005, cchs2021_m::SMK_005, cchs2022_m::CSS_05, cchs2023_m::CSS_05, [SMK_202]","","cat","NA::b","3","Missing","Missing/refused/don't know","","[7,9]","Missing","Current smoking frequency","At the present time, do you smoke cigarettes daily, occasionally or not at all","Full coverage 2001-2023 PUMF and Master. Recommended for cross-cycle current smoking status. Source: SMK_202 (2001-2014), SMK_005 (2015-2021), CSS_05 (2022-2023).","3.0.0-alpha","2026-01-04","active","v3.0.0: Full cycle coverage. Extended from V2.1 with 2019-2023 cycles. Source variable naming changed to SMK_005 in 2015 and CSS_05 in 2022.",""
"SMK_202","SMK_202_cat3_NAb","cat","cchs2001_m, cchs2001_p, cchs2003_m, cchs2003_p, cchs2005_m, cchs2005_p, cchs2015_2016_m, cchs2015_2016_p, cchs2017_2018_m, cchs2017_2018_p, cchs2019_2020_m, cchs2019_2020_p, cchs2021_m, cchs2021_p, cchs2022_m, cchs2022_p, cchs2023_m, cchs2023_p, cchs2009_2010_m, cchs2011_2012_m, cchs2013_2014_m, cchs2009_2010_p, cchs2011_2012_p, cchs2013_2014_p","cchs2001_p::SMKA_202, cchs2003_p::SMKC_202, cchs2005_p::SMKE_202, cchs2015_2016_p::SMK_005, cchs2017_2018_p::SMK_005, cchs2019_2020_p::SMK_005, cchs2021_p::SMK_005, cchs2022_p::CSS_05, cchs2023_p::CSS_05, cchs2001_m::SMKA_202, cchs2003_m::SMKC_202, cchs2005_m::SMKE_202, cchs2015_2016_m::SMK_005, cchs2017_2018_m::SMK_005, cchs2019_2020_m::SMK_005, cchs2021_m::SMK_005, cchs2022_m::CSS_05, cchs2023_m::CSS_05, [SMK_202]","","cat","NA::b","3","Missing","Missing/refused/don't know","","else","Else","Current smoking frequency","At the present time, do you smoke cigarettes daily, occasionally or not at all","Full coverage 2001-2023 PUMF and Master. Recommended for cross-cycle current smoking status. Source: SMK_202 (2001-2014), SMK_005 (2015-2021), CSS_05 (2022-2023).","3.0.0-alpha","2026-01-04","active","v3.0.0: Full cycle coverage. Extended from V2.1 with 2019-2023 cycles. Source variable naming changed to SMK_005 in 2015 and CSS_05 in 2022.",""
"SMKDSTY","SMKDSTY_cat6_1","cat","cchs2001_p, cchs2003_p, cchs2005_p, cchs2007_2008_p, cchs2009_2010_p, cchs2011_2012_p, cchs2013_2014_p, cchs2015_2016_p, cchs2017_2018_p, cchs2019_2020_p, cchs2021_p, cchs2022_p, cchs2023_p, cchs2001_m, cchs2003_m, cchs2005_m, cchs2007_2008_m, cchs2009_2010_m, cchs2011_2012_m, cchs2013_2014_m, cchs2015_2016_m, cchs2017_2018_m, cchs2019_2020_m, cchs2021_m, cchs2022_m, cchs2023_m","cchs2001_p::SMKADSTY, cchs2003_p::SMKCDSTY, cchs2005_p::SMKEDSTY, cchs2007_2008_p::SMKDSTY, cchs2009_2010_p::SMKDSTY, cchs2011_2012_p::SMKDSTY, cchs2013_2014_p::SMKDSTY, cchs2015_2016_p::SMKDVSTY, cchs2017_2018_p::SMKDVSTY, cchs2019_2020_p::SMKDVSTY, cchs2021_p::SMKDVSTY, cchs2022_p::SMKDVSTY, cchs2023_p::SMKDVSTY, cchs2001_m::SMKADSTY, cchs2003_m::SMKCDSTY, cchs2005_m::SMKEDSTY, cchs2007_2008_m::SMKDSTY, cchs2009_2010_m::SMKDSTY, cchs2011_2012_m::SMKDSTY, cchs2013_2014_m::SMKDSTY, cchs2015_2016_m::SMKDVSTY, cchs2017_2018_m::SMKDVSTY, cchs2019_2020_m::SMKDVSTY, cchs2021_m::SMKDVSTY, cchs2022_m::SMKDVSTY, cchs2023_m::SMKDVSTY","","cat","1","6","Daily","Daily smoker (pre-2015 and post-2015)","N/A","1","1","Smoking type (raw)","Type of smoker derived (6-category, raw pass-through)","Same meaning all cycles","3.0.0-alpha","2026-01-04","active","v3.0.0: NEW variable (not in V2.1). Raw pass-through of StatCan derived smoking status. Required for pack-years calculation. Categories 1 and 6 comparable across all cycles; categories 2-5 have different meanings pre-2015 vs post-2015. For comparable cross-cycle analyses, use SMKDSTY_cat3 or SMKDSTY_cat5.",""
"SMKDSTY","SMKDSTY_cat6_2","cat","cchs2001_p, cchs2003_p, cchs2005_p, cchs2007_2008_p, cchs2009_2010_p, cchs2011_2012_p, cchs2013_2014_p, cchs2015_2016_p, cchs2017_2018_p, cchs2019_2020_p, cchs2021_p, cchs2022_p, cchs2023_p, cchs2001_m, cchs2003_m, cchs2005_m, cchs2007_2008_m, cchs2009_2010_m, cchs2011_2012_m, cchs2013_2014_m, cchs2015_2016_m, cchs2017_2018_m, cchs2019_2020_m, cchs2021_m, cchs2022_m, cchs2023_m","cchs2001_p::SMKADSTY, cchs2003_p::SMKCDSTY, cchs2005_p::SMKEDSTY, cchs2007_2008_p::SMKDSTY, cchs2009_2010_p::SMKDSTY, cchs2011_2012_p::SMKDSTY, cchs2013_2014_p::SMKDSTY, cchs2015_2016_p::SMKDVSTY, cchs2017_2018_p::SMKDVSTY, cchs2019_2020_p::SMKDVSTY, cchs2021_p::SMKDVSTY, cchs2022_p::SMKDVSTY, cchs2023_p::SMKDVSTY, cchs2001_m::SMKADSTY, cchs2003_m::SMKCDSTY, cchs2005_m::SMKEDSTY, cchs2007_2008_m::SMKDSTY, cchs2009_2010_m::SMKDSTY, cchs2011_2012_m::SMKDSTY, cchs2013_2014_m::SMKDSTY, cchs2015_2016_m::SMKDVSTY, cchs2017_2018_m::SMKDVSTY, cchs2019_2020_m::SMKDVSTY, cchs2021_m::SMKDVSTY, cchs2022_m::SMKDVSTY, cchs2023_m::SMKDVSTY","","cat","2","6","Occasional (any)","Occasional smoker (pre-2015: former daily; post-2015: any current)","N/A","2","2","Smoking type (raw)","Type of smoker derived (6-category, raw pass-through)","CAUTION: 2001-2014 = former daily/current occasional; 2015+ = any current occasional. Meaning changed.","3.0.0-alpha","2026-01-04","active","v3.0.0: NEW variable (not in V2.1). Raw pass-through of StatCan derived smoking status. Required for pack-years calculation. Categories 1 and 6 comparable across all cycles; categories 2-5 have different meanings pre-2015 vs post-2015. For comparable cross-cycle analyses, use SMKDSTY_cat3 or SMKDSTY_cat5.",""
"SMKDSTY","SMKDSTY_cat6_3","cat","cchs2001_p, cchs2003_p, cchs2005_p, cchs2007_2008_p, cchs2009_2010_p, cchs2011_2012_p, cchs2013_2014_p, cchs2015_2016_p, cchs2017_2018_p, cchs2019_2020_p, cchs2021_p, cchs2022_p, cchs2023_p, cchs2001_m, cchs2003_m, cchs2005_m, cchs2007_2008_m, cchs2009_2010_m, cchs2011_2012_m, cchs2013_2014_m, cchs2015_2016_m, cchs2017_2018_m, cchs2019_2020_m, cchs2021_m, cchs2022_m, cchs2023_m","cchs2001_p::SMKADSTY, cchs2003_p::SMKCDSTY, cchs2005_p::SMKEDSTY, cchs2007_2008_p::SMKDSTY, cchs2009_2010_p::SMKDSTY, cchs2011_2012_p::SMKDSTY, cchs2013_2014_p::SMKDSTY, cchs2015_2016_p::SMKDVSTY, cchs2017_2018_p::SMKDVSTY, cchs2019_2020_p::SMKDVSTY, cchs2021_p::SMKDVSTY, cchs2022_p::SMKDVSTY, cchs2023_p::SMKDVSTY, cchs2001_m::SMKADSTY, cchs2003_m::SMKCDSTY, cchs2005_m::SMKEDSTY, cchs2007_2008_m::SMKDSTY, cchs2009_2010_m::SMKDSTY, cchs2011_2012_m::SMKDSTY, cchs2013_2014_m::SMKDSTY, cchs2015_2016_m::SMKDVSTY, cchs2017_2018_m::SMKDVSTY, cchs2019_2020_m::SMKDVSTY, cchs2021_m::SMKDVSTY, cchs2022_m::SMKDVSTY, cchs2023_m::SMKDVSTY","","cat","3","6","Occ or fmr daily","Pre-2015: Occasional never daily; Post-2015: Former daily","N/A","3","3","Smoking type (raw)","Type of smoker derived (6-category, raw pass-through)","CAUTION: 2001-2014 = never daily/current occasional; 2015+ = former daily. Meaning changed.","3.0.0-alpha","2026-01-04","active","v3.0.0: NEW variable (not in V2.1). Raw pass-through of StatCan derived smoking status. Required for pack-years calculation. Categories 1 and 6 comparable across all cycles; categories 2-5 have different meanings pre-2015 vs post-2015. For comparable cross-cycle analyses, use SMKDSTY_cat3 or SMKDSTY_cat5.",""
"SMKDSTY","SMKDSTY_cat6_4","cat","cchs2001_p, cchs2003_p, cchs2005_p, cchs2007_2008_p, cchs2009_2010_p, cchs2011_2012_p, cchs2013_2014_p, cchs2015_2016_p, cchs2017_2018_p, cchs2019_2020_p, cchs2021_p, cchs2022_p, cchs2023_p, cchs2001_m, cchs2003_m, cchs2005_m, cchs2007_2008_m, cchs2009_2010_m, cchs2011_2012_m, cchs2013_2014_m, cchs2015_2016_m, cchs2017_2018_m, cchs2019_2020_m, cchs2021_m, cchs2022_m, cchs2023_m","cchs2001_p::SMKADSTY, cchs2003_p::SMKCDSTY, cchs2005_p::SMKEDSTY, cchs2007_2008_p::SMKDSTY, cchs2009_2010_p::SMKDSTY, cchs2011_2012_p::SMKDSTY, cchs2013_2014_p::SMKDSTY, cchs2015_2016_p::SMKDVSTY, cchs2017_2018_p::SMKDVSTY, cchs2019_2020_p::SMKDVSTY, cchs2021_p::SMKDVSTY, cchs2022_p::SMKDVSTY, cchs2023_p::SMKDVSTY, cchs2001_m::SMKADSTY, cchs2003_m::SMKCDSTY, cchs2005_m::SMKEDSTY, cchs2007_2008_m::SMKDSTY, cchs2009_2010_m::SMKDSTY, cchs2011_2012_m::SMKDSTY, cchs2013_2014_m::SMKDSTY, cchs2015_2016_m::SMKDVSTY, cchs2017_2018_m::SMKDVSTY, cchs2019_2020_m::SMKDVSTY, cchs2021_m::SMKDVSTY, cchs2022_m::SMKDVSTY, cchs2023_m::SMKDVSTY","","cat","4","6","Fmr daily or fmr occ","Pre-2015: Former daily; Post-2015: Former occasional","N/A","4","4","Smoking type (raw)","Type of smoker derived (6-category, raw pass-through)","CAUTION: 2001-2014 = former daily/non-smoker; 2015+ = former occasional. Meaning changed.","3.0.0-alpha","2026-01-04","active","v3.0.0: NEW variable (not in V2.1). Raw pass-through of StatCan derived smoking status. Required for pack-years calculation. Categories 1 and 6 comparable across all cycles; categories 2-5 have different meanings pre-2015 vs post-2015. For comparable cross-cycle analyses, use SMKDSTY_cat3 or SMKDSTY_cat5.",""
"SMKDSTY","SMKDSTY_cat6_5","cat","cchs2001_p, cchs2003_p, cchs2005_p, cchs2007_2008_p, cchs2009_2010_p, cchs2011_2012_p, cchs2013_2014_p, cchs2015_2016_p, cchs2017_2018_p, cchs2019_2020_p, cchs2021_p, cchs2022_p, cchs2023_p, cchs2001_m, cchs2003_m, cchs2005_m, cchs2007_2008_m, cchs2009_2010_m, cchs2011_2012_m, cchs2013_2014_m, cchs2015_2016_m, cchs2017_2018_m, cchs2019_2020_m, cchs2021_m, cchs2022_m, cchs2023_m","cchs2001_p::SMKADSTY, cchs2003_p::SMKCDSTY, cchs2005_p::SMKEDSTY, cchs2007_2008_p::SMKDSTY, cchs2009_2010_p::SMKDSTY, cchs2011_2012_p::SMKDSTY, cchs2013_2014_p::SMKDSTY, cchs2015_2016_p::SMKDVSTY, cchs2017_2018_p::SMKDVSTY, cchs2019_2020_p::SMKDVSTY, cchs2021_p::SMKDVSTY, cchs2022_p::SMKDVSTY, cchs2023_p::SMKDVSTY, cchs2001_m::SMKADSTY, cchs2003_m::SMKCDSTY, cchs2005_m::SMKEDSTY, cchs2007_2008_m::SMKDSTY, cchs2009_2010_m::SMKDSTY, cchs2011_2012_m::SMKDSTY, cchs2013_2014_m::SMKDSTY, cchs2015_2016_m::SMKDVSTY, cchs2017_2018_m::SMKDVSTY, cchs2019_2020_m::SMKDVSTY, cchs2021_m::SMKDVSTY, cchs2022_m::SMKDVSTY, cchs2023_m::SMKDVSTY","","cat","5","6","Fmr occ/experimental","Pre-2015: Former occasional; Post-2015: Experimental smoker","N/A","5","5","Smoking type (raw)","Type of smoker derived (6-category, raw pass-through)","CAUTION: 2001-2014 = former occasional/non-smoker; 2015+ = experimental (1+ cig, <100). MAJOR semantic change.","3.0.0-alpha","2026-01-04","active","v3.0.0: NEW variable (not in V2.1). Raw pass-through of StatCan derived smoking status. Required for pack-years calculation. Categories 1 and 6 comparable across all cycles; categories 2-5 have different meanings pre-2015 vs post-2015. For comparable cross-cycle analyses, use SMKDSTY_cat3 or SMKDSTY_cat5.",""
"SMKDSTY","SMKDSTY_cat6_6","cat","cchs2001_p, cchs2003_p, cchs2005_p, cchs2007_2008_p, cchs2009_2010_p, cchs2011_2012_p, cchs2013_2014_p, cchs2015_2016_p, cchs2017_2018_p, cchs2019_2020_p, cchs2021_p, cchs2022_p, cchs2023_p, cchs2001_m, cchs2003_m, cchs2005_m, cchs2007_2008_m, cchs2009_2010_m, cchs2011_2012_m, cchs2013_2014_m, cchs2015_2016_m, cchs2017_2018_m, cchs2019_2020_m, cchs2021_m, cchs2022_m, cchs2023_m","cchs2001_p::SMKADSTY, cchs2003_p::SMKCDSTY, cchs2005_p::SMKEDSTY, cchs2007_2008_p::SMKDSTY, cchs2009_2010_p::SMKDSTY, cchs2011_2012_p::SMKDSTY, cchs2013_2014_p::SMKDSTY, cchs2015_2016_p::SMKDVSTY, cchs2017_2018_p::SMKDVSTY, cchs2019_2020_p::SMKDVSTY, cchs2021_p::SMKDVSTY, cchs2022_p::SMKDVSTY, cchs2023_p::SMKDVSTY, cchs2001_m::SMKADSTY, cchs2003_m::SMKCDSTY, cchs2005_m::SMKEDSTY, cchs2007_2008_m::SMKDSTY, cchs2009_2010_m::SMKDSTY, cchs2011_2012_m::SMKDSTY, cchs2013_2014_m::SMKDSTY, cchs2015_2016_m::SMKDVSTY, cchs2017_2018_m::SMKDVSTY, cchs2019_2020_m::SMKDVSTY, cchs2021_m::SMKDVSTY, cchs2022_m::SMKDVSTY, cchs2023_m::SMKDVSTY","","cat","6","6","Never smoked","Never smoked a whole cigarette (all cycles)","N/A","6","6","Smoking type (raw)","Type of smoker derived (6-category, raw pass-through)","Same meaning all cycles","3.0.0-alpha","2026-01-04","active","v3.0.0: NEW variable (not in V2.1). Raw pass-through of StatCan derived smoking status. Required for pack-years calculation. Categories 1 and 6 comparable across all cycles; categories 2-5 have different meanings pre-2015 vs post-2015. For comparable cross-cycle analyses, use SMKDSTY_cat3 or SMKDSTY_cat5.",""
"SMKDSTY","SMKDSTY_cat6_NAb","cat","cchs2001_p, cchs2003_p, cchs2005_p, cchs2007_2008_p, cchs2009_2010_p, cchs2011_2012_p, cchs2013_2014_p, cchs2015_2016_p, cchs2017_2018_p, cchs2019_2020_p, cchs2021_p, cchs2022_p, cchs2023_p, cchs2001_m, cchs2003_m, cchs2005_m, cchs2007_2008_m, cchs2009_2010_m, cchs2011_2012_m, cchs2013_2014_m, cchs2015_2016_m, cchs2017_2018_m, cchs2019_2020_m, cchs2021_m, cchs2022_m, cchs2023_m","cchs2001_p::SMKADSTY, cchs2003_p::SMKCDSTY, cchs2005_p::SMKEDSTY, cchs2007_2008_p::SMKDSTY, cchs2009_2010_p::SMKDSTY, cchs2011_2012_p::SMKDSTY, cchs2013_2014_p::SMKDSTY, cchs2015_2016_p::SMKDVSTY, cchs2017_2018_p::SMKDVSTY, cchs2019_2020_p::SMKDVSTY, cchs2021_p::SMKDVSTY, cchs2022_p::SMKDVSTY, cchs2023_p::SMKDVSTY, cchs2001_m::SMKADSTY, cchs2003_m::SMKCDSTY, cchs2005_m::SMKEDSTY, cchs2007_2008_m::SMKDSTY, cchs2009_2010_m::SMKDSTY, cchs2011_2012_m::SMKDSTY, cchs2013_2014_m::SMKDSTY, cchs2015_2016_m::SMKDVSTY, cchs2017_2018_m::SMKDVSTY, cchs2019_2020_m::SMKDVSTY, cchs2021_m::SMKDVSTY, cchs2022_m::SMKDVSTY, cchs2023_m::SMKDVSTY","","cat","NA::b","6","Missing","Not stated","N/A","[97,99]","97-99","Smoking type (raw)","Type of smoker derived (6-category, raw pass-through)","","3.0.0-alpha","2026-01-04","active","v3.0.0: NEW variable (not in V2.1). Raw pass-through of StatCan derived smoking status. Required for pack-years calculation. Categories 1 and 6 comparable across all cycles; categories 2-5 have different meanings pre-2015 vs post-2015. For comparable cross-cycle analyses, use SMKDSTY_cat3 or SMKDSTY_cat5.",""
"SMKDSTY","SMKDSTY_cat6_NAb","cat","cchs2001_p, cchs2003_p, cchs2005_p, cchs2007_2008_p, cchs2009_2010_p, cchs2011_2012_p, cchs2013_2014_p, cchs2015_2016_p, cchs2017_2018_p, cchs2019_2020_p, cchs2021_p, cchs2022_p, cchs2023_p, cchs2001_m, cchs2003_m, cchs2005_m, cchs2007_2008_m, cchs2009_2010_m, cchs2011_2012_m, cchs2013_2014_m, cchs2015_2016_m, cchs2017_2018_m, cchs2019_2020_m, cchs2021_m, cchs2022_m, cchs2023_m","cchs2001_p::SMKADSTY, cchs2003_p::SMKCDSTY, cchs2005_p::SMKEDSTY, cchs2007_2008_p::SMKDSTY, cchs2009_2010_p::SMKDSTY, cchs2011_2012_p::SMKDSTY, cchs2013_2014_p::SMKDSTY, cchs2015_2016_p::SMKDVSTY, cchs2017_2018_p::SMKDVSTY, cchs2019_2020_p::SMKDVSTY, cchs2021_p::SMKDVSTY, cchs2022_p::SMKDVSTY, cchs2023_p::SMKDVSTY, cchs2001_m::SMKADSTY, cchs2003_m::SMKCDSTY, cchs2005_m::SMKEDSTY, cchs2007_2008_m::SMKDSTY, cchs2009_2010_m::SMKDSTY, cchs2011_2012_m::SMKDSTY, cchs2013_2014_m::SMKDSTY, cchs2015_2016_m::SMKDVSTY, cchs2017_2018_m::SMKDVSTY, cchs2019_2020_m::SMKDVSTY, cchs2021_m::SMKDVSTY, cchs2022_m::SMKDVSTY, cchs2023_m::SMKDVSTY","","cat","NA::b","6","Missing","Not stated","N/A","else","else","Smoking type (raw)","Type of smoker derived (6-category, raw pass-through)","","3.0.0-alpha","2026-01-04","active","v3.0.0: NEW variable (not in V2.1). Raw pass-through of StatCan derived smoking status. Required for pack-years calculation. Categories 1 and 6 comparable across all cycles; categories 2-5 have different meanings pre-2015 vs post-2015. For comparable cross-cycle analyses, use SMKDSTY_cat3 or SMKDSTY_cat5.",""
"SMKDSTY_A","SMKDSTY_A_cat6_1","cat","cchs2001_m, cchs2001_p, cchs2003_m, cchs2003_p, cchs2005_m, cchs2005_p, cchs2007_2008_m, cchs2007_2008_p, cchs2009_2010_m, cchs2009_2010_p, cchs2011_2012_m, cchs2011_2012_p, cchs2013_2014_m, cchs2013_2014_p","cchs2001_p::SMKADSTY, cchs2003_p::SMKCDSTY, cchs2005_p::SMKEDSTY, cchs2001_m::SMKADSTY, cchs2003_m::SMKCDSTY, cchs2005_m::SMKEDSTY, [SMKDSTY]","ICES confirmed","cat","1","6","Daily","Daily smoker","N/A","1","Daily","Smoking status","Type of smoker: daily, occasional, always occasional, former daily, former occasional, never","Pre-2015 category structure for all cycles. Available 2001-2018 PUMF, 2001-2023 Master. 2015+ values derived from SMK_202, SMK_05D, SMK_01A.","3.0.0-alpha","2026-01-04","active","v3.0.0: Extended from V2.1 with 2019-2023 Master coverage. Uses calculate_SMKDSTY_A() for 2015+ cycles to maintain pre-2015 category definitions. PUMF derivation validated through 2018.",""
"SMKDSTY_A","SMKDSTY_A_cat6_2","cat","cchs2001_m, cchs2001_p, cchs2003_m, cchs2003_p, cchs2005_m, cchs2005_p, cchs2007_2008_m, cchs2007_2008_p, cchs2009_2010_m, cchs2009_2010_p, cchs2011_2012_m, cchs2011_2012_p, cchs2013_2014_m, cchs2013_2014_p","cchs2001_p::SMKADSTY, cchs2003_p::SMKCDSTY, cchs2005_p::SMKEDSTY, cchs2001_m::SMKADSTY, cchs2003_m::SMKCDSTY, cchs2005_m::SMKEDSTY, [SMKDSTY]","ICES confirmed","cat","2","6","Occ (fmr daily)","Former daily current occasional smoker","N/A","2","Occasional","Smoking status","Type of smoker: daily, occasional, always occasional, former daily, former occasional, never","Pre-2015 category structure for all cycles. Available 2001-2018 PUMF, 2001-2023 Master. 2015+ values derived from SMK_202, SMK_05D, SMK_01A.","3.0.0-alpha","2026-01-04","active","v3.0.0: Extended from V2.1 with 2019-2023 Master coverage. Uses calculate_SMKDSTY_A() for 2015+ cycles to maintain pre-2015 category definitions. PUMF derivation validated through 2018.",""
"SMKDSTY_A","SMKDSTY_A_cat6_3","cat","cchs2001_m, cchs2001_p, cchs2003_m, cchs2003_p, cchs2005_m, cchs2005_p, cchs2007_2008_m, cchs2007_2008_p, cchs2009_2010_m, cchs2009_2010_p, cchs2011_2012_m, cchs2011_2012_p, cchs2013_2014_m, cchs2013_2014_p","cchs2001_p::SMKADSTY, cchs2003_p::SMKCDSTY, cchs2005_p::SMKEDSTY, cchs2001_m::SMKADSTY, cchs2003_m::SMKCDSTY, cchs2005_m::SMKEDSTY, [SMKDSTY]","ICES confirmed","cat","3","6","Always occasional","Never daily current occasional smoker","N/A","3","Always occasional","Smoking status","Type of smoker: daily, occasional, always occasional, former daily, former occasional, never","Pre-2015 category structure for all cycles. Available 2001-2018 PUMF, 2001-2023 Master. 2015+ values derived from SMK_202, SMK_05D, SMK_01A.","3.0.0-alpha","2026-01-04","active","v3.0.0: Extended from V2.1 with 2019-2023 Master coverage. Uses calculate_SMKDSTY_A() for 2015+ cycles to maintain pre-2015 category definitions. PUMF derivation validated through 2018.",""
"SMKDSTY_A","SMKDSTY_A_cat6_4","cat","cchs2001_m, cchs2001_p, cchs2003_m, cchs2003_p, cchs2005_m, cchs2005_p, cchs2007_2008_m, cchs2007_2008_p, cchs2009_2010_m, cchs2009_2010_p, cchs2011_2012_m, cchs2011_2012_p, cchs2013_2014_m, cchs2013_2014_p","cchs2001_p::SMKADSTY, cchs2003_p::SMKCDSTY, cchs2005_p::SMKEDSTY, cchs2001_m::SMKADSTY, cchs2003_m::SMKCDSTY, cchs2005_m::SMKEDSTY, [SMKDSTY]","ICES confirmed","cat","4","6","Former daily","Former daily current nonsmoker","N/A","4","Former daily","Smoking status","Type of smoker: daily, occasional, always occasional, former daily, former occasional, never","Pre-2015 category structure for all cycles. Available 2001-2018 PUMF, 2001-2023 Master. 2015+ values derived from SMK_202, SMK_05D, SMK_01A.","3.0.0-alpha","2026-01-04","active","v3.0.0: Extended from V2.1 with 2019-2023 Master coverage. Uses calculate_SMKDSTY_A() for 2015+ cycles to maintain pre-2015 category definitions. PUMF derivation validated through 2018.",""
"SMKDSTY_A","SMKDSTY_A_cat6_5","cat","cchs2001_m, cchs2001_p, cchs2003_m, cchs2003_p, cchs2005_m, cchs2005_p, cchs2007_2008_m, cchs2007_2008_p, cchs2009_2010_m, cchs2009_2010_p, cchs2011_2012_m, cchs2011_2012_p, cchs2013_2014_m, cchs2013_2014_p","cchs2001_p::SMKADSTY, cchs2003_p::SMKCDSTY, cchs2005_p::SMKEDSTY, cchs2001_m::SMKADSTY, cchs2003_m::SMKCDSTY, cchs2005_m::SMKEDSTY, [SMKDSTY]","ICES confirmed","cat","5","6","Former occasional","Never daily current nonsmoker (former occasional)","N/A","5","Former occasional","Smoking status","Type of smoker: daily, occasional, always occasional, former daily, former occasional, never","Pre-2015 category structure for all cycles. Available 2001-2018 PUMF, 2001-2023 Master. 2015+ values derived from SMK_202, SMK_05D, SMK_01A.","3.0.0-alpha","2026-01-04","active","v3.0.0: Extended from V2.1 with 2019-2023 Master coverage. Uses calculate_SMKDSTY_A() for 2015+ cycles to maintain pre-2015 category definitions. PUMF derivation validated through 2018.",""
"SMKDSTY_A","SMKDSTY_A_cat6_6","cat","cchs2001_m, cchs2001_p, cchs2003_m, cchs2003_p, cchs2005_m, cchs2005_p, cchs2007_2008_m, cchs2007_2008_p, cchs2009_2010_m, cchs2009_2010_p, cchs2011_2012_m, cchs2011_2012_p, cchs2013_2014_m, cchs2013_2014_p","cchs2001_p::SMKADSTY, cchs2003_p::SMKCDSTY, cchs2005_p::SMKEDSTY, cchs2001_m::SMKADSTY, cchs2003_m::SMKCDSTY, cchs2005_m::SMKEDSTY, [SMKDSTY]","ICES confirmed","cat","6","6","Never smoked","Never smoked","N/A","6","Never smoked","Smoking status","Type of smoker: daily, occasional, always occasional, former daily, former occasional, never","Pre-2015 category structure for all cycles. Available 2001-2018 PUMF, 2001-2023 Master. 2015+ values derived from SMK_202, SMK_05D, SMK_01A.","3.0.0-alpha","2026-01-04","active","v3.0.0: Extended from V2.1 with 2019-2023 Master coverage. Uses calculate_SMKDSTY_A() for 2015+ cycles to maintain pre-2015 category definitions. PUMF derivation validated through 2018.",""
"SMKDSTY_A","SMKDSTY_A_cat6_NAa","cat","cchs2001_m, cchs2001_p, cchs2003_m, cchs2003_p, cchs2005_m, cchs2005_p, cchs2007_2008_m, cchs2007_2008_p, cchs2009_2010_m, cchs2009_2010_p, cchs2011_2012_m, cchs2011_2012_p, cchs2013_2014_m, cchs2013_2014_p","cchs2001_p::SMKADSTY, cchs2003_p::SMKCDSTY, cchs2005_p::SMKEDSTY, cchs2001_m::SMKADSTY, cchs2003_m::SMKCDSTY, cchs2005_m::SMKEDSTY, [SMKDSTY]","ICES confirmed","cat","NA::a","6","not applicable","not applicable","N/A","96","not applicable","Smoking status","Type of smoker: daily, occasional, always occasional, former daily, former occasional, never","Pre-2015 category structure for all cycles. Available 2001-2018 PUMF, 2001-2023 Master. 2015+ values derived from SMK_202, SMK_05D, SMK_01A.","3.0.0-alpha","2026-01-04","active","v3.0.0: Extended from V2.1 with 2019-2023 Master coverage. Uses calculate_SMKDSTY_A() for 2015+ cycles to maintain pre-2015 category definitions. PUMF derivation validated through 2018.",""
"SMKDSTY_A","SMKDSTY_A_cat6_NAb","cat","cchs2001_m, cchs2001_p, cchs2003_m, cchs2003_p, cchs2005_m, cchs2005_p, cchs2007_2008_m, cchs2007_2008_p, cchs2009_2010_m, cchs2009_2010_p, cchs2011_2012_m, cchs2011_2012_p, cchs2013_2014_m, cchs2013_2014_p","cchs2001_p::SMKADSTY, cchs2003_p::SMKCDSTY, cchs2005_p::SMKEDSTY, cchs2001_m::SMKADSTY, cchs2003_m::SMKCDSTY, cchs2005_m::SMKEDSTY, [SMKDSTY]","ICES confirmed","cat","NA::b","6","Missing","missing","N/A","[97,99]","don't know (97); refusal (98); not stated (99)","Smoking status","Type of smoker: daily, occasional, always occasional, former daily, former occasional, never","Pre-2015 category structure for all cycles. Available 2001-2018 PUMF, 2001-2023 Master. 2015+ values derived from SMK_202, SMK_05D, SMK_01A.","3.0.0-alpha","2026-01-04","active","v3.0.0: Extended from V2.1 with 2019-2023 Master coverage. Uses calculate_SMKDSTY_A() for 2015+ cycles to maintain pre-2015 category definitions. PUMF derivation validated through 2018.",""
"SMKDSTY_A","SMKDSTY_A_cat6_NAb","cat","cchs2001_m, cchs2001_p, cchs2003_m, cchs2003_p, cchs2005_m, cchs2005_p, cchs2007_2008_m, cchs2007_2008_p, cchs2009_2010_m, cchs2009_2010_p, cchs2011_2012_m, cchs2011_2012_p, cchs2013_2014_m, cchs2013_2014_p","cchs2001_p::SMKADSTY, cchs2003_p::SMKCDSTY, cchs2005_p::SMKEDSTY, cchs2001_m::SMKADSTY, cchs2003_m::SMKCDSTY, cchs2005_m::SMKEDSTY, [SMKDSTY]","ICES confirmed","cat","NA::b","6","Missing","missing","N/A","else","else","Smoking status","Type of smoker: daily, occasional, always occasional, former daily, former occasional, never","Pre-2015 category structure for all cycles. Available 2001-2018 PUMF, 2001-2023 Master. 2015+ values derived from SMK_202, SMK_05D, SMK_01A.","3.0.0-alpha","2026-01-04","active","v3.0.0: Extended from V2.1 with 2019-2023 Master coverage. Uses calculate_SMKDSTY_A() for 2015+ cycles to maintain pre-2015 category definitions. PUMF derivation validated through 2018.",""
"SMKDSTY_A","N/A","cat","cchs2015_2016_p, cchs2017_2018_p, cchs2015_2016_m, cchs2017_2018_m, cchs2019_2020_m, cchs2021_m, cchs2022_m, cchs2023_m","DerivedVar::[SMK_202, SMK_05D, SMK_01A]","ICES confirmed","N/A","Func::calculate_SMKDSTY_A","N/A","N/A","N/A","N/A","N/A","N/A","Smoking status","Type of smoker: daily, occasional, always occasional, former daily, former occasional, never","Pre-2015 category structure for all cycles. Available 2001-2018 PUMF, 2001-2023 Master. 2015+ values derived from SMK_202, SMK_05D, SMK_01A.","3.0.0-alpha","2026-01-04","active","v3.0.0: Extended from V2.1 with 2019-2023 Master coverage. Uses calculate_SMKDSTY_A() for 2015+ cycles to maintain pre-2015 category definitions. PUMF derivation validated through 2018.","No typeStart"
"SMKDSTY_A","SMKDSTY_A_cat6_1","cat","cchs2015_2016_p, cchs2017_2018_p, cchs2015_2016_m, cchs2017_2018_m, cchs2019_2020_m, cchs2021_m, cchs2022_m, cchs2023_m","DerivedVar::[SMK_202, SMK_05D, SMK_01A]","ICES confirmed","N/A","1","6","Daily","Daily smoker","N/A","N/A","Daily","Smoking status","Type of smoker: daily, occasional, always occasional, former daily, former occasional, never","Pre-2015 category structure for all cycles. Available 2001-2018 PUMF, 2001-2023 Master. 2015+ values derived from SMK_202, SMK_05D, SMK_01A.","3.0.0-alpha","2026-01-04","active","v3.0.0: Extended from V2.1 with 2019-2023 Master coverage. Uses calculate_SMKDSTY_A() for 2015+ cycles to maintain pre-2015 category definitions. PUMF derivation validated through 2018.","No typeStart"
"SMKDSTY_A","SMKDSTY_A_cat6_2","cat","cchs2015_2016_p, cchs2017_2018_p, cchs2015_2016_m, cchs2017_2018_m, cchs2019_2020_m, cchs2021_m, cchs2022_m, cchs2023_m","DerivedVar::[SMK_202, SMK_05D, SMK_01A]","ICES confirmed","N/A","2","6","Occ (fmr daily)","Former daily current occasional smoker","N/A","N/A","Occasional","Smoking status","Type of smoker: daily, occasional, always occasional, former daily, former occasional, never","Pre-2015 category structure for all cycles. Available 2001-2018 PUMF, 2001-2023 Master. 2015+ values derived from SMK_202, SMK_05D, SMK_01A.","3.0.0-alpha","2026-01-04","active","v3.0.0: Extended from V2.1 with 2019-2023 Master coverage. Uses calculate_SMKDSTY_A() for 2015+ cycles to maintain pre-2015 category definitions. PUMF derivation validated through 2018.","No typeStart"
"SMKDSTY_A","SMKDSTY_A_cat6_3","cat","cchs2015_2016_p, cchs2017_2018_p, cchs2015_2016_m, cchs2017_2018_m, cchs2019_2020_m, cchs2021_m, cchs2022_m, cchs2023_m","DerivedVar::[SMK_202, SMK_05D, SMK_01A]","ICES confirmed","N/A","3","6","Always occasional","Never daily current occasional smoker","N/A","N/A","Always occasional","Smoking status","Type of smoker: daily, occasional, always occasional, former daily, former occasional, never","Pre-2015 category structure for all cycles. Available 2001-2018 PUMF, 2001-2023 Master. 2015+ values derived from SMK_202, SMK_05D, SMK_01A.","3.0.0-alpha","2026-01-04","active","v3.0.0: Extended from V2.1 with 2019-2023 Master coverage. Uses calculate_SMKDSTY_A() for 2015+ cycles to maintain pre-2015 category definitions. PUMF derivation validated through 2018.","No typeStart"
"SMKDSTY_A","SMKDSTY_A_cat6_4","cat","cchs2015_2016_p, cchs2017_2018_p, cchs2015_2016_m, cchs2017_2018_m, cchs2019_2020_m, cchs2021_m, cchs2022_m, cchs2023_m","DerivedVar::[SMK_202, SMK_05D, SMK_01A]","ICES confirmed","N/A","4","6","Former daily","Former daily current nonsmoker","N/A","N/A","Former daily","Smoking status","Type of smoker: daily, occasional, always occasional, former daily, former occasional, never","Pre-2015 category structure for all cycles. Available 2001-2018 PUMF, 2001-2023 Master. 2015+ values derived from SMK_202, SMK_05D, SMK_01A.","3.0.0-alpha","2026-01-04","active","v3.0.0: Extended from V2.1 with 2019-2023 Master coverage. Uses calculate_SMKDSTY_A() for 2015+ cycles to maintain pre-2015 category definitions. PUMF derivation validated through 2018.","No typeStart"
"SMKDSTY_A","SMKDSTY_A_cat6_5","cat","cchs2015_2016_p, cchs2017_2018_p, cchs2015_2016_m, cchs2017_2018_m, cchs2019_2020_m, cchs2021_m, cchs2022_m, cchs2023_m","DerivedVar::[SMK_202, SMK_05D, SMK_01A]","ICES confirmed","N/A","5","6","Former occasional","Never daily current nonsmoker (former occasional)","N/A","N/A","Former occasional","Smoking status","Type of smoker: daily, occasional, always occasional, former daily, former occasional, never","Pre-2015 category structure for all cycles. Available 2001-2018 PUMF, 2001-2023 Master. 2015+ values derived from SMK_202, SMK_05D, SMK_01A.","3.0.0-alpha","2026-01-04","active","v3.0.0: Extended from V2.1 with 2019-2023 Master coverage. Uses calculate_SMKDSTY_A() for 2015+ cycles to maintain pre-2015 category definitions. PUMF derivation validated through 2018.","No typeStart"
"SMKDSTY_A","SMKDSTY_A_cat6_6","cat","cchs2015_2016_p, cchs2017_2018_p, cchs2015_2016_m, cchs2017_2018_m, cchs2019_2020_m, cchs2021_m, cchs2022_m, cchs2023_m","DerivedVar::[SMK_202, SMK_05D, SMK_01A]","ICES confirmed","N/A","6","6","Never smoked","Never smoked","N/A","N/A","Never smoked","Smoking status","Type of smoker: daily, occasional, always occasional, former daily, former occasional, never","Pre-2015 category structure for all cycles. Available 2001-2018 PUMF, 2001-2023 Master. 2015+ values derived from SMK_202, SMK_05D, SMK_01A.","3.0.0-alpha","2026-01-04","active","v3.0.0: Extended from V2.1 with 2019-2023 Master coverage. Uses calculate_SMKDSTY_A() for 2015+ cycles to maintain pre-2015 category definitions. PUMF derivation validated through 2018.","No typeStart"
"SMKDSTY_A","SMKDSTY_A_cat6_NAa","cat","cchs2015_2016_p, cchs2017_2018_p, cchs2015_2016_m, cchs2017_2018_m, cchs2019_2020_m, cchs2021_m, cchs2022_m, cchs2023_m","DerivedVar::[SMK_202, SMK_05D, SMK_01A]","ICES confirmed","N/A","NA::a","6","not applicable","not applicable","N/A","N/A","not applicable","Smoking status","Type of smoker: daily, occasional, always occasional, former daily, former occasional, never","Pre-2015 category structure for all cycles. Available 2001-2018 PUMF, 2001-2023 Master. 2015+ values derived from SMK_202, SMK_05D, SMK_01A.","3.0.0-alpha","2026-01-04","active","v3.0.0: Extended from V2.1 with 2019-2023 Master coverage. Uses calculate_SMKDSTY_A() for 2015+ cycles to maintain pre-2015 category definitions. PUMF derivation validated through 2018.","No typeStart"
"SMKDSTY_A","SMKDSTY_A_cat6_NAb","cat","cchs2015_2016_p, cchs2017_2018_p, cchs2015_2016_m, cchs2017_2018_m, cchs2019_2020_m, cchs2021_m, cchs2022_m, cchs2023_m","DerivedVar::[SMK_202, SMK_05D, SMK_01A]","ICES confirmed","N/A","NA::b","6","Missing","missing","N/A","N/A","missing","Smoking status","Type of smoker: daily, occasional, always occasional, former daily, former occasional, never","Pre-2015 category structure for all cycles. Available 2001-2018 PUMF, 2001-2023 Master. 2015+ values derived from SMK_202, SMK_05D, SMK_01A.","3.0.0-alpha","2026-01-04","active","v3.0.0: Extended from V2.1 with 2019-2023 Master coverage. Uses calculate_SMKDSTY_A() for 2015+ cycles to maintain pre-2015 category definitions. PUMF derivation validated through 2018.","No typeStart"
"SMKDSTY_B","SMKDSTY_B_cat6_1","cat","cchs2015_2016_p, cchs2017_2018_p, cchs2019_2020_p, cchs2021_p, cchs2022_p, cchs2023_p, cchs2015_2016_m, cchs2017_2018_m, cchs2019_2020_m, cchs2021_m, cchs2022_m, cchs2023_m, cchs2009_2010_m, cchs2011_2012_m, cchs2013_2014_m, cchs2009_2010_p, cchs2011_2012_p, cchs2013_2014_p","cchs2009_2010_m::SMKDSTY, cchs2011_2012_m::SMKDSTY, cchs2013_2014_m::SMKDSTY, cchs2009_2010_p::SMKDSTY, cchs2011_2012_p::SMKDSTY, cchs2013_2014_p::SMKDSTY, [SMKDVSTY]","yes","cat","1","6","Daily","Current daily smoker","N/A","1","Daily","Smoking status","Type of smoker: daily, occasional, former daily, former occasional, experimental, never","2015+ only. Direct SMKDVSTY pass-through. Not available pre-2015; use SMKDSTY_A for earlier cycles or SMKDSTY_cat3/cat5 for full cross-cycle coverage.","3.0.0-alpha","2026-01-04","active","v3.0.0: 2015+ category structure including 'experimental smoker' (category 5). Extended from V2.1 with 2019-2023 coverage. For analyses spanning pre-2015 and post-2015, use SMKDSTY_cat3 or SMKDSTY_cat5.",""
"SMKDSTY_B","SMKDSTY_B_cat6_2","cat","cchs2015_2016_p, cchs2017_2018_p, cchs2019_2020_p, cchs2021_p, cchs2022_p, cchs2023_p, cchs2015_2016_m, cchs2017_2018_m, cchs2019_2020_m, cchs2021_m, cchs2022_m, cchs2023_m, cchs2009_2010_m, cchs2011_2012_m, cchs2013_2014_m, cchs2009_2010_p, cchs2011_2012_p, cchs2013_2014_p","cchs2009_2010_m::SMKDSTY, cchs2011_2012_m::SMKDSTY, cchs2013_2014_m::SMKDSTY, cchs2009_2010_p::SMKDSTY, cchs2011_2012_p::SMKDSTY, cchs2013_2014_p::SMKDSTY, [SMKDVSTY]","yes","cat","2","6","Occasional","Current occasional smoker","N/A","2","Occasional","Smoking status","Type of smoker: daily, occasional, former daily, former occasional, experimental, never","2015+ only. Direct SMKDVSTY pass-through. Not available pre-2015; use SMKDSTY_A for earlier cycles or SMKDSTY_cat3/cat5 for full cross-cycle coverage.","3.0.0-alpha","2026-01-04","active","v3.0.0: 2015+ category structure including 'experimental smoker' (category 5). Extended from V2.1 with 2019-2023 coverage. For analyses spanning pre-2015 and post-2015, use SMKDSTY_cat3 or SMKDSTY_cat5.",""
"SMKDSTY_B","SMKDSTY_B_cat6_3","cat","cchs2015_2016_p, cchs2017_2018_p, cchs2019_2020_p, cchs2021_p, cchs2022_p, cchs2023_p, cchs2015_2016_m, cchs2017_2018_m, cchs2019_2020_m, cchs2021_m, cchs2022_m, cchs2023_m, cchs2009_2010_m, cchs2011_2012_m, cchs2013_2014_m, cchs2009_2010_p, cchs2011_2012_p, cchs2013_2014_p","cchs2009_2010_m::SMKDSTY, cchs2011_2012_m::SMKDSTY, cchs2013_2014_m::SMKDSTY, cchs2009_2010_p::SMKDSTY, cchs2011_2012_p::SMKDSTY, cchs2013_2014_p::SMKDSTY, [SMKDVSTY]","yes","cat","3","6","Former daily","Former daily smoker (non-smoker now)","N/A","3","Former daily","Smoking status","Type of smoker: daily, occasional, former daily, former occasional, experimental, never","2015+ only. Direct SMKDVSTY pass-through. Not available pre-2015; use SMKDSTY_A for earlier cycles or SMKDSTY_cat3/cat5 for full cross-cycle coverage.","3.0.0-alpha","2026-01-04","active","v3.0.0: 2015+ category structure including 'experimental smoker' (category 5). Extended from V2.1 with 2019-2023 coverage. For analyses spanning pre-2015 and post-2015, use SMKDSTY_cat3 or SMKDSTY_cat5.",""
"SMKDSTY_B","SMKDSTY_B_cat6_4","cat","cchs2015_2016_p, cchs2017_2018_p, cchs2019_2020_p, cchs2021_p, cchs2022_p, cchs2023_p, cchs2015_2016_m, cchs2017_2018_m, cchs2019_2020_m, cchs2021_m, cchs2022_m, cchs2023_m, cchs2009_2010_m, cchs2011_2012_m, cchs2013_2014_m, cchs2009_2010_p, cchs2011_2012_p, cchs2013_2014_p","cchs2009_2010_m::SMKDSTY, cchs2011_2012_m::SMKDSTY, cchs2013_2014_m::SMKDSTY, cchs2009_2010_p::SMKDSTY, cchs2011_2012_p::SMKDSTY, cchs2013_2014_p::SMKDSTY, [SMKDVSTY]","yes","cat","4","6","Former occasional","Former occasional (non-smoker now)","N/A","4","Former occasional","Smoking status","Type of smoker: daily, occasional, former daily, former occasional, experimental, never","2015+ only. Direct SMKDVSTY pass-through. Not available pre-2015; use SMKDSTY_A for earlier cycles or SMKDSTY_cat3/cat5 for full cross-cycle coverage.","3.0.0-alpha","2026-01-04","active","v3.0.0: 2015+ category structure including 'experimental smoker' (category 5). Extended from V2.1 with 2019-2023 coverage. For analyses spanning pre-2015 and post-2015, use SMKDSTY_cat3 or SMKDSTY_cat5.",""
"SMKDSTY_B","SMKDSTY_B_cat6_5","cat","cchs2015_2016_p, cchs2017_2018_p, cchs2019_2020_p, cchs2021_p, cchs2022_p, cchs2023_p, cchs2015_2016_m, cchs2017_2018_m, cchs2019_2020_m, cchs2021_m, cchs2022_m, cchs2023_m, cchs2009_2010_m, cchs2011_2012_m, cchs2013_2014_m, cchs2009_2010_p, cchs2011_2012_p, cchs2013_2014_p","cchs2009_2010_m::SMKDSTY, cchs2011_2012_m::SMKDSTY, cchs2013_2014_m::SMKDSTY, cchs2009_2010_p::SMKDSTY, cchs2011_2012_p::SMKDSTY, cchs2013_2014_p::SMKDSTY, [SMKDVSTY]","yes","cat","5","6","Experimental","Experimental smoker (at least 1 cig, non-smoker now)","N/A","5","Experimental","Smoking status","Type of smoker: daily, occasional, former daily, former occasional, experimental, never","2015+ only. Direct SMKDVSTY pass-through. Not available pre-2015; use SMKDSTY_A for earlier cycles or SMKDSTY_cat3/cat5 for full cross-cycle coverage.","3.0.0-alpha","2026-01-04","active","v3.0.0: 2015+ category structure including 'experimental smoker' (category 5). Extended from V2.1 with 2019-2023 coverage. For analyses spanning pre-2015 and post-2015, use SMKDSTY_cat3 or SMKDSTY_cat5.",""
"SMKDSTY_B","SMKDSTY_B_cat6_6","cat","cchs2015_2016_p, cchs2017_2018_p, cchs2019_2020_p, cchs2021_p, cchs2022_p, cchs2023_p, cchs2015_2016_m, cchs2017_2018_m, cchs2019_2020_m, cchs2021_m, cchs2022_m, cchs2023_m, cchs2009_2010_m, cchs2011_2012_m, cchs2013_2014_m, cchs2009_2010_p, cchs2011_2012_p, cchs2013_2014_p","cchs2009_2010_m::SMKDSTY, cchs2011_2012_m::SMKDSTY, cchs2013_2014_m::SMKDSTY, cchs2009_2010_p::SMKDSTY, cchs2011_2012_p::SMKDSTY, cchs2013_2014_p::SMKDSTY, [SMKDVSTY]","yes","cat","6","6","Never smoked","Never smoked","N/A","6","Never smoked","Smoking status","Type of smoker: daily, occasional, former daily, former occasional, experimental, never","2015+ only. Direct SMKDVSTY pass-through. Not available pre-2015; use SMKDSTY_A for earlier cycles or SMKDSTY_cat3/cat5 for full cross-cycle coverage.","3.0.0-alpha","2026-01-04","active","v3.0.0: 2015+ category structure including 'experimental smoker' (category 5). Extended from V2.1 with 2019-2023 coverage. For analyses spanning pre-2015 and post-2015, use SMKDSTY_cat3 or SMKDSTY_cat5.",""
"SMKDSTY_B","SMKDSTY_B_cat6_NAa","cat","cchs2015_2016_p, cchs2017_2018_p, cchs2019_2020_p, cchs2021_p, cchs2022_p, cchs2023_p, cchs2015_2016_m, cchs2017_2018_m, cchs2019_2020_m, cchs2021_m, cchs2022_m, cchs2023_m, cchs2009_2010_m, cchs2011_2012_m, cchs2013_2014_m, cchs2009_2010_p, cchs2011_2012_p, cchs2013_2014_p","cchs2009_2010_m::SMKDSTY, cchs2011_2012_m::SMKDSTY, cchs2013_2014_m::SMKDSTY, cchs2009_2010_p::SMKDSTY, cchs2011_2012_p::SMKDSTY, cchs2013_2014_p::SMKDSTY, [SMKDVSTY]","yes","cat","NA::a","6","not applicable","not applicable","N/A","96","not applicable","Smoking status","Type of smoker: daily, occasional, former daily, former occasional, experimental, never","2015+ only. Direct SMKDVSTY pass-through. Not available pre-2015; use SMKDSTY_A for earlier cycles or SMKDSTY_cat3/cat5 for full cross-cycle coverage.","3.0.0-alpha","2026-01-04","active","v3.0.0: 2015+ category structure including 'experimental smoker' (category 5). Extended from V2.1 with 2019-2023 coverage. For analyses spanning pre-2015 and post-2015, use SMKDSTY_cat3 or SMKDSTY_cat5.",""
"SMKDSTY_B","SMKDSTY_B_cat6_NAb","cat","cchs2015_2016_p, cchs2017_2018_p, cchs2019_2020_p, cchs2021_p, cchs2022_p, cchs2023_p, cchs2015_2016_m, cchs2017_2018_m, cchs2019_2020_m, cchs2021_m, cchs2022_m, cchs2023_m, cchs2009_2010_m, cchs2011_2012_m, cchs2013_2014_m, cchs2009_2010_p, cchs2011_2012_p, cchs2013_2014_p","cchs2009_2010_m::SMKDSTY, cchs2011_2012_m::SMKDSTY, cchs2013_2014_m::SMKDSTY, cchs2009_2010_p::SMKDSTY, cchs2011_2012_p::SMKDSTY, cchs2013_2014_p::SMKDSTY, [SMKDVSTY]","yes","cat","NA::b","6","Missing","missing","N/A","[97,99]","don't know (97); refusal (98); not stated (99)","Smoking status","Type of smoker: daily, occasional, former daily, former occasional, experimental, never","2015+ only. Direct SMKDVSTY pass-through. Not available pre-2015; use SMKDSTY_A for earlier cycles or SMKDSTY_cat3/cat5 for full cross-cycle coverage.","3.0.0-alpha","2026-01-04","active","v3.0.0: 2015+ category structure including 'experimental smoker' (category 5). Extended from V2.1 with 2019-2023 coverage. For analyses spanning pre-2015 and post-2015, use SMKDSTY_cat3 or SMKDSTY_cat5.",""
"SMKDSTY_B","SMKDSTY_B_cat6_NAb","cat","cchs2015_2016_p, cchs2017_2018_p, cchs2019_2020_p, cchs2021_p, cchs2022_p, cchs2023_p, cchs2015_2016_m, cchs2017_2018_m, cchs2019_2020_m, cchs2021_m, cchs2022_m, cchs2023_m, cchs2009_2010_m, cchs2011_2012_m, cchs2013_2014_m, cchs2009_2010_p, cchs2011_2012_p, cchs2013_2014_p","cchs2009_2010_m::SMKDSTY, cchs2011_2012_m::SMKDSTY, cchs2013_2014_m::SMKDSTY, cchs2009_2010_p::SMKDSTY, cchs2011_2012_p::SMKDSTY, cchs2013_2014_p::SMKDSTY, [SMKDVSTY]","yes","cat","NA::b","6","Missing","missing","N/A","else","else","Smoking status","Type of smoker: daily, occasional, former daily, former occasional, experimental, never","2015+ only. Direct SMKDVSTY pass-through. Not available pre-2015; use SMKDSTY_A for earlier cycles or SMKDSTY_cat3/cat5 for full cross-cycle coverage.","3.0.0-alpha","2026-01-04","active","v3.0.0: 2015+ category structure including 'experimental smoker' (category 5). Extended from V2.1 with 2019-2023 coverage. For analyses spanning pre-2015 and post-2015, use SMKDSTY_cat3 or SMKDSTY_cat5.",""
"SMKDSTY_cat3","SMKDSTY_cat3_1","cat","cchs2001_m, cchs2001_p, cchs2003_m, cchs2003_p, cchs2005_m, cchs2005_p, cchs2015_2016_m, cchs2015_2016_p, cchs2017_2018_m, cchs2017_2018_p, cchs2019_2020_m, cchs2021_m, cchs2022_m, cchs2023_m, cchs2009_2010_m, cchs2011_2012_m, cchs2013_2014_m, cchs2009_2010_p, cchs2011_2012_p, cchs2013_2014_p","cchs2009_2010_m::SMKDSTY, cchs2011_2012_m::SMKDSTY, cchs2013_2014_m::SMKDSTY, cchs2009_2010_p::SMKDSTY, cchs2011_2012_p::SMKDSTY, cchs2013_2014_p::SMKDSTY, cchs2001_p::SMKADSTY, cchs2003_p::SMKCDSTY, cchs2005_p::SMKEDSTY, cchs2015_2016_p::SMKDVSTY, cchs2017_2018_p::SMKDVSTY, cchs2001_m::SMKADSTY, cchs2003_m::SMKCDSTY, cchs2005_m::SMKEDSTY, cchs2015_2016_m::SMKDVSTY, cchs2017_2018_m::SMKDVSTY, cchs2019_2020_m::SMKDVSTY, cchs2021_m::SMKDVSTY, cchs2022_m::SMKDVSTY, cchs2023_m::SMKDVSTY, [SMKDSTY]","","cat","1","3","Current","Current smoker","N/A","[1,3]","Daily (1); Occasional (2); Always occasional (3)","Smoking status","Type of smoker: current, former, never","Full coverage 2001-2023 PUMF and Master. Collapsed to current/former/never. Recommended for cross-cycle comparisons requiring full comparability.","3.0.0-alpha","2026-01-04","active","v3.0.0: Recommended for cross-cycle analyses. Collapses 6-category SMKDSTY to 3 categories, avoiding all semantic breaks between pre-2015 and post-2015. Extended from V2.1 with 2019-2023 coverage.",""
"SMKDSTY_cat3","SMKDSTY_cat3_2","cat","cchs2001_m, cchs2001_p, cchs2003_m, cchs2003_p, cchs2005_m, cchs2005_p, cchs2015_2016_m, cchs2015_2016_p, cchs2017_2018_m, cchs2017_2018_p, cchs2019_2020_m, cchs2021_m, cchs2022_m, cchs2023_m, cchs2009_2010_m, cchs2011_2012_m, cchs2013_2014_m, cchs2009_2010_p, cchs2011_2012_p, cchs2013_2014_p","cchs2009_2010_m::SMKDSTY, cchs2011_2012_m::SMKDSTY, cchs2013_2014_m::SMKDSTY, cchs2009_2010_p::SMKDSTY, cchs2011_2012_p::SMKDSTY, cchs2013_2014_p::SMKDSTY, cchs2001_p::SMKADSTY, cchs2003_p::SMKCDSTY, cchs2005_p::SMKEDSTY, cchs2015_2016_p::SMKDVSTY, cchs2017_2018_p::SMKDVSTY, cchs2001_m::SMKADSTY, cchs2003_m::SMKCDSTY, cchs2005_m::SMKEDSTY, cchs2015_2016_m::SMKDVSTY, cchs2017_2018_m::SMKDVSTY, cchs2019_2020_m::SMKDVSTY, cchs2021_m::SMKDVSTY, cchs2022_m::SMKDVSTY, cchs2023_m::SMKDVSTY, [SMKDSTY]","","cat","2","3","Former","Former smoker","N/A","[4,5]","Former daily(4); Former occasional (5)","Smoking status","Type of smoker: current, former, never","Full coverage 2001-2023 PUMF and Master. Collapsed to current/former/never. Recommended for cross-cycle comparisons requiring full comparability.","3.0.0-alpha","2026-01-04","active","v3.0.0: Recommended for cross-cycle analyses. Collapses 6-category SMKDSTY to 3 categories, avoiding all semantic breaks between pre-2015 and post-2015. Extended from V2.1 with 2019-2023 coverage.",""
"SMKDSTY_cat3","SMKDSTY_cat3_3","cat","cchs2001_m, cchs2001_p, cchs2003_m, cchs2003_p, cchs2005_m, cchs2005_p, cchs2015_2016_m, cchs2015_2016_p, cchs2017_2018_m, cchs2017_2018_p, cchs2019_2020_m, cchs2021_m, cchs2022_m, cchs2023_m, cchs2009_2010_m, cchs2011_2012_m, cchs2013_2014_m, cchs2009_2010_p, cchs2011_2012_p, cchs2013_2014_p","cchs2009_2010_m::SMKDSTY, cchs2011_2012_m::SMKDSTY, cchs2013_2014_m::SMKDSTY, cchs2009_2010_p::SMKDSTY, cchs2011_2012_p::SMKDSTY, cchs2013_2014_p::SMKDSTY, cchs2001_p::SMKADSTY, cchs2003_p::SMKCDSTY, cchs2005_p::SMKEDSTY, cchs2015_2016_p::SMKDVSTY, cchs2017_2018_p::SMKDVSTY, cchs2001_m::SMKADSTY, cchs2003_m::SMKCDSTY, cchs2005_m::SMKEDSTY, cchs2015_2016_m::SMKDVSTY, cchs2017_2018_m::SMKDVSTY, cchs2019_2020_m::SMKDVSTY, cchs2021_m::SMKDVSTY, cchs2022_m::SMKDVSTY, cchs2023_m::SMKDVSTY, [SMKDSTY]","","cat","3","3","Never smoked","Never smoked","N/A","6","Never smoked","Smoking status","Type of smoker: current, former, never","Full coverage 2001-2023 PUMF and Master. Collapsed to current/former/never. Recommended for cross-cycle comparisons requiring full comparability.","3.0.0-alpha","2026-01-04","active","v3.0.0: Recommended for cross-cycle analyses. Collapses 6-category SMKDSTY to 3 categories, avoiding all semantic breaks between pre-2015 and post-2015. Extended from V2.1 with 2019-2023 coverage.",""
"SMKDSTY_cat3","SMKDSTY_cat3_NAa","cat","cchs2001_m, cchs2001_p, cchs2003_m, cchs2003_p, cchs2005_m, cchs2005_p, cchs2015_2016_m, cchs2015_2016_p, cchs2017_2018_m, cchs2017_2018_p, cchs2019_2020_m, cchs2021_m, cchs2022_m, cchs2023_m, cchs2009_2010_m, cchs2011_2012_m, cchs2013_2014_m, cchs2009_2010_p, cchs2011_2012_p, cchs2013_2014_p","cchs2009_2010_m::SMKDSTY, cchs2011_2012_m::SMKDSTY, cchs2013_2014_m::SMKDSTY, cchs2009_2010_p::SMKDSTY, cchs2011_2012_p::SMKDSTY, cchs2013_2014_p::SMKDSTY, cchs2001_p::SMKADSTY, cchs2003_p::SMKCDSTY, cchs2005_p::SMKEDSTY, cchs2015_2016_p::SMKDVSTY, cchs2017_2018_p::SMKDVSTY, cchs2001_m::SMKADSTY, cchs2003_m::SMKCDSTY, cchs2005_m::SMKEDSTY, cchs2015_2016_m::SMKDVSTY, cchs2017_2018_m::SMKDVSTY, cchs2019_2020_m::SMKDVSTY, cchs2021_m::SMKDVSTY, cchs2022_m::SMKDVSTY, cchs2023_m::SMKDVSTY, [SMKDSTY]","","cat","NA::a","3","not applicable","not applicable","N/A","96","not applicable","Smoking status","Type of smoker: current, former, never","Full coverage 2001-2023 PUMF and Master. Collapsed to current/former/never. Recommended for cross-cycle comparisons requiring full comparability.","3.0.0-alpha","2026-01-04","active","v3.0.0: Recommended for cross-cycle analyses. Collapses 6-category SMKDSTY to 3 categories, avoiding all semantic breaks between pre-2015 and post-2015. Extended from V2.1 with 2019-2023 coverage.",""
"SMKDSTY_cat3","SMKDSTY_cat3_NAb","cat","cchs2001_m, cchs2001_p, cchs2003_m, cchs2003_p, cchs2005_m, cchs2005_p, cchs2015_2016_m, cchs2015_2016_p, cchs2017_2018_m, cchs2017_2018_p, cchs2019_2020_m, cchs2021_m, cchs2022_m, cchs2023_m, cchs2009_2010_m, cchs2011_2012_m, cchs2013_2014_m, cchs2009_2010_p, cchs2011_2012_p, cchs2013_2014_p","cchs2009_2010_m::SMKDSTY, cchs2011_2012_m::SMKDSTY, cchs2013_2014_m::SMKDSTY, cchs2009_2010_p::SMKDSTY, cchs2011_2012_p::SMKDSTY, cchs2013_2014_p::SMKDSTY, cchs2001_p::SMKADSTY, cchs2003_p::SMKCDSTY, cchs2005_p::SMKEDSTY, cchs2015_2016_p::SMKDVSTY, cchs2017_2018_p::SMKDVSTY, cchs2001_m::SMKADSTY, cchs2003_m::SMKCDSTY, cchs2005_m::SMKEDSTY, cchs2015_2016_m::SMKDVSTY, cchs2017_2018_m::SMKDVSTY, cchs2019_2020_m::SMKDVSTY, cchs2021_m::SMKDVSTY, cchs2022_m::SMKDVSTY, cchs2023_m::SMKDVSTY, [SMKDSTY]","","cat","NA::b","3","Missing","missing","N/A","[97,99]","don't know (97); refusal (98); not stated (99)","Smoking status","Type of smoker: current, former, never","Full coverage 2001-2023 PUMF and Master. Collapsed to current/former/never. Recommended for cross-cycle comparisons requiring full comparability.","3.0.0-alpha","2026-01-04","active","v3.0.0: Recommended for cross-cycle analyses. Collapses 6-category SMKDSTY to 3 categories, avoiding all semantic breaks between pre-2015 and post-2015. Extended from V2.1 with 2019-2023 coverage.",""
"SMKDSTY_cat3","SMKDSTY_cat3_NAb","cat","cchs2001_m, cchs2001_p, cchs2003_m, cchs2003_p, cchs2005_m, cchs2005_p, cchs2015_2016_m, cchs2015_2016_p, cchs2017_2018_m, cchs2017_2018_p, cchs2019_2020_m, cchs2021_m, cchs2022_m, cchs2023_m, cchs2009_2010_m, cchs2011_2012_m, cchs2013_2014_m, cchs2009_2010_p, cchs2011_2012_p, cchs2013_2014_p","cchs2009_2010_m::SMKDSTY, cchs2011_2012_m::SMKDSTY, cchs2013_2014_m::SMKDSTY, cchs2009_2010_p::SMKDSTY, cchs2011_2012_p::SMKDSTY, cchs2013_2014_p::SMKDSTY, cchs2001_p::SMKADSTY, cchs2003_p::SMKCDSTY, cchs2005_p::SMKEDSTY, cchs2015_2016_p::SMKDVSTY, cchs2017_2018_p::SMKDVSTY, cchs2001_m::SMKADSTY, cchs2003_m::SMKCDSTY, cchs2005_m::SMKEDSTY, cchs2015_2016_m::SMKDVSTY, cchs2017_2018_m::SMKDVSTY, cchs2019_2020_m::SMKDVSTY, cchs2021_m::SMKDVSTY, cchs2022_m::SMKDVSTY, cchs2023_m::SMKDVSTY, [SMKDSTY]","","cat","NA::b","3","Missing","missing","N/A","else","else","Smoking status","Type of smoker: current, former, never","Full coverage 2001-2023 PUMF and Master. Collapsed to current/former/never. Recommended for cross-cycle comparisons requiring full comparability.","3.0.0-alpha","2026-01-04","active","v3.0.0: Recommended for cross-cycle analyses. Collapses 6-category SMKDSTY to 3 categories, avoiding all semantic breaks between pre-2015 and post-2015. Extended from V2.1 with 2019-2023 coverage.",""
"SMKDSTY_cat3","SMKDSTY_cat3_1","cat","cchs2015_2016_p, cchs2017_2018_p, cchs2009_2010_p, cchs2011_2012_p, cchs2013_2014_p","cchs2009_2010_p::SMKDSTY, cchs2011_2012_p::SMKDSTY, cchs2013_2014_p::SMKDSTY, [SMKDVSTY]","","cat","1","3","Current","Current smoker","N/A","[1,2]","Daily (1); Occasional (2)","Smoking status","Type of smoker: current, former, never","Full coverage 2001-2023 PUMF and Master. Collapsed to current/former/never. Recommended for cross-cycle comparisons requiring full comparability.","3.0.0-alpha","2026-01-04","active","v3.0.0: Recommended for cross-cycle analyses. Collapses 6-category SMKDSTY to 3 categories, avoiding all semantic breaks between pre-2015 and post-2015. Extended from V2.1 with 2019-2023 coverage.",""
"SMKDSTY_cat3","SMKDSTY_cat3_2","cat","cchs2015_2016_p, cchs2017_2018_p, cchs2009_2010_p, cchs2011_2012_p, cchs2013_2014_p","cchs2009_2010_p::SMKDSTY, cchs2011_2012_p::SMKDSTY, cchs2013_2014_p::SMKDSTY, [SMKDVSTY]","","cat","2","3","Former","Former smoker","N/A","[3,5]","Former daily (3); Former occasional (4); Experimental (5)","Smoking status","Type of smoker: current, former, never","Full coverage 2001-2023 PUMF and Master. Collapsed to current/former/never. Recommended for cross-cycle comparisons requiring full comparability.","3.0.0-alpha","2026-01-04","active","v3.0.0: Recommended for cross-cycle analyses. Collapses 6-category SMKDSTY to 3 categories, avoiding all semantic breaks between pre-2015 and post-2015. Extended from V2.1 with 2019-2023 coverage.",""
"SMKDSTY_cat5","SMKDSTY_cat5_1","cat","cchs2001_m, cchs2001_p, cchs2003_m, cchs2003_p, cchs2005_m, cchs2005_p, cchs2015_2016_m, cchs2015_2016_p, cchs2017_2018_m, cchs2017_2018_p, cchs2019_2020_m, cchs2021_m, cchs2022_m, cchs2023_m, cchs2009_2010_m, cchs2011_2012_m, cchs2013_2014_m, cchs2009_2010_p, cchs2011_2012_p, cchs2013_2014_p","cchs2009_2010_m::SMKDSTY, cchs2011_2012_m::SMKDSTY, cchs2013_2014_m::SMKDSTY, cchs2009_2010_p::SMKDSTY, cchs2011_2012_p::SMKDSTY, cchs2013_2014_p::SMKDSTY, cchs2001_p::SMKADSTY, cchs2003_p::SMKCDSTY, cchs2005_p::SMKEDSTY, cchs2015_2016_p::SMKDVSTY, cchs2017_2018_p::SMKDVSTY, cchs2001_m::SMKADSTY, cchs2003_m::SMKCDSTY, cchs2005_m::SMKEDSTY, cchs2015_2016_m::SMKDVSTY, cchs2017_2018_m::SMKDVSTY, cchs2019_2020_m::SMKDVSTY, cchs2021_m::SMKDVSTY, cchs2022_m::SMKDVSTY, cchs2023_m::SMKDVSTY,  [SMKDSTY]","ICES confirmed","cat","1","5","Daily","Current daily smoker","N/A","1","Daily","Smoking status","Type of smoker: daily, occasional, former daily, former occasional, never","Full coverage 2001-2023 PUMF and Master. 5-category avoiding semantic break. Merges occasional subtypes and former occasional/experimental. Use when more detail than 3-category is needed.","3.0.0-alpha","2026-01-04","active","v3.0.0: Recommended when more detail than 3-category is needed. Merges pre-2015 'occasional (former daily)' + 'occasional (never daily)' into 'occasional', and post-2015 'former occasional' + 'experimental' into 'former occasional'. Extended from V2.1 with 2019-2023 coverage.","added typeStart"
"SMKDSTY_cat5","SMKDSTY_cat5_2","cat","cchs2001_m, cchs2001_p, cchs2003_m, cchs2003_p, cchs2005_m, cchs2005_p, cchs2015_2016_m, cchs2015_2016_p, cchs2017_2018_m, cchs2017_2018_p, cchs2019_2020_m, cchs2021_m, cchs2022_m, cchs2023_m, cchs2009_2010_m, cchs2011_2012_m, cchs2013_2014_m, cchs2009_2010_p, cchs2011_2012_p, cchs2013_2014_p","cchs2009_2010_m::SMKDSTY, cchs2011_2012_m::SMKDSTY, cchs2013_2014_m::SMKDSTY, cchs2009_2010_p::SMKDSTY, cchs2011_2012_p::SMKDSTY, cchs2013_2014_p::SMKDSTY, cchs2001_p::SMKADSTY, cchs2003_p::SMKCDSTY, cchs2005_p::SMKEDSTY, cchs2015_2016_p::SMKDVSTY, cchs2017_2018_p::SMKDVSTY, cchs2001_m::SMKADSTY, cchs2003_m::SMKCDSTY, cchs2005_m::SMKEDSTY, cchs2015_2016_m::SMKDVSTY, cchs2017_2018_m::SMKDVSTY, cchs2019_2020_m::SMKDVSTY, cchs2021_m::SMKDVSTY, cchs2022_m::SMKDVSTY, cchs2023_m::SMKDVSTY,  [SMKDSTY]","ICES confirmed","cat","2","5","Occasional","Current occasional smoker","N/A","[2,3]","Occasional","Smoking status","Type of smoker: daily, occasional, former daily, former occasional, never","Full coverage 2001-2023 PUMF and Master. 5-category avoiding semantic break. Merges occasional subtypes and former occasional/experimental. Use when more detail than 3-category is needed.","3.0.0-alpha","2026-01-04","active","v3.0.0: Recommended when more detail than 3-category is needed. Merges pre-2015 'occasional (former daily)' + 'occasional (never daily)' into 'occasional', and post-2015 'former occasional' + 'experimental' into 'former occasional'. Extended from V2.1 with 2019-2023 coverage.","added typeStart"
"SMKDSTY_cat5","SMKDSTY_cat5_3","cat","cchs2001_m, cchs2001_p, cchs2003_m, cchs2003_p, cchs2005_m, cchs2005_p, cchs2015_2016_m, cchs2015_2016_p, cchs2017_2018_m, cchs2017_2018_p, cchs2019_2020_m, cchs2021_m, cchs2022_m, cchs2023_m, cchs2009_2010_m, cchs2011_2012_m, cchs2013_2014_m, cchs2009_2010_p, cchs2011_2012_p, cchs2013_2014_p","cchs2009_2010_m::SMKDSTY, cchs2011_2012_m::SMKDSTY, cchs2013_2014_m::SMKDSTY, cchs2009_2010_p::SMKDSTY, cchs2011_2012_p::SMKDSTY, cchs2013_2014_p::SMKDSTY, cchs2001_p::SMKADSTY, cchs2003_p::SMKCDSTY, cchs2005_p::SMKEDSTY, cchs2015_2016_p::SMKDVSTY, cchs2017_2018_p::SMKDVSTY, cchs2001_m::SMKADSTY, cchs2003_m::SMKCDSTY, cchs2005_m::SMKEDSTY, cchs2015_2016_m::SMKDVSTY, cchs2017_2018_m::SMKDVSTY, cchs2019_2020_m::SMKDVSTY, cchs2021_m::SMKDVSTY, cchs2022_m::SMKDVSTY, cchs2023_m::SMKDVSTY,  [SMKDSTY]","ICES confirmed","cat","3","5","Former daily","Former daily smoker","N/A","4","Former daily","Smoking status","Type of smoker: daily, occasional, former daily, former occasional, never","Full coverage 2001-2023 PUMF and Master. 5-category avoiding semantic break. Merges occasional subtypes and former occasional/experimental. Use when more detail than 3-category is needed.","3.0.0-alpha","2026-01-04","active","v3.0.0: Recommended when more detail than 3-category is needed. Merges pre-2015 'occasional (former daily)' + 'occasional (never daily)' into 'occasional', and post-2015 'former occasional' + 'experimental' into 'former occasional'. Extended from V2.1 with 2019-2023 coverage.","added typeStart"
"SMKDSTY_cat5","SMKDSTY_cat5_4","cat","cchs2001_m, cchs2001_p, cchs2003_m, cchs2003_p, cchs2005_m, cchs2005_p, cchs2015_2016_m, cchs2015_2016_p, cchs2017_2018_m, cchs2017_2018_p, cchs2019_2020_m, cchs2021_m, cchs2022_m, cchs2023_m, cchs2009_2010_m, cchs2011_2012_m, cchs2013_2014_m, cchs2009_2010_p, cchs2011_2012_p, cchs2013_2014_p","cchs2009_2010_m::SMKDSTY, cchs2011_2012_m::SMKDSTY, cchs2013_2014_m::SMKDSTY, cchs2009_2010_p::SMKDSTY, cchs2011_2012_p::SMKDSTY, cchs2013_2014_p::SMKDSTY, cchs2001_p::SMKADSTY, cchs2003_p::SMKCDSTY, cchs2005_p::SMKEDSTY, cchs2015_2016_p::SMKDVSTY, cchs2017_2018_p::SMKDVSTY, cchs2001_m::SMKADSTY, cchs2003_m::SMKCDSTY, cchs2005_m::SMKEDSTY, cchs2015_2016_m::SMKDVSTY, cchs2017_2018_m::SMKDVSTY, cchs2019_2020_m::SMKDVSTY, cchs2021_m::SMKDVSTY, cchs2022_m::SMKDVSTY, cchs2023_m::SMKDVSTY,  [SMKDSTY]","ICES confirmed","cat","4","5","Former occasional","Former occasional","N/A","5","Former occasional","Smoking status","Type of smoker: daily, occasional, former daily, former occasional, never","Full coverage 2001-2023 PUMF and Master. 5-category avoiding semantic break. Merges occasional subtypes and former occasional/experimental. Use when more detail than 3-category is needed.","3.0.0-alpha","2026-01-04","active","v3.0.0: Recommended when more detail than 3-category is needed. Merges pre-2015 'occasional (former daily)' + 'occasional (never daily)' into 'occasional', and post-2015 'former occasional' + 'experimental' into 'former occasional'. Extended from V2.1 with 2019-2023 coverage.","added typeStart"
"SMKDSTY_cat5","SMKDSTY_cat5_5","cat","cchs2001_m, cchs2001_p, cchs2003_m, cchs2003_p, cchs2005_m, cchs2005_p, cchs2015_2016_m, cchs2015_2016_p, cchs2017_2018_m, cchs2017_2018_p, cchs2019_2020_m, cchs2021_m, cchs2022_m, cchs2023_m, cchs2009_2010_m, cchs2011_2012_m, cchs2013_2014_m, cchs2009_2010_p, cchs2011_2012_p, cchs2013_2014_p","cchs2009_2010_m::SMKDSTY, cchs2011_2012_m::SMKDSTY, cchs2013_2014_m::SMKDSTY, cchs2009_2010_p::SMKDSTY, cchs2011_2012_p::SMKDSTY, cchs2013_2014_p::SMKDSTY, cchs2001_p::SMKADSTY, cchs2003_p::SMKCDSTY, cchs2005_p::SMKEDSTY, cchs2015_2016_p::SMKDVSTY, cchs2017_2018_p::SMKDVSTY, cchs2001_m::SMKADSTY, cchs2003_m::SMKCDSTY, cchs2005_m::SMKEDSTY, cchs2015_2016_m::SMKDVSTY, cchs2017_2018_m::SMKDVSTY, cchs2019_2020_m::SMKDVSTY, cchs2021_m::SMKDVSTY, cchs2022_m::SMKDVSTY, cchs2023_m::SMKDVSTY,  [SMKDSTY]","ICES confirmed","cat","5","5","Never smoked","Never smoked","N/A","6","Never smoked","Smoking status","Type of smoker: daily, occasional, former daily, former occasional, never","Full coverage 2001-2023 PUMF and Master. 5-category avoiding semantic break. Merges occasional subtypes and former occasional/experimental. Use when more detail than 3-category is needed.","3.0.0-alpha","2026-01-04","active","v3.0.0: Recommended when more detail than 3-category is needed. Merges pre-2015 'occasional (former daily)' + 'occasional (never daily)' into 'occasional', and post-2015 'former occasional' + 'experimental' into 'former occasional'. Extended from V2.1 with 2019-2023 coverage.","added typeStart"
"SMKDSTY_cat5","SMKDSTY_cat5_NAa","cat","cchs2001_m, cchs2001_p, cchs2003_m, cchs2003_p, cchs2005_m, cchs2005_p, cchs2015_2016_m, cchs2015_2016_p, cchs2017_2018_m, cchs2017_2018_p, cchs2019_2020_m, cchs2021_m, cchs2022_m, cchs2023_m, cchs2009_2010_m, cchs2011_2012_m, cchs2013_2014_m, cchs2009_2010_p, cchs2011_2012_p, cchs2013_2014_p","cchs2009_2010_m::SMKDSTY, cchs2011_2012_m::SMKDSTY, cchs2013_2014_m::SMKDSTY, cchs2009_2010_p::SMKDSTY, cchs2011_2012_p::SMKDSTY, cchs2013_2014_p::SMKDSTY, cchs2001_p::SMKADSTY, cchs2003_p::SMKCDSTY, cchs2005_p::SMKEDSTY, cchs2015_2016_p::SMKDVSTY, cchs2017_2018_p::SMKDVSTY, cchs2001_m::SMKADSTY, cchs2003_m::SMKCDSTY, cchs2005_m::SMKEDSTY, cchs2015_2016_m::SMKDVSTY, cchs2017_2018_m::SMKDVSTY, cchs2019_2020_m::SMKDVSTY, cchs2021_m::SMKDVSTY, cchs2022_m::SMKDVSTY, cchs2023_m::SMKDVSTY,  [SMKDSTY]","ICES confirmed","cat","NA::a","5","not applicable","not applicable","N/A","96","not applicable","Smoking status","Type of smoker: daily, occasional, former daily, former occasional, never","Full coverage 2001-2023 PUMF and Master. 5-category avoiding semantic break. Merges occasional subtypes and former occasional/experimental. Use when more detail than 3-category is needed.","3.0.0-alpha","2026-01-04","active","v3.0.0: Recommended when more detail than 3-category is needed. Merges pre-2015 'occasional (former daily)' + 'occasional (never daily)' into 'occasional', and post-2015 'former occasional' + 'experimental' into 'former occasional'. Extended from V2.1 with 2019-2023 coverage.","added typeStart"
"SMKDSTY_cat5","SMKDSTY_cat5_NAb","cat","cchs2001_m, cchs2001_p, cchs2003_m, cchs2003_p, cchs2005_m, cchs2005_p, cchs2015_2016_m, cchs2015_2016_p, cchs2017_2018_m, cchs2017_2018_p, cchs2019_2020_m, cchs2021_m, cchs2022_m, cchs2023_m, cchs2009_2010_m, cchs2011_2012_m, cchs2013_2014_m, cchs2009_2010_p, cchs2011_2012_p, cchs2013_2014_p","cchs2009_2010_m::SMKDSTY, cchs2011_2012_m::SMKDSTY, cchs2013_2014_m::SMKDSTY, cchs2009_2010_p::SMKDSTY, cchs2011_2012_p::SMKDSTY, cchs2013_2014_p::SMKDSTY, cchs2001_p::SMKADSTY, cchs2003_p::SMKCDSTY, cchs2005_p::SMKEDSTY, cchs2015_2016_p::SMKDVSTY, cchs2017_2018_p::SMKDVSTY, cchs2001_m::SMKADSTY, cchs2003_m::SMKCDSTY, cchs2005_m::SMKEDSTY, cchs2015_2016_m::SMKDVSTY, cchs2017_2018_m::SMKDVSTY, cchs2019_2020_m::SMKDVSTY, cchs2021_m::SMKDVSTY, cchs2022_m::SMKDVSTY, cchs2023_m::SMKDVSTY,  [SMKDSTY]","ICES confirmed","cat","NA::b","5","Missing","missing","N/A","[97,99]","don't know (97); refusal (98); not stated (99)","Smoking status","Type of smoker: daily, occasional, former daily, former occasional, never","Full coverage 2001-2023 PUMF and Master. 5-category avoiding semantic break. Merges occasional subtypes and former occasional/experimental. Use when more detail than 3-category is needed.","3.0.0-alpha","2026-01-04","active","v3.0.0: Recommended when more detail than 3-category is needed. Merges pre-2015 'occasional (former daily)' + 'occasional (never daily)' into 'occasional', and post-2015 'former occasional' + 'experimental' into 'former occasional'. Extended from V2.1 with 2019-2023 coverage.","added typeStart"
"SMKDSTY_cat5","SMKDSTY_cat5_NAb","cat","cchs2001_m, cchs2001_p, cchs2003_m, cchs2003_p, cchs2005_m, cchs2005_p, cchs2015_2016_m, cchs2015_2016_p, cchs2017_2018_m, cchs2017_2018_p, cchs2019_2020_m, cchs2021_m, cchs2022_m, cchs2023_m, cchs2009_2010_m, cchs2011_2012_m, cchs2013_2014_m, cchs2009_2010_p, cchs2011_2012_p, cchs2013_2014_p","cchs2009_2010_m::SMKDSTY, cchs2011_2012_m::SMKDSTY, cchs2013_2014_m::SMKDSTY, cchs2009_2010_p::SMKDSTY, cchs2011_2012_p::SMKDSTY, cchs2013_2014_p::SMKDSTY, cchs2001_p::SMKADSTY, cchs2003_p::SMKCDSTY, cchs2005_p::SMKEDSTY, cchs2015_2016_p::SMKDVSTY, cchs2017_2018_p::SMKDVSTY, cchs2001_m::SMKADSTY, cchs2003_m::SMKCDSTY, cchs2005_m::SMKEDSTY, cchs2015_2016_m::SMKDVSTY, cchs2017_2018_m::SMKDVSTY, cchs2019_2020_m::SMKDVSTY, cchs2021_m::SMKDVSTY, cchs2022_m::SMKDVSTY, cchs2023_m::SMKDVSTY,  [SMKDSTY]","ICES confirmed","cat","NA::b","5","Missing","missing","N/A","else","else","Smoking status","Type of smoker: daily, occasional, former daily, former occasional, never","Full coverage 2001-2023 PUMF and Master. 5-category avoiding semantic break. Merges occasional subtypes and former occasional/experimental. Use when more detail than 3-category is needed.","3.0.0-alpha","2026-01-04","active","v3.0.0: Recommended when more detail than 3-category is needed. Merges pre-2015 'occasional (former daily)' + 'occasional (never daily)' into 'occasional', and post-2015 'former occasional' + 'experimental' into 'former occasional'. Extended from V2.1 with 2019-2023 coverage.","added typeStart"
"SMKDSTY_cat5","SMKDSTY_cat5_2","cat","cchs2015_2016_p, cchs2017_2018_p, cchs2009_2010_p, cchs2011_2012_p, cchs2013_2014_p","cchs2009_2010_p::SMKDSTY, cchs2011_2012_p::SMKDSTY, cchs2013_2014_p::SMKDSTY, [SMKDVSTY]","ICES confirmed","cat","2","5","Occasional","Current occasional smoker","N/A","2","Occasional","Smoking status","Type of smoker: daily, occasional, former daily, former occasional, never","Full coverage 2001-2023 PUMF and Master. 5-category avoiding semantic break. Merges occasional subtypes and former occasional/experimental. Use when more detail than 3-category is needed.","3.0.0-alpha","2026-01-04","active","v3.0.0: Recommended when more detail than 3-category is needed. Merges pre-2015 'occasional (former daily)' + 'occasional (never daily)' into 'occasional', and post-2015 'former occasional' + 'experimental' into 'former occasional'. Extended from V2.1 with 2019-2023 coverage.","added typeStart"
"SMKDSTY_cat5","SMKDSTY_cat5_3","cat","cchs2015_2016_p, cchs2017_2018_p, cchs2009_2010_p, cchs2011_2012_p, cchs2013_2014_p","cchs2009_2010_p::SMKDSTY, cchs2011_2012_p::SMKDSTY, cchs2013_2014_p::SMKDSTY, [SMKDVSTY]","ICES confirmed","cat","3","5","Former daily","Former daily smoker","N/A","3","Former daily","Smoking status","Type of smoker: daily, occasional, former daily, former occasional, never","Full coverage 2001-2023 PUMF and Master. 5-category avoiding semantic break. Merges occasional subtypes and former occasional/experimental. Use when more detail than 3-category is needed.","3.0.0-alpha","2026-01-04","active","v3.0.0: Recommended when more detail than 3-category is needed. Merges pre-2015 'occasional (former daily)' + 'occasional (never daily)' into 'occasional', and post-2015 'former occasional' + 'experimental' into 'former occasional'. Extended from V2.1 with 2019-2023 coverage.","added typeStart"
"SMKDSTY_cat5","SMKDSTY_cat5_4","cat","cchs2015_2016_p, cchs2017_2018_p, cchs2009_2010_p, cchs2011_2012_p, cchs2013_2014_p","cchs2009_2010_p::SMKDSTY, cchs2011_2012_p::SMKDSTY, cchs2013_2014_p::SMKDSTY, [SMKDVSTY]","ICES confirmed","cat","4","5","Former occasional","Former occasional","N/A","[4,5]","Former occasional","Smoking status","Type of smoker: daily, occasional, former daily, former occasional, never","Full coverage 2001-2023 PUMF and Master. 5-category avoiding semantic break. Merges occasional subtypes and former occasional/experimental. Use when more detail than 3-category is needed.","3.0.0-alpha","2026-01-04","active","v3.0.0: Recommended when more detail than 3-category is needed. Merges pre-2015 'occasional (former daily)' + 'occasional (never daily)' into 'occasional', and post-2015 'former occasional' + 'experimental' into 'former occasional'. Extended from V2.1 with 2019-2023 coverage.","added typeStart"
"SMKG01C_cont","N/A","cont","cchs2001_p, cchs2003_p","cchs2001_p::SMKAG01C, cchs2003_p::SMKCG01C","","cat","13","10","12-14 years","Midpoint of 12-14 years","years","2","12-14 years","Age 1st cig (grouped)","Age first cigarette grouped","PUMF: midpoint imputation from grouped categories","3.0.0-alpha","2026-01-04","active","Removed _s/_i. Shorter labels. Added PUMF 2019-2021.",""
"SMKG01C_cont","N/A","cont","cchs2005_p, cchs2009_2010_p, cchs2011_2012_p, cchs2013_2014_p, cchs2015_2016_p, cchs2017_2018_p, cchs2021_p","cchs2005_p::SMKEG01C, cchs2009_2010_p::SMKG01C, cchs2011_2012_p::SMKG01C, cchs2013_2014_p::SMKG01C, cchs2015_2016_p::SMKG035, cchs2017_2018_p::SMKG035, cchs2019_2020_p::SMKG035, cchs2021_p::SMKG035","","cat","13","11","12-14 years","Midpoint of 12-14 years","years","2","12-14 years","Age 1st cig (grouped)","Age first cigarette grouped","PUMF: midpoint imputation from grouped categories","3.0.0-alpha","2026-01-04","active","Removed _s/_i. Shorter labels. Added PUMF 2019-2021.",""
"SMKG01C_cont","N/A","cont","cchs2005_p, cchs2009_2010_p, cchs2011_2012_p, cchs2013_2014_p, cchs2015_2016_p, cchs2017_2018_p, cchs2021_p","cchs2005_p::SMKEG01C, cchs2009_2010_p::SMKG01C, cchs2011_2012_p::SMKG01C, cchs2013_2014_p::SMKG01C, cchs2015_2016_p::SMKG035, cchs2017_2018_p::SMKG035, cchs2019_2020_p::SMKG035, cchs2021_p::SMKG035","","cat","16","11","15-17 years","Midpoint of 15-17 years","years","3","15-17 years","Age 1st cig (grouped)","Age first cigarette grouped","PUMF: midpoint imputation from grouped categories","3.0.0-alpha","2026-01-04","active","Removed _s/_i. Shorter labels. Added PUMF 2019-2021.",""
"SMKG01C_cont","N/A","cont","cchs2001_p, cchs2003_p","cchs2001_p::SMKAG01C, cchs2003_p::SMKCG01C","","cat","17","10","15-19 years","Midpoint of 15-19 years","years","3","15-19 years","Age 1st cig (grouped)","Age first cigarette grouped","PUMF: midpoint imputation from grouped categories","3.0.0-alpha","2026-01-04","active","Removed _s/_i. Shorter labels. Added PUMF 2019-2021.",""
"SMKG01C_cont","N/A","cont","cchs2005_p, cchs2009_2010_p, cchs2011_2012_p, cchs2013_2014_p, cchs2015_2016_p, cchs2017_2018_p, cchs2021_p","cchs2005_p::SMKEG01C, cchs2009_2010_p::SMKG01C, cchs2011_2012_p::SMKG01C, cchs2013_2014_p::SMKG01C, cchs2015_2016_p::SMKG035, cchs2017_2018_p::SMKG035, cchs2019_2020_p::SMKG035, cchs2021_p::SMKG035","","cat","18.5","11","18-19 years","Midpoint of 18-19 years","years","4","18-19 years","Age 1st cig (grouped)","Age first cigarette grouped","PUMF: midpoint imputation from grouped categories","3.0.0-alpha","2026-01-04","active","Removed _s/_i. Shorter labels. Added PUMF 2019-2021.",""
"SMKG01C_cont","N/A","cont","cchs2001_p, cchs2003_p","cchs2001_p::SMKAG01C, cchs2003_p::SMKCG01C","","cat","22","10","20-24 years","Midpoint of 20-24 years","years","4","20-24 years","Age 1st cig (grouped)","Age first cigarette grouped","PUMF: midpoint imputation from grouped categories","3.0.0-alpha","2026-01-04","active","Removed _s/_i. Shorter labels. Added PUMF 2019-2021.",""
"SMKG01C_cont","N/A","cont","cchs2005_p, cchs2009_2010_p, cchs2011_2012_p, cchs2013_2014_p, cchs2015_2016_p, cchs2017_2018_p, cchs2021_p","cchs2005_p::SMKEG01C, cchs2009_2010_p::SMKG01C, cchs2011_2012_p::SMKG01C, cchs2013_2014_p::SMKG01C, cchs2015_2016_p::SMKG035, cchs2017_2018_p::SMKG035, cchs2019_2020_p::SMKG035, cchs2021_p::SMKG035","","cat","22","11","20-24 years","Midpoint of 20-24 years","years","5","20-24 years","Age 1st cig (grouped)","Age first cigarette grouped","PUMF: midpoint imputation from grouped categories","3.0.0-alpha","2026-01-04","active","Removed _s/_i. Shorter labels. Added PUMF 2019-2021.",""
"SMKG01C_cont","N/A","cont","cchs2001_p, cchs2003_p","cchs2001_p::SMKAG01C, cchs2003_p::SMKCG01C","","cat","27","10","25-29 years","Midpoint of 25-29 years","years","5","25-29 years","Age 1st cig (grouped)","Age first cigarette grouped","PUMF: midpoint imputation from grouped categories","3.0.0-alpha","2026-01-04","active","Removed _s/_i. Shorter labels. Added PUMF 2019-2021.",""
"SMKG01C_cont","N/A","cont","cchs2005_p, cchs2009_2010_p, cchs2011_2012_p, cchs2013_2014_p, cchs2015_2016_p, cchs2017_2018_p, cchs2021_p","cchs2005_p::SMKEG01C, cchs2009_2010_p::SMKG01C, cchs2011_2012_p::SMKG01C, cchs2013_2014_p::SMKG01C, cchs2015_2016_p::SMKG035, cchs2017_2018_p::SMKG035, cchs2019_2020_p::SMKG035, cchs2021_p::SMKG035","","cat","27","11","25-29 years","Midpoint of 25-29 years","years","6","25-29 years","Age 1st cig (grouped)","Age first cigarette grouped","PUMF: midpoint imputation from grouped categories","3.0.0-alpha","2026-01-04","active","Removed _s/_i. Shorter labels. Added PUMF 2019-2021.",""
"SMKG01C_cont","N/A","cont","cchs2001_p, cchs2003_p","cchs2001_p::SMKAG01C, cchs2003_p::SMKCG01C","","cat","32","10","30-34 years","Midpoint of 30-34 years","years","6","30-34 years","Age 1st cig (grouped)","Age first cigarette grouped","PUMF: midpoint imputation from grouped categories","3.0.0-alpha","2026-01-04","active","Removed _s/_i. Shorter labels. Added PUMF 2019-2021.",""
"SMKG01C_cont","N/A","cont","cchs2005_p, cchs2009_2010_p, cchs2011_2012_p, cchs2013_2014_p, cchs2015_2016_p, cchs2017_2018_p, cchs2021_p","cchs2005_p::SMKEG01C, cchs2009_2010_p::SMKG01C, cchs2011_2012_p::SMKG01C, cchs2013_2014_p::SMKG01C, cchs2015_2016_p::SMKG035, cchs2017_2018_p::SMKG035, cchs2019_2020_p::SMKG035, cchs2021_p::SMKG035","","cat","32","11","30-34 years","Midpoint of 30-34 years","years","7","30-34 years","Age 1st cig (grouped)","Age first cigarette grouped","PUMF: midpoint imputation from grouped categories","3.0.0-alpha","2026-01-04","active","Removed _s/_i. Shorter labels. Added PUMF 2019-2021.",""
"SMKG01C_cont","N/A","cont","cchs2001_p, cchs2003_p","cchs2001_p::SMKAG01C, cchs2003_p::SMKCG01C","","cat","37","10","35-39 years","Midpoint of 35-39 years","years","7","35-39 years","Age 1st cig (grouped)","Age first cigarette grouped","PUMF: midpoint imputation from grouped categories","3.0.0-alpha","2026-01-04","active","Removed _s/_i. Shorter labels. Added PUMF 2019-2021.",""
"SMKG01C_cont","N/A","cont","cchs2005_p, cchs2009_2010_p, cchs2011_2012_p, cchs2013_2014_p, cchs2015_2016_p, cchs2017_2018_p, cchs2021_p","cchs2005_p::SMKEG01C, cchs2009_2010_p::SMKG01C, cchs2011_2012_p::SMKG01C, cchs2013_2014_p::SMKG01C, cchs2015_2016_p::SMKG035, cchs2017_2018_p::SMKG035, cchs2019_2020_p::SMKG035, cchs2021_p::SMKG035","","cat","37","11","35-39 years","Midpoint of 35-39 years","years","8","35-39 years","Age 1st cig (grouped)","Age first cigarette grouped","PUMF: midpoint imputation from grouped categories","3.0.0-alpha","2026-01-04","active","Removed _s/_i. Shorter labels. Added PUMF 2019-2021.",""
"SMKG01C_cont","N/A","cont","cchs2001_p, cchs2003_p","cchs2001_p::SMKAG01C, cchs2003_p::SMKCG01C","","cat","42","10","40-44 years","Midpoint of 40-44 years","years","8","40-44 years","Age 1st cig (grouped)","Age first cigarette grouped","PUMF: midpoint imputation from grouped categories","3.0.0-alpha","2026-01-04","active","Removed _s/_i. Shorter labels. Added PUMF 2019-2021.",""
"SMKG01C_cont","N/A","cont","cchs2005_p, cchs2009_2010_p, cchs2011_2012_p, cchs2013_2014_p, cchs2015_2016_p, cchs2017_2018_p, cchs2021_p","cchs2005_p::SMKEG01C, cchs2009_2010_p::SMKG01C, cchs2011_2012_p::SMKG01C, cchs2013_2014_p::SMKG01C, cchs2015_2016_p::SMKG035, cchs2017_2018_p::SMKG035, cchs2019_2020_p::SMKG035, cchs2021_p::SMKG035","","cat","42","11","40-44 years","Midpoint of 40-44 years","years","9","40-44 years","Age 1st cig (grouped)","Age first cigarette grouped","PUMF: midpoint imputation from grouped categories","3.0.0-alpha","2026-01-04","active","Removed _s/_i. Shorter labels. Added PUMF 2019-2021.",""
"SMKG01C_cont","N/A","cont","cchs2001_p, cchs2003_p","cchs2001_p::SMKAG01C, cchs2003_p::SMKCG01C","","cat","47","10","45-49 years","Midpoint of 45-49 years","years","9","45-49 years","Age 1st cig (grouped)","Age first cigarette grouped","PUMF: midpoint imputation from grouped categories","3.0.0-alpha","2026-01-04","active","Removed _s/_i. Shorter labels. Added PUMF 2019-2021.",""
"SMKG01C_cont","N/A","cont","cchs2005_p, cchs2009_2010_p, cchs2011_2012_p, cchs2013_2014_p, cchs2015_2016_p, cchs2017_2018_p, cchs2021_p","cchs2005_p::SMKEG01C, cchs2009_2010_p::SMKG01C, cchs2011_2012_p::SMKG01C, cchs2013_2014_p::SMKG01C, cchs2015_2016_p::SMKG035, cchs2017_2018_p::SMKG035, cchs2019_2020_p::SMKG035, cchs2021_p::SMKG035","","cat","47","11","45-49 years","Midpoint of 45-49 years","years","10","45-49 years","Age 1st cig (grouped)","Age first cigarette grouped","PUMF: midpoint imputation from grouped categories","3.0.0-alpha","2026-01-04","active","Removed _s/_i. Shorter labels. Added PUMF 2019-2021.",""
"SMKG01C_cont","N/A","cont","cchs2001_p, cchs2003_p","cchs2001_p::SMKAG01C, cchs2003_p::SMKCG01C","","cat","55","10","50+ years","Assumed midpoint for 50+","years","10","50+ years","Age 1st cig (grouped)","Age first cigarette grouped","PUMF: midpoint imputation from grouped categories","3.0.0-alpha","2026-01-04","active","Removed _s/_i. Shorter labels. Added PUMF 2019-2021.",""
"SMKG01C_cont","N/A","cont","cchs2005_p, cchs2009_2010_p, cchs2011_2012_p, cchs2013_2014_p, cchs2015_2016_p, cchs2017_2018_p, cchs2021_p","cchs2005_p::SMKEG01C, cchs2009_2010_p::SMKG01C, cchs2011_2012_p::SMKG01C, cchs2013_2014_p::SMKG01C, cchs2015_2016_p::SMKG035, cchs2017_2018_p::SMKG035, cchs2019_2020_p::SMKG035, cchs2021_p::SMKG035","","cat","55","11","50+ years","Assumed midpoint for 50+","years","11","50+ years","Age 1st cig (grouped)","Age first cigarette grouped","PUMF: midpoint imputation from grouped categories","3.0.0-alpha","2026-01-04","active","Removed _s/_i. Shorter labels. Added PUMF 2019-2021.",""
"SMKG01C_cont","N/A","cont","cchs2001_p, cchs2003_p","cchs2001_p::SMKAG01C, cchs2003_p::SMKCG01C","","cat","8","10","5-11 years","Midpoint of 5-11 years","years","1","5-11 years","Age 1st cig (grouped)","Age first cigarette grouped","PUMF: midpoint imputation from grouped categories","3.0.0-alpha","2026-01-04","active","Removed _s/_i. Shorter labels. Added PUMF 2019-2021.",""
"SMKG01C_cont","N/A","cont","cchs2005_p, cchs2009_2010_p, cchs2011_2012_p, cchs2013_2014_p, cchs2015_2016_p, cchs2017_2018_p, cchs2021_p","cchs2005_p::SMKEG01C, cchs2009_2010_p::SMKG01C, cchs2011_2012_p::SMKG01C, cchs2013_2014_p::SMKG01C, cchs2015_2016_p::SMKG035, cchs2017_2018_p::SMKG035, cchs2019_2020_p::SMKG035, cchs2021_p::SMKG035","","cat","8","11","5-11 years","Midpoint of 5-11 years","years","1","5-11 years","Age 1st cig (grouped)","Age first cigarette grouped","PUMF: midpoint imputation from grouped categories","3.0.0-alpha","2026-01-04","active","Removed _s/_i. Shorter labels. Added PUMF 2019-2021.",""
"SMKG01C_cont","N/A","cont","cchs2001_p, cchs2003_p","cchs2001_p::SMKAG01C, cchs2003_p::SMKCG01C","","cat","NA::a","10","","Not applicable","","96","","Age 1st cig (grouped)","Age first cigarette grouped","PUMF: midpoint imputation from grouped categories","3.0.0-alpha","2026-01-04","active","Removed _s/_i. Shorter labels. Added PUMF 2019-2021.",""
"SMKG01C_cont","N/A","cont","cchs2005_p, cchs2009_2010_p, cchs2011_2012_p, cchs2013_2014_p, cchs2015_2016_p, cchs2017_2018_p, cchs2021_p","cchs2005_p::SMKEG01C, cchs2009_2010_p::SMKG01C, cchs2011_2012_p::SMKG01C, cchs2013_2014_p::SMKG01C, cchs2015_2016_p::SMKG035, cchs2017_2018_p::SMKG035, cchs2019_2020_p::SMKG035, cchs2021_p::SMKG035","","cat","NA::a","11","","Not applicable","","96","","Age 1st cig (grouped)","Age first cigarette grouped","PUMF: midpoint imputation from grouped categories","3.0.0-alpha","2026-01-04","active","Removed _s/_i. Shorter labels. Added PUMF 2019-2021.",""
"SMKG01C_cont","N/A","cont","cchs2001_p, cchs2003_p","cchs2001_p::SMKAG01C, cchs2003_p::SMKCG01C","","cat","NA::b","10","","Catch-all missing","","else","","Age 1st cig (grouped)","Age first cigarette grouped","PUMF: midpoint imputation from grouped categories","3.0.0-alpha","2026-01-04","active","Removed _s/_i. Shorter labels. Added PUMF 2019-2021.",""
"SMKG01C_cont","N/A","cont","cchs2001_p, cchs2003_p","cchs2001_p::SMKAG01C, cchs2003_p::SMKCG01C","","cat","NA::b","10","","Not stated","","99","","Age 1st cig (grouped)","Age first cigarette grouped","PUMF: midpoint imputation from grouped categories","3.0.0-alpha","2026-01-04","active","Removed _s/_i. Shorter labels. Added PUMF 2019-2021.",""
"SMKG01C_cont","N/A","cont","cchs2005_p, cchs2009_2010_p, cchs2011_2012_p, cchs2013_2014_p, cchs2015_2016_p, cchs2017_2018_p, cchs2021_p","cchs2005_p::SMKEG01C, cchs2009_2010_p::SMKG01C, cchs2011_2012_p::SMKG01C, cchs2013_2014_p::SMKG01C, cchs2015_2016_p::SMKG035, cchs2017_2018_p::SMKG035, cchs2019_2020_p::SMKG035, cchs2021_p::SMKG035","","cat","NA::b","11","","Catch-all missing","","else","","Age 1st cig (grouped)","Age first cigarette grouped","PUMF: midpoint imputation from grouped categories","3.0.0-alpha","2026-01-04","active","Removed _s/_i. Shorter labels. Added PUMF 2019-2021.",""
"SMKG01C_cont","N/A","cont","cchs2005_p, cchs2009_2010_p, cchs2011_2012_p, cchs2013_2014_p, cchs2015_2016_p, cchs2017_2018_p, cchs2021_p","cchs2005_p::SMKEG01C, cchs2009_2010_p::SMKG01C, cchs2011_2012_p::SMKG01C, cchs2013_2014_p::SMKG01C, cchs2015_2016_p::SMKG035, cchs2017_2018_p::SMKG035, cchs2019_2020_p::SMKG035, cchs2021_p::SMKG035","","cat","NA::b","11","","Not stated","","99","","Age 1st cig (grouped)","Age first cigarette grouped","PUMF: midpoint imputation from grouped categories","3.0.0-alpha","2026-01-04","active","Removed _s/_i. Shorter labels. Added PUMF 2019-2021.",""
"SMKG040_cont","N/A","cont","cchs2015_2016_p, cchs2017_2018_p, cchs2021_p","[SMKG040]","","cat","13","11","12-14 years","Midpoint of 12-14 years","years","2","12-14 years","Age daily (ever)","Age started smoking daily grouped - ever-daily","PUMF: midpoint imputation from grouped categories","3.0.0-alpha","2026-01-04","active","Removed _i. Clearer label. PUMF only for 2015-2021.",""
"SMKG040_cont","N/A","cont","cchs2015_2016_p, cchs2017_2018_p, cchs2021_p","[SMKG040]","","cat","16","11","15-17 years","Midpoint of 15-17 years","years","3","15-17 years","Age daily (ever)","Age started smoking daily grouped - ever-daily","PUMF: midpoint imputation from grouped categories","3.0.0-alpha","2026-01-04","active","Removed _i. Clearer label. PUMF only for 2015-2021.",""
"SMKG040_cont","N/A","cont","cchs2015_2016_p, cchs2017_2018_p, cchs2021_p","[SMKG040]","","cat","18.5","11","18-19 years","Midpoint of 18-19 years","years","4","18-19 years","Age daily (ever)","Age started smoking daily grouped - ever-daily","PUMF: midpoint imputation from grouped categories","3.0.0-alpha","2026-01-04","active","Removed _i. Clearer label. PUMF only for 2015-2021.",""
"SMKG040_cont","N/A","cont","cchs2015_2016_p, cchs2017_2018_p, cchs2021_p","[SMKG040]","","cat","22","11","20-24 years","Midpoint of 20-24 years","years","5","20-24 years","Age daily (ever)","Age started smoking daily grouped - ever-daily","PUMF: midpoint imputation from grouped categories","3.0.0-alpha","2026-01-04","active","Removed _i. Clearer label. PUMF only for 2015-2021.",""
"SMKG040_cont","N/A","cont","cchs2015_2016_p, cchs2017_2018_p, cchs2021_p","[SMKG040]","","cat","27","11","25-29 years","Midpoint of 25-29 years","years","6","25-29 years","Age daily (ever)","Age started smoking daily grouped - ever-daily","PUMF: midpoint imputation from grouped categories","3.0.0-alpha","2026-01-04","active","Removed _i. Clearer label. PUMF only for 2015-2021.",""
"SMKG040_cont","N/A","cont","cchs2015_2016_p, cchs2017_2018_p, cchs2021_p","[SMKG040]","","cat","32","11","30-34 years","Midpoint of 30-34 years","years","7","30-34 years","Age daily (ever)","Age started smoking daily grouped - ever-daily","PUMF: midpoint imputation from grouped categories","3.0.0-alpha","2026-01-04","active","Removed _i. Clearer label. PUMF only for 2015-2021.",""
"SMKG040_cont","N/A","cont","cchs2015_2016_p, cchs2017_2018_p, cchs2021_p","[SMKG040]","","cat","37","11","35-39 years","Midpoint of 35-39 years","years","8","35-39 years","Age daily (ever)","Age started smoking daily grouped - ever-daily","PUMF: midpoint imputation from grouped categories","3.0.0-alpha","2026-01-04","active","Removed _i. Clearer label. PUMF only for 2015-2021.",""
"SMKG040_cont","N/A","cont","cchs2015_2016_p, cchs2017_2018_p, cchs2021_p","[SMKG040]","","cat","42","11","40-44 years","Midpoint of 40-44 years","years","9","40-44 years","Age daily (ever)","Age started smoking daily grouped - ever-daily","PUMF: midpoint imputation from grouped categories","3.0.0-alpha","2026-01-04","active","Removed _i. Clearer label. PUMF only for 2015-2021.",""
"SMKG040_cont","N/A","cont","cchs2015_2016_p, cchs2017_2018_p, cchs2021_p","[SMKG040]","","cat","47","11","45-49 years","Midpoint of 45-49 years","years","10","45-49 years","Age daily (ever)","Age started smoking daily grouped - ever-daily","PUMF: midpoint imputation from grouped categories","3.0.0-alpha","2026-01-04","active","Removed _i. Clearer label. PUMF only for 2015-2021.",""
"SMKG040_cont","N/A","cont","cchs2015_2016_p, cchs2017_2018_p, cchs2021_p","[SMKG040]","","cat","55","11","50+ years","Assumed midpoint for 50+","years","11","50+ years","Age daily (ever)","Age started smoking daily grouped - ever-daily","PUMF: midpoint imputation from grouped categories","3.0.0-alpha","2026-01-04","active","Removed _i. Clearer label. PUMF only for 2015-2021.",""
"SMKG040_cont","N/A","cont","cchs2015_2016_p, cchs2017_2018_p, cchs2021_p","[SMKG040]","","cat","8","11","5-11 years","Midpoint of 5-11 years","years","1","5-11 years","Age daily (ever)","Age started smoking daily grouped - ever-daily","PUMF: midpoint imputation from grouped categories","3.0.0-alpha","2026-01-04","active","Removed _i. Clearer label. PUMF only for 2015-2021.",""
"SMKG040_cont","N/A","cont","cchs2001_p, cchs2003_p, cchs2005_p, cchs2009_2010_p, cchs2011_2012_p, cchs2013_2014_p","cchs2001_p::[SMKAG203, SMKAG207], cchs2003_p::[SMKCG203, SMKCG207], cchs2005_p::[SMKEG203, SMKEG207], cchs2009_2010_p::[SMKG203, SMKG207], cchs2011_2012_p::[SMKG203, SMKG207], cchs2013_2014_p::[SMKG203, SMKG207]","","cat","Func::calculate_SMKG040","N/A","","Age in years (pseudo-continuous)","years","[1,55]","","Age daily (ever)","Age started smoking daily - ever-daily (derived)","PUMF: midpoint imputation from grouped categories","3.0.0-alpha","2026-01-04","active","Removed _i. Clearer label. PUMF only for 2015-2021.",""
"SMKG040_cont","N/A","cont","cchs2015_2016_p, cchs2017_2018_p, cchs2021_p","[SMKG040]","","cat","NA::a","11","","Not applicable","","96","","Age daily (ever)","Age started smoking daily grouped - ever-daily","PUMF: midpoint imputation from grouped categories","3.0.0-alpha","2026-01-04","active","Removed _i. Clearer label. PUMF only for 2015-2021.",""
"SMKG040_cont","N/A","cont","cchs2015_2016_p, cchs2017_2018_p, cchs2021_p","[SMKG040]","","cat","NA::b","11","","Catch-all missing","","else","","Age daily (ever)","Age started smoking daily grouped - ever-daily","PUMF: midpoint imputation from grouped categories","3.0.0-alpha","2026-01-04","active","Removed _i. Clearer label. PUMF only for 2015-2021.",""
"SMKG040_cont","N/A","cont","cchs2015_2016_p, cchs2017_2018_p, cchs2021_p","[SMKG040]","","cat","NA::b","11","","Not stated","","99","","Age daily (ever)","Age started smoking daily grouped - ever-daily","PUMF: midpoint imputation from grouped categories","3.0.0-alpha","2026-01-04","active","Removed _i. Clearer label. PUMF only for 2015-2021.",""
"SMKG040_cont","N/A","cont","cchs2001_p, cchs2003_p, cchs2005_p, cchs2009_2010_p, cchs2011_2012_p, cchs2013_2014_p","cchs2001_p::[SMKAG203, SMKAG207], cchs2003_p::[SMKCG203, SMKCG207], cchs2005_p::[SMKEG203, SMKEG207], cchs2009_2010_p::[SMKG203, SMKG207], cchs2011_2012_p::[SMKG203, SMKG207], cchs2013_2014_p::[SMKG203, SMKG207]","","cat","NA::b","N/A","","Catch-all missing","","else","","Age daily (ever)","Age started smoking daily - ever-daily (derived)","PUMF: midpoint imputation from grouped categories","3.0.0-alpha","2026-01-04","active","Removed _i. Clearer label. PUMF only for 2015-2021.",""
"SMKG203_cont","N/A","cont","cchs2001_p, cchs2003_p","cchs2001_p::SMKAG203, cchs2003_p::SMKCG203","","cat","13","10","12-14 years","Midpoint of 12-14 years","years","2","12-14 years","Age daily (ever)","Age started smoking daily grouped - current daily","PUMF: midpoint imputation from grouped categories","3.0.0-alpha","2026-01-04","active","Removed _i. Clearer label. PUMF only for 2001-2021.",""
"SMKG203_cont","N/A","cont","cchs2005_p, cchs2009_2010_p, cchs2011_2012_p, cchs2013_2014_p","cchs2005_p::SMKEG203, cchs2009_2010_p::SMKG203, cchs2011_2012_p::SMKG203, cchs2013_2014_p::SMKG203","","cat","13","11","12-14 years","Midpoint of 12-14 years","years","2","12-14 years","Age daily (ever)","Age started smoking daily grouped - current daily","PUMF: midpoint imputation from grouped categories","3.0.0-alpha","2026-01-04","active","Removed _i. Clearer label. PUMF only for 2001-2021.",""
"SMKG203_cont","N/A","cont","cchs2005_p, cchs2009_2010_p, cchs2011_2012_p, cchs2013_2014_p","cchs2005_p::SMKEG203, cchs2009_2010_p::SMKG203, cchs2011_2012_p::SMKG203, cchs2013_2014_p::SMKG203","","cat","16","11","15-17 years","Midpoint of 15-17 years","years","3","15-17 years","Age daily (ever)","Age started smoking daily grouped - current daily","PUMF: midpoint imputation from grouped categories","3.0.0-alpha","2026-01-04","active","Removed _i. Clearer label. PUMF only for 2001-2021.",""
"SMKG203_cont","N/A","cont","cchs2001_p, cchs2003_p","cchs2001_p::SMKAG203, cchs2003_p::SMKCG203","","cat","17","10","15-19 years","Midpoint of 15-19 years","years","3","15-19 years","Age daily (ever)","Age started smoking daily grouped - current daily","PUMF: midpoint imputation from grouped categories","3.0.0-alpha","2026-01-04","active","Removed _i. Clearer label. PUMF only for 2001-2021.",""
"SMKG203_cont","N/A","cont","cchs2005_p, cchs2009_2010_p, cchs2011_2012_p, cchs2013_2014_p","cchs2005_p::SMKEG203, cchs2009_2010_p::SMKG203, cchs2011_2012_p::SMKG203, cchs2013_2014_p::SMKG203","","cat","18.5","11","18-19 years","Midpoint of 18-19 years","years","4","18-19 years","Age daily (ever)","Age started smoking daily grouped - current daily","PUMF: midpoint imputation from grouped categories","3.0.0-alpha","2026-01-04","active","Removed _i. Clearer label. PUMF only for 2001-2021.",""
"SMKG203_cont","N/A","cont","cchs2001_p, cchs2003_p","cchs2001_p::SMKAG203, cchs2003_p::SMKCG203","","cat","22","10","20-24 years","Midpoint of 20-24 years","years","4","20-24 years","Age daily (ever)","Age started smoking daily grouped - current daily","PUMF: midpoint imputation from grouped categories","3.0.0-alpha","2026-01-04","active","Removed _i. Clearer label. PUMF only for 2001-2021.",""
"SMKG203_cont","N/A","cont","cchs2005_p, cchs2009_2010_p, cchs2011_2012_p, cchs2013_2014_p","cchs2005_p::SMKEG203, cchs2009_2010_p::SMKG203, cchs2011_2012_p::SMKG203, cchs2013_2014_p::SMKG203","","cat","22","11","20-24 years","Midpoint of 20-24 years","years","5","20-24 years","Age daily (ever)","Age started smoking daily grouped - current daily","PUMF: midpoint imputation from grouped categories","3.0.0-alpha","2026-01-04","active","Removed _i. Clearer label. PUMF only for 2001-2021.",""
"SMKG203_cont","N/A","cont","cchs2001_p, cchs2003_p","cchs2001_p::SMKAG203, cchs2003_p::SMKCG203","","cat","27","10","25-29 years","Midpoint of 25-29 years","years","5","25-29 years","Age daily (ever)","Age started smoking daily grouped - current daily","PUMF: midpoint imputation from grouped categories","3.0.0-alpha","2026-01-04","active","Removed _i. Clearer label. PUMF only for 2001-2021.",""
"SMKG203_cont","N/A","cont","cchs2005_p, cchs2009_2010_p, cchs2011_2012_p, cchs2013_2014_p","cchs2005_p::SMKEG203, cchs2009_2010_p::SMKG203, cchs2011_2012_p::SMKG203, cchs2013_2014_p::SMKG203","","cat","27","11","25-29 years","Midpoint of 25-29 years","years","6","25-29 years","Age daily (ever)","Age started smoking daily grouped - current daily","PUMF: midpoint imputation from grouped categories","3.0.0-alpha","2026-01-04","active","Removed _i. Clearer label. PUMF only for 2001-2021.",""
"SMKG203_cont","N/A","cont","cchs2001_p, cchs2003_p","cchs2001_p::SMKAG203, cchs2003_p::SMKCG203","","cat","32","10","30-34 years","Midpoint of 30-34 years","years","6","30-34 years","Age daily (ever)","Age started smoking daily grouped - current daily","PUMF: midpoint imputation from grouped categories","3.0.0-alpha","2026-01-04","active","Removed _i. Clearer label. PUMF only for 2001-2021.",""
"SMKG203_cont","N/A","cont","cchs2005_p, cchs2009_2010_p, cchs2011_2012_p, cchs2013_2014_p","cchs2005_p::SMKEG203, cchs2009_2010_p::SMKG203, cchs2011_2012_p::SMKG203, cchs2013_2014_p::SMKG203","","cat","32","11","30-34 years","Midpoint of 30-34 years","years","7","30-34 years","Age daily (ever)","Age started smoking daily grouped - current daily","PUMF: midpoint imputation from grouped categories","3.0.0-alpha","2026-01-04","active","Removed _i. Clearer label. PUMF only for 2001-2021.",""
"SMKG203_cont","N/A","cont","cchs2001_p, cchs2003_p","cchs2001_p::SMKAG203, cchs2003_p::SMKCG203","","cat","37","10","35-39 years","Midpoint of 35-39 years","years","7","35-39 years","Age daily (ever)","Age started smoking daily grouped - current daily","PUMF: midpoint imputation from grouped categories","3.0.0-alpha","2026-01-04","active","Removed _i. Clearer label. PUMF only for 2001-2021.",""
"SMKG203_cont","N/A","cont","cchs2005_p, cchs2009_2010_p, cchs2011_2012_p, cchs2013_2014_p","cchs2005_p::SMKEG203, cchs2009_2010_p::SMKG203, cchs2011_2012_p::SMKG203, cchs2013_2014_p::SMKG203","","cat","37","11","35-39 years","Midpoint of 35-39 years","years","8","35-39 years","Age daily (ever)","Age started smoking daily grouped - current daily","PUMF: midpoint imputation from grouped categories","3.0.0-alpha","2026-01-04","active","Removed _i. Clearer label. PUMF only for 2001-2021.",""
"SMKG203_cont","N/A","cont","cchs2001_p, cchs2003_p","cchs2001_p::SMKAG203, cchs2003_p::SMKCG203","","cat","42","10","40-44 years","Midpoint of 40-44 years","years","8","40-44 years","Age daily (ever)","Age started smoking daily grouped - current daily","PUMF: midpoint imputation from grouped categories","3.0.0-alpha","2026-01-04","active","Removed _i. Clearer label. PUMF only for 2001-2021.",""
"SMKG203_cont","N/A","cont","cchs2005_p, cchs2009_2010_p, cchs2011_2012_p, cchs2013_2014_p","cchs2005_p::SMKEG203, cchs2009_2010_p::SMKG203, cchs2011_2012_p::SMKG203, cchs2013_2014_p::SMKG203","","cat","42","11","40-44 years","Midpoint of 40-44 years","years","9","40-44 years","Age daily (ever)","Age started smoking daily grouped - current daily","PUMF: midpoint imputation from grouped categories","3.0.0-alpha","2026-01-04","active","Removed _i. Clearer label. PUMF only for 2001-2021.",""
"SMKG203_cont","N/A","cont","cchs2001_p, cchs2003_p","cchs2001_p::SMKAG203, cchs2003_p::SMKCG203","","cat","47","10","45-49 years","Midpoint of 45-49 years","years","9","45-49 years","Age daily (ever)","Age started smoking daily grouped - current daily","PUMF: midpoint imputation from grouped categories","3.0.0-alpha","2026-01-04","active","Removed _i. Clearer label. PUMF only for 2001-2021.",""
"SMKG203_cont","N/A","cont","cchs2005_p, cchs2009_2010_p, cchs2011_2012_p, cchs2013_2014_p","cchs2005_p::SMKEG203, cchs2009_2010_p::SMKG203, cchs2011_2012_p::SMKG203, cchs2013_2014_p::SMKG203","","cat","47","11","45-49 years","Midpoint of 45-49 years","years","10","45-49 years","Age daily (ever)","Age started smoking daily grouped - current daily","PUMF: midpoint imputation from grouped categories","3.0.0-alpha","2026-01-04","active","Removed _i. Clearer label. PUMF only for 2001-2021.",""
"SMKG203_cont","N/A","cont","cchs2001_p, cchs2003_p","cchs2001_p::SMKAG203, cchs2003_p::SMKCG203","","cat","55","10","50+ years","Assumed midpoint for 50+","years","10","50+ years","Age daily (ever)","Age started smoking daily grouped - current daily","PUMF: midpoint imputation from grouped categories","3.0.0-alpha","2026-01-04","active","Removed _i. Clearer label. PUMF only for 2001-2021.",""
"SMKG203_cont","N/A","cont","cchs2005_p, cchs2009_2010_p, cchs2011_2012_p, cchs2013_2014_p","cchs2005_p::SMKEG203, cchs2009_2010_p::SMKG203, cchs2011_2012_p::SMKG203, cchs2013_2014_p::SMKG203","","cat","55","11","50+ years","Assumed midpoint for 50+","years","11","50+ years","Age daily (ever)","Age started smoking daily grouped - current daily","PUMF: midpoint imputation from grouped categories","3.0.0-alpha","2026-01-04","active","Removed _i. Clearer label. PUMF only for 2001-2021.",""
"SMKG203_cont","N/A","cont","cchs2001_p, cchs2003_p","cchs2001_p::SMKAG203, cchs2003_p::SMKCG203","","cat","8","10","5-11 years","Midpoint of 5-11 years","years","1","5-11 years","Age daily (ever)","Age started smoking daily grouped - current daily","PUMF: midpoint imputation from grouped categories","3.0.0-alpha","2026-01-04","active","Removed _i. Clearer label. PUMF only for 2001-2021.",""
"SMKG203_cont","N/A","cont","cchs2005_p, cchs2009_2010_p, cchs2011_2012_p, cchs2013_2014_p","cchs2005_p::SMKEG203, cchs2009_2010_p::SMKG203, cchs2011_2012_p::SMKG203, cchs2013_2014_p::SMKG203","","cat","8","11","5-11 years","Midpoint of 5-11 years","years","1","5-11 years","Age daily (ever)","Age started smoking daily grouped - current daily","PUMF: midpoint imputation from grouped categories","3.0.0-alpha","2026-01-04","active","Removed _i. Clearer label. PUMF only for 2001-2021.",""
"SMKG203_cont","N/A","cont","cchs2015_2016_p, cchs2017_2018_p, cchs2021_p","DerivedVar::[SMKG005, SMKG040]]","","cat","Func::calculate_SMKG203_continuous","N/A","","Age in years (pseudo-continuous)","years","[1,55]","","Age daily (curr)","Age started smoking daily - current daily (derived)","PUMF: midpoint imputation from grouped categories","3.0.0-alpha","2026-01-04","active","Removed _i. Clearer label. PUMF only for 2001-2021.",""
"SMKG203_cont","N/A","cont","cchs2001_p, cchs2003_p","cchs2001_p::SMKAG203, cchs2003_p::SMKCG203","","cat","NA::a","10","","Not applicable","","96","","Age daily (ever)","Age started smoking daily grouped - current daily","PUMF: midpoint imputation from grouped categories","3.0.0-alpha","2026-01-04","active","Removed _i. Clearer label. PUMF only for 2001-2021.",""
"SMKG203_cont","N/A","cont","cchs2005_p, cchs2009_2010_p, cchs2011_2012_p, cchs2013_2014_p","cchs2005_p::SMKEG203, cchs2009_2010_p::SMKG203, cchs2011_2012_p::SMKG203, cchs2013_2014_p::SMKG203","","cat","NA::a","11","","Not applicable","","96","","Age daily (ever)","Age started smoking daily grouped - current daily","PUMF: midpoint imputation from grouped categories","3.0.0-alpha","2026-01-04","active","Removed _i. Clearer label. PUMF only for 2001-2021.",""
"SMKG203_cont","N/A","cont","cchs2001_p, cchs2003_p","cchs2001_p::SMKAG203, cchs2003_p::SMKCG203","","cat","NA::b","10","","Catch-all missing","","else","","Age daily (ever)","Age started smoking daily grouped - current daily","PUMF: midpoint imputation from grouped categories","3.0.0-alpha","2026-01-04","active","Removed _i. Clearer label. PUMF only for 2001-2021.",""
"SMKG203_cont","N/A","cont","cchs2001_p, cchs2003_p","cchs2001_p::SMKAG203, cchs2003_p::SMKCG203","","cat","NA::b","10","","Not stated","","99","","Age daily (ever)","Age started smoking daily grouped - current daily","PUMF: midpoint imputation from grouped categories","3.0.0-alpha","2026-01-04","active","Removed _i. Clearer label. PUMF only for 2001-2021.",""
"SMKG203_cont","N/A","cont","cchs2005_p, cchs2009_2010_p, cchs2011_2012_p, cchs2013_2014_p","cchs2005_p::SMKEG203, cchs2009_2010_p::SMKG203, cchs2011_2012_p::SMKG203, cchs2013_2014_p::SMKG203","","cat","NA::b","11","","Catch-all missing","","else","","Age daily (ever)","Age started smoking daily grouped - current daily","PUMF: midpoint imputation from grouped categories","3.0.0-alpha","2026-01-04","active","Removed _i. Clearer label. PUMF only for 2001-2021.",""
"SMKG203_cont","N/A","cont","cchs2005_p, cchs2009_2010_p, cchs2011_2012_p, cchs2013_2014_p","cchs2005_p::SMKEG203, cchs2009_2010_p::SMKG203, cchs2011_2012_p::SMKG203, cchs2013_2014_p::SMKG203","","cat","NA::b","11","","Not stated","","99","","Age daily (ever)","Age started smoking daily grouped - current daily","PUMF: midpoint imputation from grouped categories","3.0.0-alpha","2026-01-04","active","Removed _i. Clearer label. PUMF only for 2001-2021.",""
"SMKG203_cont","N/A","cont","cchs2015_2016_p, cchs2017_2018_p, cchs2021_p","DerivedVar::[SMKG005, SMKG040]]","","cat","NA::b","N/A","","Catch-all missing","","else","","Age daily (curr)","Age started smoking daily - current daily (derived)","PUMF: midpoint imputation from grouped categories","3.0.0-alpha","2026-01-04","active","Removed _i. Clearer label. PUMF only for 2001-2021.",""
"SMKG207_cont","N/A","cont","cchs2001_p, cchs2003_p","cchs2001_p::SMKAG207, cchs2003_p::SMKCG207","","cat","13","10","12-14 years","Midpoint of 12-14 years","years","2","12-14 years","Age daily (ever)","Age started smoking daily grouped - former daily","PUMF: midpoint imputation from grouped categories","3.0.0-alpha","2026-01-04","active","Removed _s/_i. Clearer label. PUMF only for 2001-2021.",""
"SMKG207_cont","N/A","cont","cchs2005_p, cchs2009_2010_p, cchs2011_2012_p, cchs2013_2014_p","cchs2005_p::SMKEG207, cchs2009_2010_p::SMKG207, cchs2011_2012_p::SMKG207, cchs2013_2014_p::SMKG207","","cat","13","11","12-14 years","Midpoint of 12-14 years","years","2","12-14 years","Age daily (ever)","Age started smoking daily grouped - former daily","PUMF: midpoint imputation from grouped categories","3.0.0-alpha","2026-01-04","active","Removed _s/_i. Clearer label. PUMF only for 2001-2021.",""
"SMKG207_cont","N/A","cont","cchs2005_p, cchs2009_2010_p, cchs2011_2012_p, cchs2013_2014_p","cchs2005_p::SMKEG207, cchs2009_2010_p::SMKG207, cchs2011_2012_p::SMKG207, cchs2013_2014_p::SMKG207","","cat","16","11","15-17 years","Midpoint of 15-17 years","years","3","15-17 years","Age daily (ever)","Age started smoking daily grouped - former daily","PUMF: midpoint imputation from grouped categories","3.0.0-alpha","2026-01-04","active","Removed _s/_i. Clearer label. PUMF only for 2001-2021.",""
"SMKG207_cont","N/A","cont","cchs2001_p, cchs2003_p","cchs2001_p::SMKAG207, cchs2003_p::SMKCG207","","cat","17","10","15-19 years","Midpoint of 15-19 years","years","3","15-19 years","Age daily (ever)","Age started smoking daily grouped - former daily","PUMF: midpoint imputation from grouped categories","3.0.0-alpha","2026-01-04","active","Removed _s/_i. Clearer label. PUMF only for 2001-2021.",""
"SMKG207_cont","N/A","cont","cchs2005_p, cchs2009_2010_p, cchs2011_2012_p, cchs2013_2014_p","cchs2005_p::SMKEG207, cchs2009_2010_p::SMKG207, cchs2011_2012_p::SMKG207, cchs2013_2014_p::SMKG207","","cat","18.5","11","18-19 years","Midpoint of 18-19 years","years","4","18-19 years","Age daily (ever)","Age started smoking daily grouped - former daily","PUMF: midpoint imputation from grouped categories","3.0.0-alpha","2026-01-04","active","Removed _s/_i. Clearer label. PUMF only for 2001-2021.",""
"SMKG207_cont","N/A","cont","cchs2001_p, cchs2003_p","cchs2001_p::SMKAG207, cchs2003_p::SMKCG207","","cat","22","10","20-24 years","Midpoint of 20-24 years","years","4","20-24 years","Age daily (ever)","Age started smoking daily grouped - former daily","PUMF: midpoint imputation from grouped categories","3.0.0-alpha","2026-01-04","active","Removed _s/_i. Clearer label. PUMF only for 2001-2021.",""
"SMKG207_cont","N/A","cont","cchs2005_p, cchs2009_2010_p, cchs2011_2012_p, cchs2013_2014_p","cchs2005_p::SMKEG207, cchs2009_2010_p::SMKG207, cchs2011_2012_p::SMKG207, cchs2013_2014_p::SMKG207","","cat","22","11","20-24 years","Midpoint of 20-24 years","years","5","20-24 years","Age daily (ever)","Age started smoking daily grouped - former daily","PUMF: midpoint imputation from grouped categories","3.0.0-alpha","2026-01-04","active","Removed _s/_i. Clearer label. PUMF only for 2001-2021.",""
"SMKG207_cont","N/A","cont","cchs2001_p, cchs2003_p","cchs2001_p::SMKAG207, cchs2003_p::SMKCG207","","cat","27","10","25-29 years","Midpoint of 25-29 years","years","5","25-29 years","Age daily (ever)","Age started smoking daily grouped - former daily","PUMF: midpoint imputation from grouped categories","3.0.0-alpha","2026-01-04","active","Removed _s/_i. Clearer label. PUMF only for 2001-2021.",""
"SMKG207_cont","N/A","cont","cchs2005_p, cchs2009_2010_p, cchs2011_2012_p, cchs2013_2014_p","cchs2005_p::SMKEG207, cchs2009_2010_p::SMKG207, cchs2011_2012_p::SMKG207, cchs2013_2014_p::SMKG207","","cat","27","11","25-29 years","Midpoint of 25-29 years","years","6","25-29 years","Age daily (ever)","Age started smoking daily grouped - former daily","PUMF: midpoint imputation from grouped categories","3.0.0-alpha","2026-01-04","active","Removed _s/_i. Clearer label. PUMF only for 2001-2021.",""
"SMKG207_cont","N/A","cont","cchs2001_p, cchs2003_p","cchs2001_p::SMKAG207, cchs2003_p::SMKCG207","","cat","32","10","30-34 years","Midpoint of 30-34 years","years","6","30-34 years","Age daily (ever)","Age started smoking daily grouped - former daily","PUMF: midpoint imputation from grouped categories","3.0.0-alpha","2026-01-04","active","Removed _s/_i. Clearer label. PUMF only for 2001-2021.",""
"SMKG207_cont","N/A","cont","cchs2005_p, cchs2009_2010_p, cchs2011_2012_p, cchs2013_2014_p","cchs2005_p::SMKEG207, cchs2009_2010_p::SMKG207, cchs2011_2012_p::SMKG207, cchs2013_2014_p::SMKG207","","cat","32","11","30-34 years","Midpoint of 30-34 years","years","7","30-34 years","Age daily (ever)","Age started smoking daily grouped - former daily","PUMF: midpoint imputation from grouped categories","3.0.0-alpha","2026-01-04","active","Removed _s/_i. Clearer label. PUMF only for 2001-2021.",""
"SMKG207_cont","N/A","cont","cchs2001_p, cchs2003_p","cchs2001_p::SMKAG207, cchs2003_p::SMKCG207","","cat","37","10","35-39 years","Midpoint of 35-39 years","years","7","35-39 years","Age daily (ever)","Age started smoking daily grouped - former daily","PUMF: midpoint imputation from grouped categories","3.0.0-alpha","2026-01-04","active","Removed _s/_i. Clearer label. PUMF only for 2001-2021.",""
"SMKG207_cont","N/A","cont","cchs2005_p, cchs2009_2010_p, cchs2011_2012_p, cchs2013_2014_p","cchs2005_p::SMKEG207, cchs2009_2010_p::SMKG207, cchs2011_2012_p::SMKG207, cchs2013_2014_p::SMKG207","","cat","37","11","35-39 years","Midpoint of 35-39 years","years","8","35-39 years","Age daily (ever)","Age started smoking daily grouped - former daily","PUMF: midpoint imputation from grouped categories","3.0.0-alpha","2026-01-04","active","Removed _s/_i. Clearer label. PUMF only for 2001-2021.",""
"SMKG207_cont","N/A","cont","cchs2001_p, cchs2003_p","cchs2001_p::SMKAG207, cchs2003_p::SMKCG207","","cat","42","10","40-44 years","Midpoint of 40-44 years","years","8","40-44 years","Age daily (ever)","Age started smoking daily grouped - former daily","PUMF: midpoint imputation from grouped categories","3.0.0-alpha","2026-01-04","active","Removed _s/_i. Clearer label. PUMF only for 2001-2021.",""
"SMKG207_cont","N/A","cont","cchs2005_p, cchs2009_2010_p, cchs2011_2012_p, cchs2013_2014_p","cchs2005_p::SMKEG207, cchs2009_2010_p::SMKG207, cchs2011_2012_p::SMKG207, cchs2013_2014_p::SMKG207","","cat","42","11","40-44 years","Midpoint of 40-44 years","years","9","40-44 years","Age daily (ever)","Age started smoking daily grouped - former daily","PUMF: midpoint imputation from grouped categories","3.0.0-alpha","2026-01-04","active","Removed _s/_i. Clearer label. PUMF only for 2001-2021.",""
"SMKG207_cont","N/A","cont","cchs2001_p, cchs2003_p","cchs2001_p::SMKAG207, cchs2003_p::SMKCG207","","cat","47","10","45-49 years","Midpoint of 45-49 years","years","9","45-49 years","Age daily (ever)","Age started smoking daily grouped - former daily","PUMF: midpoint imputation from grouped categories","3.0.0-alpha","2026-01-04","active","Removed _s/_i. Clearer label. PUMF only for 2001-2021.",""
"SMKG207_cont","N/A","cont","cchs2005_p, cchs2009_2010_p, cchs2011_2012_p, cchs2013_2014_p","cchs2005_p::SMKEG207, cchs2009_2010_p::SMKG207, cchs2011_2012_p::SMKG207, cchs2013_2014_p::SMKG207","","cat","47","11","45-49 years","Midpoint of 45-49 years","years","10","45-49 years","Age daily (ever)","Age started smoking daily grouped - former daily","PUMF: midpoint imputation from grouped categories","3.0.0-alpha","2026-01-04","active","Removed _s/_i. Clearer label. PUMF only for 2001-2021.",""
"SMKG207_cont","N/A","cont","cchs2001_p, cchs2003_p","cchs2001_p::SMKAG207, cchs2003_p::SMKCG207","","cat","55","10","50+ years","Assumed midpoint for 50+","years","10","50+ years","Age daily (ever)","Age started smoking daily grouped - former daily","PUMF: midpoint imputation from grouped categories","3.0.0-alpha","2026-01-04","active","Removed _s/_i. Clearer label. PUMF only for 2001-2021.",""
"SMKG207_cont","N/A","cont","cchs2005_p, cchs2009_2010_p, cchs2011_2012_p, cchs2013_2014_p","cchs2005_p::SMKEG207, cchs2009_2010_p::SMKG207, cchs2011_2012_p::SMKG207, cchs2013_2014_p::SMKG207","","cat","55","11","50+ years","Assumed midpoint for 50+","years","11","50+ years","Age daily (ever)","Age started smoking daily grouped - former daily","PUMF: midpoint imputation from grouped categories","3.0.0-alpha","2026-01-04","active","Removed _s/_i. Clearer label. PUMF only for 2001-2021.",""
"SMKG207_cont","N/A","cont","cchs2001_p, cchs2003_p","cchs2001_p::SMKAG207, cchs2003_p::SMKCG207","","cat","8","10","5-11 years","Midpoint of 5-11 years","years","1","5-11 years","Age daily (ever)","Age started smoking daily grouped - former daily","PUMF: midpoint imputation from grouped categories","3.0.0-alpha","2026-01-04","active","Removed _s/_i. Clearer label. PUMF only for 2001-2021.",""
"SMKG207_cont","N/A","cont","cchs2005_p, cchs2009_2010_p, cchs2011_2012_p, cchs2013_2014_p","cchs2005_p::SMKEG207, cchs2009_2010_p::SMKG207, cchs2011_2012_p::SMKG207, cchs2013_2014_p::SMKG207","","cat","8","11","5-11 years","Midpoint of 5-11 years","years","1","5-11 years","Age daily (ever)","Age started smoking daily grouped - former daily","PUMF: midpoint imputation from grouped categories","3.0.0-alpha","2026-01-04","active","Removed _s/_i. Clearer label. PUMF only for 2001-2021.",""
"SMKG207_cont","N/A","cont","cchs2015_2016_p, cchs2017_2018_p, cchs2021_p","DerivedVar::[SMKG005, SMKG030, SMKG040]]","","cat","Func::calculate_SMKG207_continuous","N/A","","Age in years (pseudo-continuous)","years","[1,55]","","Age daily (fmr)","Age started smoking daily - former daily (derived)","PUMF: midpoint imputation from grouped categories","3.0.0-alpha","2026-01-04","active","Removed _s/_i. Clearer label. PUMF only for 2001-2021.",""
"SMKG207_cont","N/A","cont","cchs2001_p, cchs2003_p","cchs2001_p::SMKAG207, cchs2003_p::SMKCG207","","cat","NA::a","10","","Not applicable","","96","","Age daily (ever)","Age started smoking daily grouped - former daily","PUMF: midpoint imputation from grouped categories","3.0.0-alpha","2026-01-04","active","Removed _s/_i. Clearer label. PUMF only for 2001-2021.",""
"SMKG207_cont","N/A","cont","cchs2005_p, cchs2009_2010_p, cchs2011_2012_p, cchs2013_2014_p","cchs2005_p::SMKEG207, cchs2009_2010_p::SMKG207, cchs2011_2012_p::SMKG207, cchs2013_2014_p::SMKG207","","cat","NA::a","11","","Not applicable","","96","","Age daily (ever)","Age started smoking daily grouped - former daily","PUMF: midpoint imputation from grouped categories","3.0.0-alpha","2026-01-04","active","Removed _s/_i. Clearer label. PUMF only for 2001-2021.",""
"SMKG207_cont","N/A","cont","cchs2001_p, cchs2003_p","cchs2001_p::SMKAG207, cchs2003_p::SMKCG207","","cat","NA::b","10","","Catch-all missing","","else","","Age daily (ever)","Age started smoking daily grouped - former daily","PUMF: midpoint imputation from grouped categories","3.0.0-alpha","2026-01-04","active","Removed _s/_i. Clearer label. PUMF only for 2001-2021.",""
"SMKG207_cont","N/A","cont","cchs2001_p, cchs2003_p","cchs2001_p::SMKAG207, cchs2003_p::SMKCG207","","cat","NA::b","10","","Not stated","","99","","Age daily (ever)","Age started smoking daily grouped - former daily","PUMF: midpoint imputation from grouped categories","3.0.0-alpha","2026-01-04","active","Removed _s/_i. Clearer label. PUMF only for 2001-2021.",""
"SMKG207_cont","N/A","cont","cchs2005_p, cchs2009_2010_p, cchs2011_2012_p, cchs2013_2014_p","cchs2005_p::SMKEG207, cchs2009_2010_p::SMKG207, cchs2011_2012_p::SMKG207, cchs2013_2014_p::SMKG207","","cat","NA::b","11","","Catch-all missing","","else","","Age daily (ever)","Age started smoking daily grouped - former daily","PUMF: midpoint imputation from grouped categories","3.0.0-alpha","2026-01-04","active","Removed _s/_i. Clearer label. PUMF only for 2001-2021.",""
"SMKG207_cont","N/A","cont","cchs2005_p, cchs2009_2010_p, cchs2011_2012_p, cchs2013_2014_p","cchs2005_p::SMKEG207, cchs2009_2010_p::SMKG207, cchs2011_2012_p::SMKG207, cchs2013_2014_p::SMKG207","","cat","NA::b","11","","Not stated","","99","","Age daily (ever)","Age started smoking daily grouped - former daily","PUMF: midpoint imputation from grouped categories","3.0.0-alpha","2026-01-04","active","Removed _s/_i. Clearer label. PUMF only for 2001-2021.",""
"SMKG207_cont","N/A","cont","cchs2015_2016_p, cchs2017_2018_p, cchs2021_p","DerivedVar::[SMKG005, SMKG030, SMKG040]]","","cat","NA::b","N/A","","Catch-all missing","","else","","Age daily (fmr)","Age started smoking daily - former daily (derived)","PUMF: midpoint imputation from grouped categories","3.0.0-alpha","2026-01-04","active","Removed _s/_i. Clearer label. PUMF only for 2001-2021.",""
"SMK_01C","N/A","cont","cchs2001_m, cchs2003_m, cchs2005_m, cchs2007_2008_m, cchs2009_2010_m, cchs2011_2012_m, cchs2013_2014_m, cchs2015_2016_m, cchs2017_2018_m, cchs2019_2020_m, cchs2021_m, cchs2022_m, cchs2023_m","cchs2001_m::SMKA_01C, cchs2003_m::SMKC_01C, cchs2005_m::SMKE_01C, cchs2007_2008_m::SMK_01C, cchs2009_2010_m::SMK_01C, cchs2011_2012_m::SMK_01C, cchs2013_2014_m::SMK_01C, cchs2015_2016_m::SMK_035, cchs2017_2018_m::SMK_035, cchs2019_2020_m::SMK_035, cchs2021_m::SMK_035, cchs2022_m::CSS_10, cchs2023_m::CSS_10","","cont","NA::a","N/A","","Not applicable","","96","","Age 1st cig","Age smoked first whole cigarette","","3.0.0-alpha","2026-01-04","active","NEW: Age first cigarette (continuous) for Master files 2001-2023.",""
"SMK_01C","N/A","cont","cchs2001_m, cchs2003_m, cchs2005_m, cchs2007_2008_m, cchs2009_2010_m, cchs2011_2012_m, cchs2013_2014_m, cchs2015_2016_m, cchs2017_2018_m, cchs2019_2020_m, cchs2021_m, cchs2022_m, cchs2023_m","cchs2001_m::SMKA_01C, cchs2003_m::SMKC_01C, cchs2005_m::SMKE_01C, cchs2007_2008_m::SMK_01C, cchs2009_2010_m::SMK_01C, cchs2011_2012_m::SMK_01C, cchs2013_2014_m::SMK_01C, cchs2015_2016_m::SMK_035, cchs2017_2018_m::SMK_035, cchs2019_2020_m::SMK_035, cchs2021_m::SMK_035, cchs2022_m::CSS_10, cchs2023_m::CSS_10","","cont","NA::b","N/A","","Catch-all missing","","else","","Age 1st cig","Age smoked first whole cigarette","","3.0.0-alpha","2026-01-04","active","NEW: Age first cigarette (continuous) for Master files 2001-2023.",""
"SMK_01C","N/A","cont","cchs2001_m, cchs2003_m, cchs2005_m, cchs2007_2008_m, cchs2009_2010_m, cchs2011_2012_m, cchs2013_2014_m, cchs2015_2016_m, cchs2017_2018_m, cchs2019_2020_m, cchs2021_m, cchs2022_m, cchs2023_m","cchs2001_m::SMKA_01C, cchs2003_m::SMKC_01C, cchs2005_m::SMKE_01C, cchs2007_2008_m::SMK_01C, cchs2009_2010_m::SMK_01C, cchs2011_2012_m::SMK_01C, cchs2013_2014_m::SMK_01C, cchs2015_2016_m::SMK_035, cchs2017_2018_m::SMK_035, cchs2019_2020_m::SMK_035, cchs2021_m::SMK_035, cchs2022_m::CSS_10, cchs2023_m::CSS_10","","cont","NA::b","N/A","","Don't know/Refusal/Not stated","","[97,99]","","Age 1st cig","Age smoked first whole cigarette","","3.0.0-alpha","2026-01-04","active","NEW: Age first cigarette (continuous) for Master files 2001-2023.",""
"SMK_01C","N/A","cont","cchs2001_m, cchs2003_m, cchs2005_m, cchs2007_2008_m, cchs2009_2010_m, cchs2011_2012_m, cchs2013_2014_m, cchs2015_2016_m, cchs2017_2018_m, cchs2019_2020_m, cchs2021_m, cchs2022_m, cchs2023_m","cchs2001_m::SMKA_01C, cchs2003_m::SMKC_01C, cchs2005_m::SMKE_01C, cchs2007_2008_m::SMK_01C, cchs2009_2010_m::SMK_01C, cchs2011_2012_m::SMK_01C, cchs2013_2014_m::SMK_01C, cchs2015_2016_m::SMK_035, cchs2017_2018_m::SMK_035, cchs2019_2020_m::SMK_035, cchs2021_m::SMK_035, cchs2022_m::CSS_10, cchs2023_m::CSS_10","","cont","copy","N/A","","Age in years","years","[8,99]","","Age 1st cig","Age smoked first whole cigarette","Evidence-based minimum age 8 (Holford et al.)","3.0.0-alpha","2026-01-04","active","NEW: Age first cigarette (continuous) for Master files 2001-2023.",""
"SMK_040","N/A","cont","cchs2001_m, cchs2003_m, cchs2005_m, cchs2007_2008_m, cchs2009_2010_m, cchs2011_2012_m, cchs2013_2014_m","cchs2001_m::[SMKA_203, SMKA_207], cchs2003_m::[SMKC_203, SMKC_207], cchs2005_m::[SMKE_203, SMKE_207], cchs2007_2008_m::[SMK_203, SMK_207], cchs2009_2010_m::[SMK_203, SMK_207], cchs2011_2012_m::[SMK_203, SMK_207], cchs2013_2014_m::[SMK_203, SMK_207]","","cont","Func::calculate_SMKG040","N/A","","Age in years","years","[8,99]","","Age daily (ever)","Age started smoking daily - ever-daily","Evidence-based minimum age 8 (Holford et al.)","3.0.0-alpha","2026-01-04","active","NEW: Age started daily (continuous, ever-daily) for Master 2001-2023.",""
"SMK_040","N/A","cont","cchs2015_2016_m, cchs2017_2018_m, cchs2019_2020_m, cchs2021_m, cchs2022_m, cchs2023_m, cchs2009_2010_m, cchs2011_2012_m, cchs2013_2014_m","cchs2015_2016_m::SMK_040, cchs2017_2018_m::SMK_040, cchs2019_2020_m::SMK_040, cchs2021_m::SMK_040, cchs2022_m::SPU_15, cchs2023_m::SPU_15","","cont","NA::a","N/A","","Not applicable","","96","","Age daily (ever)","Age started smoking daily - ever-daily","","3.0.0-alpha","2026-01-04","active","NEW: Age started daily (continuous, ever-daily) for Master 2001-2023.",""
"SMK_040","N/A","cont","cchs2001_m, cchs2003_m, cchs2005_m, cchs2007_2008_m, cchs2009_2010_m, cchs2011_2012_m, cchs2013_2014_m, cchs2015_2016_m, cchs2017_2018_m, cchs2019_2020_m, cchs2021_m, cchs2022_m, cchs2023_m","cchs2001_m::[SMKA_203, SMKA_207], cchs2003_m::[SMKC_203, SMKC_207], cchs2005_m::[SMKE_203, SMKE_207], cchs2007_2008_m::[SMK_203, SMK_207], cchs2009_2010_m::[SMK_203, SMK_207], cchs2011_2012_m::[SMK_203, SMK_207], cchs2013_2014_m::[SMK_203, SMK_207], cchs2015_2016_m::SMK_040, cchs2017_2018_m::SMK_040, cchs2019_2020_m::SMK_040, cchs2021_m::SMK_040, cchs2022_m::SPU_15, cchs2023_m::SPU_15","","cont","NA::b","N/A","","Catch-all missing","","else","","Age daily (ever)","Age started smoking daily - ever-daily","","3.0.0-alpha","2026-01-04","active","NEW: Age started daily (continuous, ever-daily) for Master 2001-2023.",""
"SMK_040","N/A","cont","cchs2015_2016_m, cchs2017_2018_m, cchs2019_2020_m, cchs2021_m, cchs2022_m, cchs2023_m, cchs2009_2010_m, cchs2011_2012_m, cchs2013_2014_m","cchs2015_2016_m::SMK_040, cchs2017_2018_m::SMK_040, cchs2019_2020_m::SMK_040, cchs2021_m::SMK_040, cchs2022_m::SPU_15, cchs2023_m::SPU_15","","cont","NA::b","N/A","","Don't know/Refusal/Not stated","","[97,99]","","Age daily (ever)","Age started smoking daily - ever-daily","","3.0.0-alpha","2026-01-04","active","NEW: Age started daily (continuous, ever-daily) for Master 2001-2023.",""
"SMK_040","N/A","cont","cchs2015_2016_m, cchs2017_2018_m, cchs2019_2020_m, cchs2021_m, cchs2022_m, cchs2023_m, cchs2009_2010_m, cchs2011_2012_m, cchs2013_2014_m","cchs2015_2016_m::SMK_040, cchs2017_2018_m::SMK_040, cchs2019_2020_m::SMK_040, cchs2021_m::SMK_040, cchs2022_m::SPU_15, cchs2023_m::SPU_15","","cont","copy","N/A","","Age in years","years","[8,99]","","Age daily (ever)","Age started smoking daily - ever-daily","Evidence-based minimum age 8 (Holford et al.)","3.0.0-alpha","2026-01-04","active","NEW: Age started daily (continuous, ever-daily) for Master 2001-2023.",""
"SMK_203","N/A","cont","cchs2015_2016_m, cchs2017_2018_m, cchs2019_2020_m, cchs2021_m, cchs2022_m, cchs2023_m, cchs2009_2010_m, cchs2011_2012_m, cchs2013_2014_m","cchs2015_2016_m::[SMK_005, SMK_040], cchs2017_2018_m::[SMK_005, SMK_040], cchs2019_2020_m::[SMK_005, SMK_040], cchs2021_m::[SMK_005, SMK_040], cchs2022_m::[CSS_05, SPU_15], cchs2023_m::[CSS_05, SPU_15]","","cont","Func::calculate_SMKG203_from_combined","N/A","","Age in years","years","[8,99]","","Age daily (curr)","Age started smoking daily - current daily","Evidence-based minimum age 8 (Holford et al.)","3.0.0-alpha","2026-01-04","active","NEW: Age started daily (continuous, current daily) for Master 2001-2023.",""
"SMK_203","N/A","cont","cchs2001_m, cchs2003_m, cchs2005_m, cchs2007_2008_m, cchs2009_2010_m, cchs2011_2012_m, cchs2013_2014_m","cchs2001_m::SMKA_203, cchs2003_m::SMKC_203, cchs2005_m::SMKE_203, cchs2007_2008_m::SMK_203, cchs2009_2010_m::SMK_203, cchs2011_2012_m::SMK_203, cchs2013_2014_m::SMK_203","","cont","NA::a","N/A","","Not applicable","","96","","Age daily (curr)","Age started smoking daily - current daily","","3.0.0-alpha","2026-01-04","active","NEW: Age started daily (continuous, current daily) for Master 2001-2023.",""
"SMK_203","N/A","cont","cchs2001_m, cchs2003_m, cchs2005_m, cchs2007_2008_m, cchs2009_2010_m, cchs2011_2012_m, cchs2013_2014_m, cchs2015_2016_m, cchs2017_2018_m, cchs2019_2020_m, cchs2021_m, cchs2022_m, cchs2023_m","cchs2001_m::SMKA_203, cchs2003_m::SMKC_203, cchs2005_m::SMKE_203, cchs2007_2008_m::SMK_203, cchs2009_2010_m::SMK_203, cchs2011_2012_m::SMK_203, cchs2013_2014_m::SMK_203, cchs2015_2016_m::[SMK_005, SMK_040], cchs2017_2018_m::[SMK_005, SMK_040], cchs2019_2020_m::[SMK_005, SMK_040], cchs2021_m::[SMK_005, SMK_040], cchs2022_m::[CSS_05, SPU_15], cchs2023_m::[CSS_05, SPU_15]","","cont","NA::b","N/A","","Catch-all missing","","else","","Age daily (curr)","Age started smoking daily - current daily","","3.0.0-alpha","2026-01-04","active","NEW: Age started daily (continuous, current daily) for Master 2001-2023.",""
"SMK_203","N/A","cont","cchs2001_m, cchs2003_m, cchs2005_m, cchs2007_2008_m, cchs2009_2010_m, cchs2011_2012_m, cchs2013_2014_m","cchs2001_m::SMKA_203, cchs2003_m::SMKC_203, cchs2005_m::SMKE_203, cchs2007_2008_m::SMK_203, cchs2009_2010_m::SMK_203, cchs2011_2012_m::SMK_203, cchs2013_2014_m::SMK_203","","cont","NA::b","N/A","","Don't know/Refusal/Not stated","","[97,99]","","Age daily (curr)","Age started smoking daily - current daily","","3.0.0-alpha","2026-01-04","active","NEW: Age started daily (continuous, current daily) for Master 2001-2023.",""
"SMK_203","N/A","cont","cchs2001_m, cchs2003_m, cchs2005_m, cchs2007_2008_m, cchs2009_2010_m, cchs2011_2012_m, cchs2013_2014_m","cchs2001_m::SMKA_203, cchs2003_m::SMKC_203, cchs2005_m::SMKE_203, cchs2007_2008_m::SMK_203, cchs2009_2010_m::SMK_203, cchs2011_2012_m::SMK_203, cchs2013_2014_m::SMK_203","","cont","copy","N/A","","Age in years","years","[8,99]","","Age daily (curr)","Age started smoking daily - current daily","Evidence-based minimum age 8 (Holford et al.)","3.0.0-alpha","2026-01-04","active","NEW: Age started daily (continuous, current daily) for Master 2001-2023.",""
"SMK_207","N/A","cont","cchs2015_2016_m, cchs2017_2018_m, cchs2019_2020_m, cchs2021_m, cchs2022_m, cchs2023_m, cchs2009_2010_m, cchs2011_2012_m, cchs2013_2014_m","cchs2015_2016_m::[SMK_005, SMK_030, SMK_040], cchs2017_2018_m::[SMK_005, SMK_030, SMK_040], cchs2019_2020_m::[SMK_005, SMK_030, SMK_040], cchs2021_m::[SMK_005, SMK_030, SMK_040], cchs2022_m::[CSS_05, SPU_05, SPU_15], cchs2023_m::[CSS_05, SPU_05, SPU_15]","","cont","Func::calculate_SMKG207_from_combined","N/A","","Age in years","years","[8,99]","","Age daily (fmr)","Age started smoking daily - former daily","Evidence-based minimum age 8 (Holford et al.)","3.0.0-alpha","2026-01-04","active","NEW: Age started daily (continuous, former daily) for Master 2001-2023.",""
"SMK_207","N/A","cont","cchs2001_m, cchs2003_m, cchs2005_m, cchs2007_2008_m, cchs2009_2010_m, cchs2011_2012_m, cchs2013_2014_m","cchs2001_m::SMKA_207, cchs2003_m::SMKC_207, cchs2005_m::SMKE_207, cchs2007_2008_m::SMK_207, cchs2009_2010_m::SMK_207, cchs2011_2012_m::SMK_207, cchs2013_2014_m::SMK_207","","cont","NA::a","N/A","","Not applicable","","96","","Age daily (fmr)","Age started smoking daily - former daily","","3.0.0-alpha","2026-01-04","active","NEW: Age started daily (continuous, former daily) for Master 2001-2023.",""
"SMK_207","N/A","cont","cchs2001_m, cchs2003_m, cchs2005_m, cchs2007_2008_m, cchs2009_2010_m, cchs2011_2012_m, cchs2013_2014_m, cchs2015_2016_m, cchs2017_2018_m, cchs2019_2020_m, cchs2021_m, cchs2022_m, cchs2023_m","cchs2001_m::SMKA_207, cchs2003_m::SMKC_207, cchs2005_m::SMKE_207, cchs2007_2008_m::SMK_207, cchs2009_2010_m::SMK_207, cchs2011_2012_m::SMK_207, cchs2013_2014_m::SMK_207, cchs2015_2016_m::[SMK_005, SMK_030, SMK_040], cchs2017_2018_m::[SMK_005, SMK_030, SMK_040], cchs2019_2020_m::[SMK_005, SMK_030, SMK_040], cchs2021_m::[SMK_005, SMK_030, SMK_040], cchs2022_m::[CSS_05, SPU_05, SPU_15], cchs2023_m::[CSS_05, SPU_05, SPU_15]","","cont","NA::b","N/A","","Catch-all missing","","else","","Age daily (fmr)","Age started smoking daily - former daily","","3.0.0-alpha","2026-01-04","active","NEW: Age started daily (continuous, former daily) for Master 2001-2023.",""
"SMK_207","N/A","cont","cchs2001_m, cchs2003_m, cchs2005_m, cchs2007_2008_m, cchs2009_2010_m, cchs2011_2012_m, cchs2013_2014_m","cchs2001_m::SMKA_207, cchs2003_m::SMKC_207, cchs2005_m::SMKE_207, cchs2007_2008_m::SMK_207, cchs2009_2010_m::SMK_207, cchs2011_2012_m::SMK_207, cchs2013_2014_m::SMK_207","","cont","NA::b","N/A","","Don't know/Refusal/Not stated","","[97,99]","","Age daily (fmr)","Age started smoking daily - former daily","","3.0.0-alpha","2026-01-04","active","NEW: Age started daily (continuous, former daily) for Master 2001-2023.",""
"SMK_207","N/A","cont","cchs2001_m, cchs2003_m, cchs2005_m, cchs2007_2008_m, cchs2009_2010_m, cchs2011_2012_m, cchs2013_2014_m","cchs2001_m::SMKA_207, cchs2003_m::SMKC_207, cchs2005_m::SMKE_207, cchs2007_2008_m::SMK_207, cchs2009_2010_m::SMK_207, cchs2011_2012_m::SMK_207, cchs2013_2014_m::SMK_207","","cont","copy","N/A","","Age in years","years","[8,99]","","Age daily (fmr)","Age started smoking daily - former daily","Evidence-based minimum age 8 (Holford et al.)","3.0.0-alpha","2026-01-04","active","NEW: Age started daily (continuous, former daily) for Master 2001-2023.",""
"SMKG01C_A","SMKG01C_A_cat10_1","cat","cchs2001_p, cchs2003_p","cchs2001_p::SMKAG01C, cchs2003_p::SMKCG01C","ICES altered","cat","1","10","5 To 11 Years","age smoked first whole cigarette (5 to 11)","years","1","5 To 11 Years","Smoking initation","Age smoked first cigarette","","3.0.0-alpha","2026-01-04","active","Migrated from production. Converted deprecated _i suffix to _m.","No typeStart"
"SMKG01C_A","SMKG01C_A_cat10_2","cat","cchs2001_p, cchs2003_p","cchs2001_p::SMKAG01C, cchs2003_p::SMKCG01C","ICES altered","cat","2","10","12 To 14 Years","age smoked first whole cigarette (12 to 14)","years","2","12 To 14 Years","Smoking initation","Age smoked first cigarette","","3.0.0-alpha","2026-01-04","active","Migrated from production. Converted deprecated _i suffix to _m.","No typeStart"
"SMKG01C_A","SMKG01C_A_cat10_3","cat","cchs2001_p, cchs2003_p","cchs2001_p::SMKAG01C, cchs2003_p::SMKCG01C","ICES altered","cat","3","10","15 to 19 years","age smoked first whole cigarette (18 to 19)","years","3","15 To 19 Years","Smoking initation","Age smoked first cigarette","","3.0.0-alpha","2026-01-04","active","Migrated from production. Converted deprecated _i suffix to _m.","No typeStart"
"SMKG01C_A","SMKG01C_A_cat10_4","cat","cchs2001_p, cchs2003_p","cchs2001_p::SMKAG01C, cchs2003_p::SMKCG01C","ICES altered","cat","4","10","20 To 24 Years","age smoked first whole cigarette (20 to 24)","years","4","20 To 24 Years","Smoking initation","Age smoked first cigarette","","3.0.0-alpha","2026-01-04","active","Migrated from production. Converted deprecated _i suffix to _m.","No typeStart"
"SMKG01C_A","SMKG01C_A_cat10_5","cat","cchs2001_p, cchs2003_p","cchs2001_p::SMKAG01C, cchs2003_p::SMKCG01C","ICES altered","cat","5","10","25 To 29 Years","age smoked first whole cigarette (25 to 29)","years","5","25 To 29 Years","Smoking initation","Age smoked first cigarette","","3.0.0-alpha","2026-01-04","active","Migrated from production. Converted deprecated _i suffix to _m.","No typeStart"
"SMKG01C_A","SMKG01C_A_cat10_6","cat","cchs2001_p, cchs2003_p","cchs2001_p::SMKAG01C, cchs2003_p::SMKCG01C","ICES altered","cat","6","10","30 To 34 Years","age smoked first whole cigarette (30 to 34)","years","6","30 To 34 Years","Smoking initation","Age smoked first cigarette","","3.0.0-alpha","2026-01-04","active","Migrated from production. Converted deprecated _i suffix to _m.","No typeStart"
"SMKG01C_A","SMKG01C_A_cat10_7","cat","cchs2001_p, cchs2003_p","cchs2001_p::SMKAG01C, cchs2003_p::SMKCG01C","ICES altered","cat","7","10","35 To 39 Years","age smoked first whole cigarette (35 to 39)","years","7","35 To 39 Years","Smoking initation","Age smoked first cigarette","","3.0.0-alpha","2026-01-04","active","Migrated from production. Converted deprecated _i suffix to _m.","No typeStart"
"SMKG01C_A","SMKG01C_A_cat10_8","cat","cchs2001_p, cchs2003_p","cchs2001_p::SMKAG01C, cchs2003_p::SMKCG01C","ICES altered","cat","8","10","40 To 44 Years","age smoked first whole cigarette (40 to 44)","years","8","40 To 44 Years","Smoking initation","Age smoked first cigarette","","3.0.0-alpha","2026-01-04","active","Migrated from production. Converted deprecated _i suffix to _m.","No typeStart"
"SMKG01C_A","SMKG01C_A_cat10_9","cat","cchs2001_p, cchs2003_p","cchs2001_p::SMKAG01C, cchs2003_p::SMKCG01C","ICES altered","cat","9","10","45 To 49 Years","age smoked first whole cigarette (45 to 49)","years","9","45 To 49 Years","Smoking initation","Age smoked first cigarette","","3.0.0-alpha","2026-01-04","active","Migrated from production. Converted deprecated _i suffix to _m.","No typeStart"
"SMKG01C_A","SMKG01C_A_cat10_10","cat","cchs2001_p, cchs2003_p","cchs2001_p::SMKAG01C, cchs2003_p::SMKCG01C","ICES altered","cat","10","10","50 Years or more","age smoked first whole cigarette (50 plus)","years","10","50 Years or more","Smoking initation","Age smoked first cigarette","","3.0.0-alpha","2026-01-04","active","Migrated from production. Converted deprecated _i suffix to _m.","No typeStart"
"SMKG01C_A","SMKG01C_A_cat10_NAa","cat","cchs2001_p, cchs2003_p","cchs2001_p::SMKAG01C, cchs2003_p::SMKCG01C","ICES altered","cat","NA::a","10","not applicable","not applicable","years","96","not applicable","Smoking initation","Age smoked first cigarette","","3.0.0-alpha","2026-01-04","active","Migrated from production. Converted deprecated _i suffix to _m.","No typeStart"
"SMKG01C_A","SMKG01C_A_cat10_NAb","cat","cchs2001_p, cchs2003_p","cchs2001_p::SMKAG01C, cchs2003_p::SMKCG01C","ICES altered","cat","NA::b","10","Missing","missing","years","[97,99]","don't know (97); refusal (98); not stated (99)","Smoking initation","Age smoked first cigarette","","3.0.0-alpha","2026-01-04","active","Migrated from production. Converted deprecated _i suffix to _m.","No typeStart"
"SMKG01C_A","SMKG01C_A_cat10_NAb","cat","cchs2001_p, cchs2003_p","cchs2001_p::SMKAG01C, cchs2003_p::SMKCG01C","ICES altered","cat","NA::b","10","Missing","missing","years","else","else","Smoking initation","Age smoked first cigarette","","3.0.0-alpha","2026-01-04","active","Migrated from production. Converted deprecated _i suffix to _m.","No typeStart"
"SMKG01C_A","SMKG01C_A_cat10_1","cat","cchs2009_2010_m, cchs2011_2012_m, cchs2001_m, cchs2003_m, cchs2005_m, cchs2007_2008_m, cchs2013_2014_m, cchs2015_2016_m, cchs2017_2018_m, cchs2019_2020_m, cchs2021_m, cchs2022_m, cchs2023_m","cchs2001_m::SMKA_01C, cchs2003_m::SMKC_01C, cchs2005_m::SMKE_01C, cchs2015_2016_m::SMK_035, cchs2017_2018_m::SMK_035, cchs2019_2020_m::SMK_035, cchs2021_m::SMK_035, cchs2022_m::CSS_10, cchs2023_m::CSS_10, [SMK_01C]","ICES altered","cont","1","10","5 To 11 Years","age smoked first whole cigarette (5 to 11)","years","[5,12)","5 To 11 Years","Smoking initation","Age smoked first cigarette","","3.0.0-alpha","2026-01-04","active","Migrated from production. Converted deprecated _i suffix to _m.","No typeStart"
"SMKG01C_A","SMKG01C_A_cat10_2","cat","cchs2009_2010_m, cchs2011_2012_m, cchs2001_m, cchs2003_m, cchs2005_m, cchs2007_2008_m, cchs2013_2014_m, cchs2015_2016_m, cchs2017_2018_m, cchs2019_2020_m, cchs2021_m, cchs2022_m, cchs2023_m","cchs2001_m::SMKA_01C, cchs2003_m::SMKC_01C, cchs2005_m::SMKE_01C, cchs2015_2016_m::SMK_035, cchs2017_2018_m::SMK_035, cchs2019_2020_m::SMK_035, cchs2021_m::SMK_035, cchs2022_m::CSS_10, cchs2023_m::CSS_10, [SMK_01C]","ICES altered","cont","2","10","12 To 14 Years","age smoked first whole cigarette (12 to 14)","years","[12,15)","12 To 14 Years","Smoking initation","Age smoked first cigarette","","3.0.0-alpha","2026-01-04","active","Migrated from production. Converted deprecated _i suffix to _m.","No typeStart"
"SMKG01C_A","SMKG01C_A_cat10_3","cat","cchs2009_2010_m, cchs2011_2012_m, cchs2001_m, cchs2003_m, cchs2005_m, cchs2007_2008_m, cchs2013_2014_m, cchs2015_2016_m, cchs2017_2018_m, cchs2019_2020_m, cchs2021_m, cchs2022_m, cchs2023_m","cchs2001_m::SMKA_01C, cchs2003_m::SMKC_01C, cchs2005_m::SMKE_01C, cchs2015_2016_m::SMK_035, cchs2017_2018_m::SMK_035, cchs2019_2020_m::SMK_035, cchs2021_m::SMK_035, cchs2022_m::CSS_10, cchs2023_m::CSS_10, [SMK_01C]","ICES altered","cont","3","10","15 to 19 years","age smoked first whole cigarette (18 to 19)","years","[15,20)","15 To 19 Years","Smoking initation","Age smoked first cigarette","","3.0.0-alpha","2026-01-04","active","Migrated from production. Converted deprecated _i suffix to _m.","No typeStart"
"SMKG01C_A","SMKG01C_A_cat10_4","cat","cchs2009_2010_m, cchs2011_2012_m, cchs2001_m, cchs2003_m, cchs2005_m, cchs2007_2008_m, cchs2013_2014_m, cchs2015_2016_m, cchs2017_2018_m, cchs2019_2020_m, cchs2021_m, cchs2022_m, cchs2023_m","cchs2001_m::SMKA_01C, cchs2003_m::SMKC_01C, cchs2005_m::SMKE_01C, cchs2015_2016_m::SMK_035, cchs2017_2018_m::SMK_035, cchs2019_2020_m::SMK_035, cchs2021_m::SMK_035, cchs2022_m::CSS_10, cchs2023_m::CSS_10, [SMK_01C]","ICES altered","cont","4","10","20 To 24 Years","age smoked first whole cigarette (20 to 24)","years","[20,25)","20 To 24 Years","Smoking initation","Age smoked first cigarette","","3.0.0-alpha","2026-01-04","active","Migrated from production. Converted deprecated _i suffix to _m.","No typeStart"
"SMKG01C_A","SMKG01C_A_cat10_5","cat","cchs2009_2010_m, cchs2011_2012_m, cchs2001_m, cchs2003_m, cchs2005_m, cchs2007_2008_m, cchs2013_2014_m, cchs2015_2016_m, cchs2017_2018_m, cchs2019_2020_m, cchs2021_m, cchs2022_m, cchs2023_m","cchs2001_m::SMKA_01C, cchs2003_m::SMKC_01C, cchs2005_m::SMKE_01C, cchs2015_2016_m::SMK_035, cchs2017_2018_m::SMK_035, cchs2019_2020_m::SMK_035, cchs2021_m::SMK_035, cchs2022_m::CSS_10, cchs2023_m::CSS_10, [SMK_01C]","ICES altered","cont","5","10","25 To 29 Years","age smoked first whole cigarette (25 to 29)","years","[25,30)","25 To 29 Years","Smoking initation","Age smoked first cigarette","","3.0.0-alpha","2026-01-04","active","Migrated from production. Converted deprecated _i suffix to _m.","No typeStart"
"SMKG01C_A","SMKG01C_A_cat10_6","cat","cchs2009_2010_m, cchs2011_2012_m, cchs2001_m, cchs2003_m, cchs2005_m, cchs2007_2008_m, cchs2013_2014_m, cchs2015_2016_m, cchs2017_2018_m, cchs2019_2020_m, cchs2021_m, cchs2022_m, cchs2023_m","cchs2001_m::SMKA_01C, cchs2003_m::SMKC_01C, cchs2005_m::SMKE_01C, cchs2015_2016_m::SMK_035, cchs2017_2018_m::SMK_035, cchs2019_2020_m::SMK_035, cchs2021_m::SMK_035, cchs2022_m::CSS_10, cchs2023_m::CSS_10, [SMK_01C]","ICES altered","cont","6","10","30 To 34 Years","age smoked first whole cigarette (30 to 34)","years","[30,35)","30 To 34 Years","Smoking initation","Age smoked first cigarette","","3.0.0-alpha","2026-01-04","active","Migrated from production. Converted deprecated _i suffix to _m.","No typeStart"
"SMKG01C_A","SMKG01C_A_cat10_7","cat","cchs2009_2010_m, cchs2011_2012_m, cchs2001_m, cchs2003_m, cchs2005_m, cchs2007_2008_m, cchs2013_2014_m, cchs2015_2016_m, cchs2017_2018_m, cchs2019_2020_m, cchs2021_m, cchs2022_m, cchs2023_m","cchs2001_m::SMKA_01C, cchs2003_m::SMKC_01C, cchs2005_m::SMKE_01C, cchs2015_2016_m::SMK_035, cchs2017_2018_m::SMK_035, cchs2019_2020_m::SMK_035, cchs2021_m::SMK_035, cchs2022_m::CSS_10, cchs2023_m::CSS_10, [SMK_01C]","ICES altered","cont","7","10","35 To 39 Years","age smoked first whole cigarette (35 to 39)","years","[35,40)","35 To 39 Years","Smoking initation","Age smoked first cigarette","","3.0.0-alpha","2026-01-04","active","Migrated from production. Converted deprecated _i suffix to _m.","No typeStart"
"SMKG01C_A","SMKG01C_A_cat10_8","cat","cchs2009_2010_m, cchs2011_2012_m, cchs2001_m, cchs2003_m, cchs2005_m, cchs2007_2008_m, cchs2013_2014_m, cchs2015_2016_m, cchs2017_2018_m, cchs2019_2020_m, cchs2021_m, cchs2022_m, cchs2023_m","cchs2001_m::SMKA_01C, cchs2003_m::SMKC_01C, cchs2005_m::SMKE_01C, cchs2015_2016_m::SMK_035, cchs2017_2018_m::SMK_035, cchs2019_2020_m::SMK_035, cchs2021_m::SMK_035, cchs2022_m::CSS_10, cchs2023_m::CSS_10, [SMK_01C]","ICES altered","cont","8","10","40 To 44 Years","age smoked first whole cigarette (40 to 44)","years","[40,45)","40 To 44 Years","Smoking initation","Age smoked first cigarette","","3.0.0-alpha","2026-01-04","active","Migrated from production. Converted deprecated _i suffix to _m.","No typeStart"
"SMKG01C_A","SMKG01C_A_cat10_9","cat","cchs2009_2010_m, cchs2011_2012_m, cchs2001_m, cchs2003_m, cchs2005_m, cchs2007_2008_m, cchs2013_2014_m, cchs2015_2016_m, cchs2017_2018_m, cchs2019_2020_m, cchs2021_m, cchs2022_m, cchs2023_m","cchs2001_m::SMKA_01C, cchs2003_m::SMKC_01C, cchs2005_m::SMKE_01C, cchs2015_2016_m::SMK_035, cchs2017_2018_m::SMK_035, cchs2019_2020_m::SMK_035, cchs2021_m::SMK_035, cchs2022_m::CSS_10, cchs2023_m::CSS_10, [SMK_01C]","ICES altered","cont","9","10","45 To 49 Years","age smoked first whole cigarette (45 to 49)","years","[45,50)","45 To 49 Years","Smoking initation","Age smoked first cigarette","","3.0.0-alpha","2026-01-04","active","Migrated from production. Converted deprecated _i suffix to _m.","No typeStart"
"SMKG01C_A","SMKG01C_A_cat10_10","cat","cchs2009_2010_m, cchs2011_2012_m, cchs2001_m, cchs2003_m, cchs2005_m, cchs2007_2008_m, cchs2013_2014_m, cchs2015_2016_m, cchs2017_2018_m, cchs2019_2020_m, cchs2021_m, cchs2022_m, cchs2023_m","cchs2001_m::SMKA_01C, cchs2003_m::SMKC_01C, cchs2005_m::SMKE_01C, cchs2015_2016_m::SMK_035, cchs2017_2018_m::SMK_035, cchs2019_2020_m::SMK_035, cchs2021_m::SMK_035, cchs2022_m::CSS_10, cchs2023_m::CSS_10, [SMK_01C]","ICES altered","cont","10","10","50 Years or more","age smoked first whole cigarette (50 plus)","years","[50,80]","50 Years or more","Smoking initation","Age smoked first cigarette","","3.0.0-alpha","2026-01-04","active","Migrated from production. Converted deprecated _i suffix to _m.","No typeStart"
"SMKG01C_A","SMKG01C_A_cat10_NAa","cat","cchs2009_2010_m, cchs2011_2012_m, cchs2001_m, cchs2003_m, cchs2005_m, cchs2007_2008_m, cchs2013_2014_m, cchs2015_2016_m, cchs2017_2018_m, cchs2019_2020_m, cchs2021_m, cchs2022_m, cchs2023_m","cchs2001_m::SMKA_01C, cchs2003_m::SMKC_01C, cchs2005_m::SMKE_01C, cchs2015_2016_m::SMK_035, cchs2017_2018_m::SMK_035, cchs2019_2020_m::SMK_035, cchs2021_m::SMK_035, cchs2022_m::CSS_10, cchs2023_m::CSS_10, [SMK_01C]","ICES altered","cont","NA::a","10","not applicable","not applicable","years","996","not applicable","Smoking initation","Age smoked first cigarette","","3.0.0-alpha","2026-01-04","active","Migrated from production. Converted deprecated _i suffix to _m.","No typeStart"
"SMKG01C_A","SMKG01C_A_cat10_NAb","cat","cchs2009_2010_m, cchs2011_2012_m, cchs2001_m, cchs2003_m, cchs2005_m, cchs2007_2008_m, cchs2013_2014_m, cchs2015_2016_m, cchs2017_2018_m, cchs2019_2020_m, cchs2021_m, cchs2022_m, cchs2023_m","cchs2001_m::SMKA_01C, cchs2003_m::SMKC_01C, cchs2005_m::SMKE_01C, cchs2015_2016_m::SMK_035, cchs2017_2018_m::SMK_035, cchs2019_2020_m::SMK_035, cchs2021_m::SMK_035, cchs2022_m::CSS_10, cchs2023_m::CSS_10, [SMK_01C]","ICES altered","cont","NA::b","10","Missing","missing","years","[997,999]","don't know (997); refusal (998); not stated (999)","Smoking initation","Age smoked first cigarette","","3.0.0-alpha","2026-01-04","active","Migrated from production. Converted deprecated _i suffix to _m.","No typeStart"
"SMKG01C_A","SMKG01C_A_cat10_NAb","cat","cchs2009_2010_m, cchs2011_2012_m, cchs2001_m, cchs2003_m, cchs2005_m, cchs2007_2008_m, cchs2013_2014_m, cchs2015_2016_m, cchs2017_2018_m, cchs2019_2020_m, cchs2021_m, cchs2022_m, cchs2023_m","cchs2001_m::SMKA_01C, cchs2003_m::SMKC_01C, cchs2005_m::SMKE_01C, cchs2015_2016_m::SMK_035, cchs2017_2018_m::SMK_035, cchs2019_2020_m::SMK_035, cchs2021_m::SMK_035, cchs2022_m::CSS_10, cchs2023_m::CSS_10, [SMK_01C]","ICES altered","cont","NA::b","10","Missing","missing","years","else","else","Smoking initation","Age smoked first cigarette","","3.0.0-alpha","2026-01-04","active","Migrated from production. Converted deprecated _i suffix to _m.","No typeStart"
"SMKG01C_B","SMKG01C_B_cat11_1","cat","cchs2005_p, cchs2009_2010_p, cchs2011_2012_p, cchs2013_2014_p, cchs2015_2016_p, cchs2017_2018_p, cchs2011_2012_m, cchs2013_2014_m, cchs2009_2010_m","cchs2011_2012_m::SMK_01C, cchs2013_2014_m::SMK_01C, cchs2009_2010_m::SMK_01C, cchs2005_p::SMKEG01C, cchs2015_2016_p::SMKG035, cchs2017_2018_p::SMKG035, [SMKG01C]","","cat","1","11","5 To 11 Years","age smoked first whole cigarette (5 to 11)","years","1","5 To 11 Years","Smoking initation","Age smoked first cigarette","","3.0.0-alpha","2026-01-04","active","Migrated from production. Converted deprecated _i suffix to _m.","No typeStart"
"SMKG01C_B","SMKG01C_B_cat11_2","cat","cchs2005_p, cchs2009_2010_p, cchs2011_2012_p, cchs2013_2014_p, cchs2015_2016_p, cchs2017_2018_p, cchs2011_2012_m, cchs2013_2014_m, cchs2009_2010_m","cchs2011_2012_m::SMK_01C, cchs2013_2014_m::SMK_01C, cchs2009_2010_m::SMK_01C, cchs2005_p::SMKEG01C, cchs2015_2016_p::SMKG035, cchs2017_2018_p::SMKG035, [SMKG01C]","","cat","2","11","12 To 14 Years","age smoked first whole cigarette (12 to 14)","years","2","12 To 14 Years","Smoking initation","Age smoked first cigarette","","3.0.0-alpha","2026-01-04","active","Migrated from production. Converted deprecated _i suffix to _m.","No typeStart"
"SMKG01C_B","SMKG01C_B_cat11_3","cat","cchs2005_p, cchs2009_2010_p, cchs2011_2012_p, cchs2013_2014_p, cchs2015_2016_p, cchs2017_2018_p, cchs2011_2012_m, cchs2013_2014_m, cchs2009_2010_m","cchs2011_2012_m::SMK_01C, cchs2013_2014_m::SMK_01C, cchs2009_2010_m::SMK_01C, cchs2005_p::SMKEG01C, cchs2015_2016_p::SMKG035, cchs2017_2018_p::SMKG035, [SMKG01C]","","cat","3","11","15 To 17 Years","age smoked first whole cigarette (15 to 17)","years","3","15 To 17 Years","Smoking initation","Age smoked first cigarette","","3.0.0-alpha","2026-01-04","active","Migrated from production. Converted deprecated _i suffix to _m.","No typeStart"
"SMKG01C_B","SMKG01C_B_cat11_4","cat","cchs2005_p, cchs2009_2010_p, cchs2011_2012_p, cchs2013_2014_p, cchs2015_2016_p, cchs2017_2018_p, cchs2011_2012_m, cchs2013_2014_m, cchs2009_2010_m","cchs2011_2012_m::SMK_01C, cchs2013_2014_m::SMK_01C, cchs2009_2010_m::SMK_01C, cchs2005_p::SMKEG01C, cchs2015_2016_p::SMKG035, cchs2017_2018_p::SMKG035, [SMKG01C]","","cat","4","11","18 To 19 Years","age smoked first whole cigarette (18 to 19)","years","4","18 To 19 Years","Smoking initation","Age smoked first cigarette","","3.0.0-alpha","2026-01-04","active","Migrated from production. Converted deprecated _i suffix to _m.","No typeStart"
"SMKG01C_B","SMKG01C_B_cat11_5","cat","cchs2005_p, cchs2009_2010_p, cchs2011_2012_p, cchs2013_2014_p, cchs2015_2016_p, cchs2017_2018_p, cchs2011_2012_m, cchs2013_2014_m, cchs2009_2010_m","cchs2011_2012_m::SMK_01C, cchs2013_2014_m::SMK_01C, cchs2009_2010_m::SMK_01C, cchs2005_p::SMKEG01C, cchs2015_2016_p::SMKG035, cchs2017_2018_p::SMKG035, [SMKG01C]","","cat","5","11","20 To 24 Years","age smoked first whole cigarette (20 to 24)","years","5","20 To 24 Years","Smoking initation","Age smoked first cigarette","","3.0.0-alpha","2026-01-04","active","Migrated from production. Converted deprecated _i suffix to _m.","No typeStart"
"SMKG01C_B","SMKG01C_B_cat11_6","cat","cchs2005_p, cchs2009_2010_p, cchs2011_2012_p, cchs2013_2014_p, cchs2015_2016_p, cchs2017_2018_p, cchs2011_2012_m, cchs2013_2014_m, cchs2009_2010_m","cchs2011_2012_m::SMK_01C, cchs2013_2014_m::SMK_01C, cchs2009_2010_m::SMK_01C, cchs2005_p::SMKEG01C, cchs2015_2016_p::SMKG035, cchs2017_2018_p::SMKG035, [SMKG01C]","","cat","6","11","25 To 29 Years","age smoked first whole cigarette (25 to 29)","years","6","25 To 29 Years","Smoking initation","Age smoked first cigarette","","3.0.0-alpha","2026-01-04","active","Migrated from production. Converted deprecated _i suffix to _m.","No typeStart"
"SMKG01C_B","SMKG01C_B_cat11_7","cat","cchs2005_p, cchs2009_2010_p, cchs2011_2012_p, cchs2013_2014_p, cchs2015_2016_p, cchs2017_2018_p, cchs2011_2012_m, cchs2013_2014_m, cchs2009_2010_m","cchs2011_2012_m::SMK_01C, cchs2013_2014_m::SMK_01C, cchs2009_2010_m::SMK_01C, cchs2005_p::SMKEG01C, cchs2015_2016_p::SMKG035, cchs2017_2018_p::SMKG035, [SMKG01C]","","cat","7","11","30 To 34 Years","age smoked first whole cigarette (30 to 34)","years","7","30 To 34 Years","Smoking initation","Age smoked first cigarette","","3.0.0-alpha","2026-01-04","active","Migrated from production. Converted deprecated _i suffix to _m.","No typeStart"
"SMKG01C_B","SMKG01C_B_cat11_8","cat","cchs2005_p, cchs2009_2010_p, cchs2011_2012_p, cchs2013_2014_p, cchs2015_2016_p, cchs2017_2018_p, cchs2011_2012_m, cchs2013_2014_m, cchs2009_2010_m","cchs2011_2012_m::SMK_01C, cchs2013_2014_m::SMK_01C, cchs2009_2010_m::SMK_01C, cchs2005_p::SMKEG01C, cchs2015_2016_p::SMKG035, cchs2017_2018_p::SMKG035, [SMKG01C]","","cat","8","11","35 To 39 Years","age smoked first whole cigarette (35 to 39)","years","8","35 To 39 Years","Smoking initation","Age smoked first cigarette","","3.0.0-alpha","2026-01-04","active","Migrated from production. Converted deprecated _i suffix to _m.","No typeStart"
"SMKG01C_B","SMKG01C_B_cat11_9","cat","cchs2005_p, cchs2009_2010_p, cchs2011_2012_p, cchs2013_2014_p, cchs2015_2016_p, cchs2017_2018_p, cchs2011_2012_m, cchs2013_2014_m, cchs2009_2010_m","cchs2011_2012_m::SMK_01C, cchs2013_2014_m::SMK_01C, cchs2009_2010_m::SMK_01C, cchs2005_p::SMKEG01C, cchs2015_2016_p::SMKG035, cchs2017_2018_p::SMKG035, [SMKG01C]","","cat","9","11","40 To 44 Years","age smoked first whole cigarette (40 to 44)","years","9","40 To 44 Years","Smoking initation","Age smoked first cigarette","","3.0.0-alpha","2026-01-04","active","Migrated from production. Converted deprecated _i suffix to _m.","No typeStart"
"SMKG01C_B","SMKG01C_B_cat11_10","cat","cchs2005_p, cchs2009_2010_p, cchs2011_2012_p, cchs2013_2014_p, cchs2015_2016_p, cchs2017_2018_p, cchs2011_2012_m, cchs2013_2014_m, cchs2009_2010_m","cchs2011_2012_m::SMK_01C, cchs2013_2014_m::SMK_01C, cchs2009_2010_m::SMK_01C, cchs2005_p::SMKEG01C, cchs2015_2016_p::SMKG035, cchs2017_2018_p::SMKG035, [SMKG01C]","","cat","10","11","45 To 49 Years","age smoked first whole cigarette (45 to 49)","years","10","45 To 49 Years","Smoking initation","Age smoked first cigarette","","3.0.0-alpha","2026-01-04","active","Migrated from production. Converted deprecated _i suffix to _m.","No typeStart"
"SMKG01C_B","SMKG01C_B_cat11_11","cat","cchs2005_p, cchs2009_2010_p, cchs2011_2012_p, cchs2013_2014_p, cchs2015_2016_p, cchs2017_2018_p, cchs2011_2012_m, cchs2013_2014_m, cchs2009_2010_m","cchs2011_2012_m::SMK_01C, cchs2013_2014_m::SMK_01C, cchs2009_2010_m::SMK_01C, cchs2005_p::SMKEG01C, cchs2015_2016_p::SMKG035, cchs2017_2018_p::SMKG035, [SMKG01C]","","cat","11","11","50 Years or more","age smoked first whole cigarette (50 plus)","years","11","50 Years or more","Smoking initation","Age smoked first cigarette","","3.0.0-alpha","2026-01-04","active","Migrated from production. Converted deprecated _i suffix to _m.","No typeStart"
"SMKG01C_B","SMKG01C_B_cat10_NAa","cat","cchs2005_p, cchs2009_2010_p, cchs2011_2012_p, cchs2013_2014_p, cchs2015_2016_p, cchs2017_2018_p, cchs2011_2012_m, cchs2013_2014_m, cchs2009_2010_m","cchs2011_2012_m::SMK_01C, cchs2013_2014_m::SMK_01C, cchs2009_2010_m::SMK_01C, cchs2005_p::SMKEG01C, cchs2015_2016_p::SMKG035, cchs2017_2018_p::SMKG035, [SMKG01C]","","cat","NA::a","11","not applicable","not applicable","years","96","not applicable","Smoking initation","Age smoked first cigarette","","3.0.0-alpha","2026-01-04","active","Migrated from production. Converted deprecated _i suffix to _m.","No typeStart"
"SMKG01C_B","SMKG01C_B_cat10_NAb","cat","cchs2005_p, cchs2009_2010_p, cchs2011_2012_p, cchs2013_2014_p, cchs2015_2016_p, cchs2017_2018_p, cchs2011_2012_m, cchs2013_2014_m, cchs2009_2010_m","cchs2011_2012_m::SMK_01C, cchs2013_2014_m::SMK_01C, cchs2009_2010_m::SMK_01C, cchs2005_p::SMKEG01C, cchs2015_2016_p::SMKG035, cchs2017_2018_p::SMKG035, [SMKG01C]","","cat","NA::b","11","Missing","missing","years","[97,99]","don't know (97); refusal (98); not stated (99)","Smoking initation","Age smoked first cigarette","","3.0.0-alpha","2026-01-04","active","Migrated from production. Converted deprecated _i suffix to _m.","No typeStart"
"SMKG01C_B","SMKG01C_B_cat11_NAb","cat","cchs2005_p, cchs2009_2010_p, cchs2011_2012_p, cchs2013_2014_p, cchs2015_2016_p, cchs2017_2018_p, cchs2011_2012_m, cchs2013_2014_m, cchs2009_2010_m","cchs2011_2012_m::SMK_01C, cchs2013_2014_m::SMK_01C, cchs2009_2010_m::SMK_01C, cchs2005_p::SMKEG01C, cchs2015_2016_p::SMKG035, cchs2017_2018_p::SMKG035, [SMKG01C]","","cat","NA::b","11","Missing","missing","years","else","else","Smoking initation","Age smoked first cigarette","","3.0.0-alpha","2026-01-04","active","Migrated from production. Converted deprecated _i suffix to _m.","No typeStart"
"SMKG01C_B","SMKG01C_B_cat11_1","cat","cchs2009_2010_m, cchs2011_2012_m, cchs2001_m, cchs2003_m, cchs2005_m, cchs2007_2008_m, cchs2013_2014_m, cchs2015_2016_m, cchs2017_2018_m","cchs2001_m::SMKA_01C, cchs2003_m::SMKC_01C, cchs2005_m::SMKE_01C, cchs2015_2016_m::SMK_035, cchs2017_2018_m::SMK_035, [SMK_01C]","","cat","1","11","5 To 11 Years","age smoked first whole cigarette (5 to 11)","years","[5,12)","5 To 11 Years","Smoking initation","Age smoked first cigarette","","3.0.0-alpha","2026-01-04","active","Migrated from production. Converted deprecated _i suffix to _m.","No typeStart"
"SMKG01C_B","SMKG01C_B_cat11_2","cat","cchs2009_2010_m, cchs2011_2012_m, cchs2001_m, cchs2003_m, cchs2005_m, cchs2007_2008_m, cchs2013_2014_m, cchs2015_2016_m, cchs2017_2018_m","cchs2001_m::SMKA_01C, cchs2003_m::SMKC_01C, cchs2005_m::SMKE_01C, cchs2015_2016_m::SMK_035, cchs2017_2018_m::SMK_035, [SMK_01C]","","cat","2","11","12 To 14 Years","age smoked first whole cigarette (12 to 14)","years","[12,15)","12 To 14 Years","Smoking initation","Age smoked first cigarette","","3.0.0-alpha","2026-01-04","active","Migrated from production. Converted deprecated _i suffix to _m.","No typeStart"
"SMKG01C_B","SMKG01C_B_cat11_3","cat","cchs2009_2010_m, cchs2011_2012_m, cchs2001_m, cchs2003_m, cchs2005_m, cchs2007_2008_m, cchs2013_2014_m, cchs2015_2016_m, cchs2017_2018_m","cchs2001_m::SMKA_01C, cchs2003_m::SMKC_01C, cchs2005_m::SMKE_01C, cchs2015_2016_m::SMK_035, cchs2017_2018_m::SMK_035, [SMK_01C]","","cat","3","11","15 To 17 Years","age smoked first whole cigarette (15 to 17)","years","[15,18)","15 To 17 Years","Smoking initation","Age smoked first cigarette","","3.0.0-alpha","2026-01-04","active","Migrated from production. Converted deprecated _i suffix to _m.","No typeStart"
"SMKG01C_B","SMKG01C_B_cat11_4","cat","cchs2009_2010_m, cchs2011_2012_m, cchs2001_m, cchs2003_m, cchs2005_m, cchs2007_2008_m, cchs2013_2014_m, cchs2015_2016_m, cchs2017_2018_m","cchs2001_m::SMKA_01C, cchs2003_m::SMKC_01C, cchs2005_m::SMKE_01C, cchs2015_2016_m::SMK_035, cchs2017_2018_m::SMK_035, [SMK_01C]","","cat","4","11","18 To 19 Years","age smoked first whole cigarette (18 to 19)","years","[18,20)","18 To 19 Years","Smoking initation","Age smoked first cigarette","","3.0.0-alpha","2026-01-04","active","Migrated from production. Converted deprecated _i suffix to _m.","No typeStart"
"SMKG01C_B","SMKG01C_B_cat11_5","cat","cchs2009_2010_m, cchs2011_2012_m, cchs2001_m, cchs2003_m, cchs2005_m, cchs2007_2008_m, cchs2013_2014_m, cchs2015_2016_m, cchs2017_2018_m","cchs2001_m::SMKA_01C, cchs2003_m::SMKC_01C, cchs2005_m::SMKE_01C, cchs2015_2016_m::SMK_035, cchs2017_2018_m::SMK_035, [SMK_01C]","","cat","5","11","20 To 24 Years","age smoked first whole cigarette (20 to 24)","years","[20,25)","20 To 24 Years","Smoking initation","Age smoked first cigarette","","3.0.0-alpha","2026-01-04","active","Migrated from production. Converted deprecated _i suffix to _m.","No typeStart"
"SMKG01C_B","SMKG01C_B_cat11_6","cat","cchs2009_2010_m, cchs2011_2012_m, cchs2001_m, cchs2003_m, cchs2005_m, cchs2007_2008_m, cchs2013_2014_m, cchs2015_2016_m, cchs2017_2018_m","cchs2001_m::SMKA_01C, cchs2003_m::SMKC_01C, cchs2005_m::SMKE_01C, cchs2015_2016_m::SMK_035, cchs2017_2018_m::SMK_035, [SMK_01C]","","cat","6","11","25 To 29 Years","age smoked first whole cigarette (25 to 29)","years","[25,30)","25 To 29 Years","Smoking initation","Age smoked first cigarette","","3.0.0-alpha","2026-01-04","active","Migrated from production. Converted deprecated _i suffix to _m.","No typeStart"
"SMKG01C_B","SMKG01C_B_cat11_7","cat","cchs2009_2010_m, cchs2011_2012_m, cchs2001_m, cchs2003_m, cchs2005_m, cchs2007_2008_m, cchs2013_2014_m, cchs2015_2016_m, cchs2017_2018_m","cchs2001_m::SMKA_01C, cchs2003_m::SMKC_01C, cchs2005_m::SMKE_01C, cchs2015_2016_m::SMK_035, cchs2017_2018_m::SMK_035, [SMK_01C]","","cat","7","11","30 To 34 Years","age smoked first whole cigarette (30 to 34)","years","[30,35)","30 To 34 Years","Smoking initation","Age smoked first cigarette","","3.0.0-alpha","2026-01-04","active","Migrated from production. Converted deprecated _i suffix to _m.","No typeStart"
"SMKG01C_B","SMKG01C_B_cat11_8","cat","cchs2009_2010_m, cchs2011_2012_m, cchs2001_m, cchs2003_m, cchs2005_m, cchs2007_2008_m, cchs2013_2014_m, cchs2015_2016_m, cchs2017_2018_m","cchs2001_m::SMKA_01C, cchs2003_m::SMKC_01C, cchs2005_m::SMKE_01C, cchs2015_2016_m::SMK_035, cchs2017_2018_m::SMK_035, [SMK_01C]","","cat","8","11","35 To 39 Years","age smoked first whole cigarette (35 to 39)","years","[35,40)","35 To 39 Years","Smoking initation","Age smoked first cigarette","","3.0.0-alpha","2026-01-04","active","Migrated from production. Converted deprecated _i suffix to _m.","No typeStart"
"SMKG01C_B","SMKG01C_B_cat11_9","cat","cchs2009_2010_m, cchs2011_2012_m, cchs2001_m, cchs2003_m, cchs2005_m, cchs2007_2008_m, cchs2013_2014_m, cchs2015_2016_m, cchs2017_2018_m","cchs2001_m::SMKA_01C, cchs2003_m::SMKC_01C, cchs2005_m::SMKE_01C, cchs2015_2016_m::SMK_035, cchs2017_2018_m::SMK_035, [SMK_01C]","","cat","9","11","40 To 44 Years","age smoked first whole cigarette (40 to 44)","years","[40,45)","40 To 44 Years","Smoking initation","Age smoked first cigarette","","3.0.0-alpha","2026-01-04","active","Migrated from production. Converted deprecated _i suffix to _m.","No typeStart"
"SMKG01C_B","SMKG01C_B_cat11_10","cat","cchs2009_2010_m, cchs2011_2012_m, cchs2001_m, cchs2003_m, cchs2005_m, cchs2007_2008_m, cchs2013_2014_m, cchs2015_2016_m, cchs2017_2018_m","cchs2001_m::SMKA_01C, cchs2003_m::SMKC_01C, cchs2005_m::SMKE_01C, cchs2015_2016_m::SMK_035, cchs2017_2018_m::SMK_035, [SMK_01C]","","cat","10","11","45 To 49 Years","age smoked first whole cigarette (45 to 49)","years","[45,50)","45 To 49 Years","Smoking initation","Age smoked first cigarette","","3.0.0-alpha","2026-01-04","active","Migrated from production. Converted deprecated _i suffix to _m.","No typeStart"
"SMKG01C_B","SMKG01C_B_cat11_11","cat","cchs2009_2010_m, cchs2011_2012_m, cchs2001_m, cchs2003_m, cchs2005_m, cchs2007_2008_m, cchs2013_2014_m, cchs2015_2016_m, cchs2017_2018_m","cchs2001_m::SMKA_01C, cchs2003_m::SMKC_01C, cchs2005_m::SMKE_01C, cchs2015_2016_m::SMK_035, cchs2017_2018_m::SMK_035, [SMK_01C]","","cat","11","11","50 Years or more","age smoked first whole cigarette (50 plus)","years","[50,80]","50 Years or more","Smoking initation","Age smoked first cigarette","","3.0.0-alpha","2026-01-04","active","Migrated from production. Converted deprecated _i suffix to _m.","No typeStart"
"SMKG01C_B","SMKG01C_B_cat10_NAa","cat","cchs2009_2010_m, cchs2011_2012_m, cchs2001_m, cchs2003_m, cchs2005_m, cchs2007_2008_m, cchs2013_2014_m, cchs2015_2016_m, cchs2017_2018_m","cchs2001_m::SMKA_01C, cchs2003_m::SMKC_01C, cchs2005_m::SMKE_01C, cchs2015_2016_m::SMK_035, cchs2017_2018_m::SMK_035, [SMK_01C]","","cat","NA::a","11","not applicable","not applicable","years","996","not applicable","Smoking initation","Age smoked first cigarette","","3.0.0-alpha","2026-01-04","active","Migrated from production. Converted deprecated _i suffix to _m.","No typeStart"
"SMKG01C_B","SMKG01C_B_cat10_NAb","cat","cchs2009_2010_m, cchs2011_2012_m, cchs2001_m, cchs2003_m, cchs2005_m, cchs2007_2008_m, cchs2013_2014_m, cchs2015_2016_m, cchs2017_2018_m","cchs2001_m::SMKA_01C, cchs2003_m::SMKC_01C, cchs2005_m::SMKE_01C, cchs2015_2016_m::SMK_035, cchs2017_2018_m::SMK_035, [SMK_01C]","","cat","NA::b","11","Missing","missing","years","[997,999]","don't know (997); refusal (998); not stated (999)","Smoking initation","Age smoked first cigarette","","3.0.0-alpha","2026-01-04","active","Migrated from production. Converted deprecated _i suffix to _m.","No typeStart"
"SMKG01C_B","SMKG01C_B_cat11_NAb","cat","cchs2009_2010_m, cchs2011_2012_m, cchs2001_m, cchs2003_m, cchs2005_m, cchs2007_2008_m, cchs2013_2014_m, cchs2015_2016_m, cchs2017_2018_m","cchs2001_m::SMKA_01C, cchs2003_m::SMKC_01C, cchs2005_m::SMKE_01C, cchs2015_2016_m::SMK_035, cchs2017_2018_m::SMK_035, [SMK_01C]","","cat","NA::b","11","Missing","missing","years","else","else","Smoking initation","Age smoked first cigarette","","3.0.0-alpha","2026-01-04","active","Migrated from production. Converted deprecated _i suffix to _m.","No typeStart"
"SMKG040","SMKG04011_1","cat","cchs2015_2016_p, cchs2017_2018_p, cchs2021_p, cchs2023_p","[SMKG040]","DGM","cat","1","11","5 To 11 Years","age (5 to 11) started smoking daily - daily/former daily smoker","years","1","5 To 11 Years","Age daily (cat)","Age started smoking daily - ever-daily (categorical)","","3.0.0-alpha","2026-01-04","active","Migrated from production. Converted deprecated _i suffix to _m.",""
"SMKG040","SMKG04011_2","cat","cchs2015_2016_p, cchs2017_2018_p, cchs2021_p, cchs2023_p","[SMKG040]","DGM","cat","2","11","12 To 14 Years","age (12 to 14) started smoking daily - daily/former daily smoker","years","2","12 To 14 Years","Age daily (cat)","Age started smoking daily - ever-daily (categorical)","","3.0.0-alpha","2026-01-04","active","Migrated from production. Converted deprecated _i suffix to _m.",""
"SMKG040","SMKG04011_3","cat","cchs2015_2016_p, cchs2017_2018_p, cchs2021_p, cchs2023_p","[SMKG040]","DGM","cat","3","11","15 To 17 Years","age (15 to 17) started smoking daily - daily/former daily smoker","years","3","15 To 17 Years","Age daily (cat)","Age started smoking daily - ever-daily (categorical)","","3.0.0-alpha","2026-01-04","active","Migrated from production. Converted deprecated _i suffix to _m.",""
"SMKG040","SMKG04011_4","cat","cchs2015_2016_p, cchs2017_2018_p, cchs2021_p, cchs2023_p","[SMKG040]","DGM","cat","4","11","18 To 19 Years","age (18 to 19) started smoking daily - daily/former daily smoker","years","4","18 To 19 Years","Age daily (cat)","Age started smoking daily - ever-daily (categorical)","","3.0.0-alpha","2026-01-04","active","Migrated from production. Converted deprecated _i suffix to _m.",""
"SMKG040","SMKG04011_5","cat","cchs2015_2016_p, cchs2017_2018_p, cchs2021_p, cchs2023_p","[SMKG040]","DGM","cat","5","11","20 To 24 Years","age (20 to 24) started smoking daily - daily/former daily smoker","years","5","20 To 24 Years","Age daily (cat)","Age started smoking daily - ever-daily (categorical)","","3.0.0-alpha","2026-01-04","active","Migrated from production. Converted deprecated _i suffix to _m.",""
"SMKG040","SMKG04011_6","cat","cchs2015_2016_p, cchs2017_2018_p, cchs2021_p, cchs2023_p","[SMKG040]","DGM","cat","6","11","25 To 29 Years","age (25 to 29) started smoking daily - daily/former daily smoker","years","6","25 To 29 Years","Age daily (cat)","Age started smoking daily - ever-daily (categorical)","","3.0.0-alpha","2026-01-04","active","Migrated from production. Converted deprecated _i suffix to _m.",""
"SMKG040","SMKG04011_7","cat","cchs2015_2016_p, cchs2017_2018_p, cchs2021_p, cchs2023_p","[SMKG040]","DGM","cat","7","11","30 To 34 Years","age (30 to 34) started smoking daily - daily/former daily smoker","years","7","30 To 34 Years","Age daily (cat)","Age started smoking daily - ever-daily (categorical)","","3.0.0-alpha","2026-01-04","active","Migrated from production. Converted deprecated _i suffix to _m.",""
"SMKG040","SMKG04011_8","cat","cchs2015_2016_p, cchs2017_2018_p, cchs2021_p, cchs2023_p","[SMKG040]","DGM","cat","8","11","35 To 39 Years","age (35 to 39) started smoking daily - daily/former daily smoker","years","8","35 To 39 Years","Age daily (cat)","Age started smoking daily - ever-daily (categorical)","","3.0.0-alpha","2026-01-04","active","Migrated from production. Converted deprecated _i suffix to _m.",""
"SMKG040","SMKG04011_9","cat","cchs2015_2016_p, cchs2017_2018_p, cchs2021_p, cchs2023_p","[SMKG040]","DGM","cat","9","11","40 To 44 Years","age (40 to 44) started smoking daily - daily/former daily smoker","years","9","40 To 44 Years","Age daily (cat)","Age started smoking daily - ever-daily (categorical)","","3.0.0-alpha","2026-01-04","active","Migrated from production. Converted deprecated _i suffix to _m.",""
"SMKG040","SMKG04011_10","cat","cchs2015_2016_p, cchs2017_2018_p, cchs2021_p, cchs2023_p","[SMKG040]","DGM","cat","10","11","45 To 49 Years","age (45 to 49) started smoking daily - daily/former daily smoker","years","10","45 To 49 Years","Age daily (cat)","Age started smoking daily - ever-daily (categorical)","","3.0.0-alpha","2026-01-04","active","Migrated from production. Converted deprecated _i suffix to _m.",""
"SMKG040","SMKG04011_11","cat","cchs2015_2016_p, cchs2017_2018_p, cchs2021_p, cchs2023_p","[SMKG040]","DGM","cat","11","11","50 Years or more","age (50 or more) started smoking daily - daily/former daily smoker","years","11","50 Years or more","Age daily (cat)","Age started smoking daily - ever-daily (categorical)","","3.0.0-alpha","2026-01-04","active","Migrated from production. Converted deprecated _i suffix to _m.",""
"SMKG040","SMKG04011_NAa","cat","cchs2015_2016_p, cchs2017_2018_p, cchs2021_p, cchs2023_p","[SMKG040]","DGM","cat","NA::a","11","not applicable","not applicable","years","96","not applicable","Age daily (cat)","Age started smoking daily - ever-daily (categorical)","","3.0.0-alpha","2026-01-04","active","Migrated from production. Converted deprecated _i suffix to _m.",""
"SMKG040","SMKG04011_NAa","cat","cchs2015_2016_p, cchs2017_2018_p, cchs2021_p, cchs2023_p","[SMKG040]","DGM","cat","NA::b","11","Missing","missing","years","[97,99]","don't know (97); refusal (98); not stated (99)","Age daily (cat)","Age started smoking daily - ever-daily (categorical)","Don't know (97) and refusal (98) not included in CCHS 2015-2016 and CCHS 2017-2018","3.0.0-alpha","2026-01-04","active","Migrated from production. Converted deprecated _i suffix to _m.",""
"SMKG040","SMKG04011_NAa","cat","cchs2015_2016_p, cchs2017_2018_p, cchs2021_p, cchs2023_p","[SMKG040]","DGM","cat","NA::b","11","Missing","missing","years","else","else","Age daily (cat)","Age started smoking daily - ever-daily (categorical)","","3.0.0-alpha","2026-01-04","active","Migrated from production. Converted deprecated _i suffix to _m.",""
"SMKG040","SMKG04011_1","cat","cchs2015_2016_m, cchs2017_2018_m, cchs2019_2020_m, cchs2021_m, cchs2022_m, cchs2023_m","cchs2022_m::SPU_15, cchs2023_m::SPU_15, [SMK_040]","DGM","cat","1","11","5 To 11 Years","age (5 to 11) started smoking daily - daily/former daily smoker","years","[5,12)","5 To 11 Years","Age daily (cat)","Age started smoking daily - ever-daily (categorical)","","3.0.0-alpha","2026-01-04","active","Migrated from production. Converted deprecated _i suffix to _m.",""
"SMKG040","SMKG04011_2","cat","cchs2015_2016_m, cchs2017_2018_m, cchs2019_2020_m, cchs2021_m, cchs2022_m, cchs2023_m","cchs2022_m::SPU_15, cchs2023_m::SPU_15, [SMK_040]","DGM","cat","2","11","12 To 14 Years","age (12 to 14) started smoking daily - daily/former daily smoker","years","[12,15)","12 To 14 Years","Age daily (cat)","Age started smoking daily - ever-daily (categorical)","","3.0.0-alpha","2026-01-04","active","Migrated from production. Converted deprecated _i suffix to _m.",""
"SMKG040","SMKG04011_3","cat","cchs2015_2016_m, cchs2017_2018_m, cchs2019_2020_m, cchs2021_m, cchs2022_m, cchs2023_m","cchs2022_m::SPU_15, cchs2023_m::SPU_15, [SMK_040]","DGM","cat","3","11","15 To 17 Years","age (15 to 17) started smoking daily - daily/former daily smoker","years","[15,18)","15 To 17 Years","Age daily (cat)","Age started smoking daily - ever-daily (categorical)","","3.0.0-alpha","2026-01-04","active","Migrated from production. Converted deprecated _i suffix to _m.",""
"SMKG040","SMKG04011_4","cat","cchs2015_2016_m, cchs2017_2018_m, cchs2019_2020_m, cchs2021_m, cchs2022_m, cchs2023_m","cchs2022_m::SPU_15, cchs2023_m::SPU_15, [SMK_040]","DGM","cat","4","11","18 To 19 Years","age (18 to 19) started smoking daily - daily/former daily smoker","years","[18,20)","18 To 19 Years","Age daily (cat)","Age started smoking daily - ever-daily (categorical)","","3.0.0-alpha","2026-01-04","active","Migrated from production. Converted deprecated _i suffix to _m.",""
"SMKG040","SMKG04011_5","cat","cchs2015_2016_m, cchs2017_2018_m, cchs2019_2020_m, cchs2021_m, cchs2022_m, cchs2023_m","cchs2022_m::SPU_15, cchs2023_m::SPU_15, [SMK_040]","DGM","cat","5","11","20 To 24 Years","age (20 to 24) started smoking daily - daily/former daily smoker","years","[20,25)","20 To 24 Years","Age daily (cat)","Age started smoking daily - ever-daily (categorical)","","3.0.0-alpha","2026-01-04","active","Migrated from production. Converted deprecated _i suffix to _m.",""
"SMKG040","SMKG04011_6","cat","cchs2015_2016_m, cchs2017_2018_m, cchs2019_2020_m, cchs2021_m, cchs2022_m, cchs2023_m","cchs2022_m::SPU_15, cchs2023_m::SPU_15, [SMK_040]","DGM","cat","6","11","25 To 29 Years","age (25 to 29) started smoking daily - daily/former daily smoker","years","[25,30)","25 To 29 Years","Age daily (cat)","Age started smoking daily - ever-daily (categorical)","","3.0.0-alpha","2026-01-04","active","Migrated from production. Converted deprecated _i suffix to _m.",""
"SMKG040","SMKG04011_7","cat","cchs2015_2016_m, cchs2017_2018_m, cchs2019_2020_m, cchs2021_m, cchs2022_m, cchs2023_m","cchs2022_m::SPU_15, cchs2023_m::SPU_15, [SMK_040]","DGM","cat","7","11","30 To 34 Years","age (30 to 34) started smoking daily - daily/former daily smoker","years","[30,35)","30 To 34 Years","Age daily (cat)","Age started smoking daily - ever-daily (categorical)","","3.0.0-alpha","2026-01-04","active","Migrated from production. Converted deprecated _i suffix to _m.",""
"SMKG040","SMKG04011_8","cat","cchs2015_2016_m, cchs2017_2018_m, cchs2019_2020_m, cchs2021_m, cchs2022_m, cchs2023_m","cchs2022_m::SPU_15, cchs2023_m::SPU_15, [SMK_040]","DGM","cat","8","11","35 To 39 Years","age (35 to 39) started smoking daily - daily/former daily smoker","years","[35,40)","35 To 39 Years","Age daily (cat)","Age started smoking daily - ever-daily (categorical)","","3.0.0-alpha","2026-01-04","active","Migrated from production. Converted deprecated _i suffix to _m.",""
"SMKG040","SMKG04011_9","cat","cchs2015_2016_m, cchs2017_2018_m, cchs2019_2020_m, cchs2021_m, cchs2022_m, cchs2023_m","cchs2022_m::SPU_15, cchs2023_m::SPU_15, [SMK_040]","DGM","cat","9","11","40 To 44 Years","age (40 to 44) started smoking daily - daily/former daily smoker","years","[40,45)","40 To 44 Years","Age daily (cat)","Age started smoking daily - ever-daily (categorical)","","3.0.0-alpha","2026-01-04","active","Migrated from production. Converted deprecated _i suffix to _m.",""
"SMKG040","SMKG04011_10","cat","cchs2015_2016_m, cchs2017_2018_m, cchs2019_2020_m, cchs2021_m, cchs2022_m, cchs2023_m","cchs2022_m::SPU_15, cchs2023_m::SPU_15, [SMK_040]","DGM","cat","10","11","45 To 49 Years","age (45 to 49) started smoking daily - daily/former daily smoker","years","[45,50)","45 To 49 Years","Age daily (cat)","Age started smoking daily - ever-daily (categorical)","","3.0.0-alpha","2026-01-04","active","Migrated from production. Converted deprecated _i suffix to _m.",""
"SMKG040","SMKG04011_11","cat","cchs2015_2016_m, cchs2017_2018_m, cchs2019_2020_m, cchs2021_m, cchs2022_m, cchs2023_m","cchs2022_m::SPU_15, cchs2023_m::SPU_15, [SMK_040]","DGM","cat","11","11","50 Years or more","age (50 or more) started smoking daily - daily/former daily smoker","years","[50,84]","50 Years or more","Age daily (cat)","Age started smoking daily - ever-daily (categorical)","","3.0.0-alpha","2026-01-04","active","Migrated from production. Converted deprecated _i suffix to _m.",""
"SMKG040","SMKG04011_NAa","cat","cchs2015_2016_m, cchs2017_2018_m, cchs2019_2020_m, cchs2021_m, cchs2022_m, cchs2023_m","cchs2022_m::SPU_15, cchs2023_m::SPU_15, [SMK_040]","DGM","cat","NA::a","11","not applicable","not applicable","years","996","not applicable","Age daily (cat)","Age started smoking daily - ever-daily (categorical)","","3.0.0-alpha","2026-01-04","active","Migrated from production. Converted deprecated _i suffix to _m.",""
"SMKG040","SMKG04011_NAa","cat","cchs2015_2016_m, cchs2017_2018_m, cchs2019_2020_m, cchs2021_m, cchs2022_m, cchs2023_m","cchs2022_m::SPU_15, cchs2023_m::SPU_15, [SMK_040]","DGM","cat","NA::b","11","Missing","missing","years","[997,999]","don't know (997); refusal (998); not stated (999)","Age daily (cat)","Age started smoking daily - ever-daily (categorical)","","3.0.0-alpha","2026-01-04","active","Migrated from production. Converted deprecated _i suffix to _m.",""
"SMKG040","SMKG04011_NAa","cat","cchs2015_2016_m, cchs2017_2018_m, cchs2019_2020_m, cchs2021_m, cchs2022_m, cchs2023_m","cchs2022_m::SPU_15, cchs2023_m::SPU_15, [SMK_040]","DGM","cat","NA::b","11","Missing","missing","years","else","else","Age daily (cat)","Age started smoking daily - ever-daily (categorical)","","3.0.0-alpha","2026-01-04","active","Migrated from production. Converted deprecated _i suffix to _m.",""
"SMKG203_A","SMKG203_A_cat10_1","cat","cchs2001_p, cchs2003_p","cchs2001_p::SMKAG203, cchs2003_p::SMKCG203","ICES altered","cat","1","10","5 To 11 Years","age (5 to 11) started smoking daily - daily smoker","years","1","5 To 11 Years","Age 1st cig (daily)","Age started to smoke daily - daily smoker (G)","","3.0.0-alpha","2026-01-04","active","Migrated from production. Converted deprecated _i suffix to _m.",""
"SMKG203_A","SMKG203_A_cat10_2","cat","cchs2001_p, cchs2003_p","cchs2001_p::SMKAG203, cchs2003_p::SMKCG203","ICES altered","cat","2","10","12 To 14 Years","age (12 to 14) started smoking daily - daily smoker","years","2","12 To 14 Years","Age 1st cig (daily)","Age started to smoke daily - daily smoker (G)","","3.0.0-alpha","2026-01-04","active","Migrated from production. Converted deprecated _i suffix to _m.",""
"SMKG203_A","SMKG203_A_cat10_3","cat","cchs2001_p, cchs2003_p","cchs2001_p::SMKAG203, cchs2003_p::SMKCG203","ICES altered","cat","3","10","15 to 19 years","age (15 to 19) started smoking daily - daily smoker","years","3","15 to 19 Years","Age 1st cig (daily)","Age started to smoke daily - daily smoker (G)","","3.0.0-alpha","2026-01-04","active","Migrated from production. Converted deprecated _i suffix to _m.",""
"SMKG203_A","SMKG203_A_cat10_4","cat","cchs2001_p, cchs2003_p","cchs2001_p::SMKAG203, cchs2003_p::SMKCG203","ICES altered","cat","4","10","20 To 24 Years","age (20 to 24) started smoking daily - daily smoker","years","4","20 To 24 Years","Age 1st cig (daily)","Age started to smoke daily - daily smoker (G)","","3.0.0-alpha","2026-01-04","active","Migrated from production. Converted deprecated _i suffix to _m.",""
"SMKG203_A","SMKG203_A_cat10_5","cat","cchs2001_p, cchs2003_p","cchs2001_p::SMKAG203, cchs2003_p::SMKCG203","ICES altered","cat","5","10","25 To 29 Years","age (25 to 29) started smoking daily - daily smoker","years","5","25 To 29 Years","Age 1st cig (daily)","Age started to smoke daily - daily smoker (G)","","3.0.0-alpha","2026-01-04","active","Migrated from production. Converted deprecated _i suffix to _m.",""
"SMKG203_A","SMKG203_A_cat10_6","cat","cchs2001_p, cchs2003_p","cchs2001_p::SMKAG203, cchs2003_p::SMKCG203","ICES altered","cat","6","10","30 To 34 Years","age (30 to 34) started smoking daily - daily smoker","years","6","30 To 34 Years","Age 1st cig (daily)","Age started to smoke daily - daily smoker (G)","","3.0.0-alpha","2026-01-04","active","Migrated from production. Converted deprecated _i suffix to _m.",""
"SMKG203_A","SMKG203_A_cat10_7","cat","cchs2001_p, cchs2003_p","cchs2001_p::SMKAG203, cchs2003_p::SMKCG203","ICES altered","cat","7","10","35 To 39 Years","age (35 to 39) started smoking daily - daily smoker","years","7","35 To 39 Years","Age 1st cig (daily)","Age started to smoke daily - daily smoker (G)","","3.0.0-alpha","2026-01-04","active","Migrated from production. Converted deprecated _i suffix to _m.",""
"SMKG203_A","SMKG203_A_cat10_8","cat","cchs2001_p, cchs2003_p","cchs2001_p::SMKAG203, cchs2003_p::SMKCG203","ICES altered","cat","8","10","40 To 44 Years","age (40 to 44) started smoking daily - daily smoker","years","8","40 To 44 Years","Age 1st cig (daily)","Age started to smoke daily - daily smoker (G)","","3.0.0-alpha","2026-01-04","active","Migrated from production. Converted deprecated _i suffix to _m.",""
"SMKG203_A","SMKG203_A_cat10_9","cat","cchs2001_p, cchs2003_p","cchs2001_p::SMKAG203, cchs2003_p::SMKCG203","ICES altered","cat","9","10","45 To 49 Years","age (45 to 49) started smoking daily - daily smoker","years","9","45 To 49 Years","Age 1st cig (daily)","Age started to smoke daily - daily smoker (G)","","3.0.0-alpha","2026-01-04","active","Migrated from production. Converted deprecated _i suffix to _m.",""
"SMKG203_A","SMKG203_A_cat10_10","cat","cchs2001_p, cchs2003_p","cchs2001_p::SMKAG203, cchs2003_p::SMKCG203","ICES altered","cat","10","10","50 Years or more","age (50 or more) started smoking daily - daily smoker","years","10","50 Years or more","Age 1st cig (daily)","Age started to smoke daily - daily smoker (G)","","3.0.0-alpha","2026-01-04","active","Migrated from production. Converted deprecated _i suffix to _m.",""
"SMKG203_A","SMKG203_A_cat10_NAa","cat","cchs2001_p, cchs2003_p","cchs2001_p::SMKAG203, cchs2003_p::SMKCG203","ICES altered","cat","NA::a","10","not applicable","not applicable","years","96","not applicable","Age 1st cig (daily)","Age started to smoke daily - daily smoker (G)","","3.0.0-alpha","2026-01-04","active","Migrated from production. Converted deprecated _i suffix to _m.",""
"SMKG203_A","SMKG203_A_cat10_NAb","cat","cchs2001_p, cchs2003_p","cchs2001_p::SMKAG203, cchs2003_p::SMKCG203","ICES altered","cat","NA::b","10","Missing","missing","years","[97,99]","don't know (97); refusal (98); not stated (99)","Age 1st cig (daily)","Age started to smoke daily - daily smoker (G)","","3.0.0-alpha","2026-01-04","active","Migrated from production. Converted deprecated _i suffix to _m.",""
"SMKG203_A","SMKG203_A_cat10_NAb","cat","cchs2001_p, cchs2003_p","cchs2001_p::SMKAG203, cchs2003_p::SMKCG203","ICES altered","cat","NA::b","10","Missing","missing","years","else","else","Age 1st cig (daily)","Age started to smoke daily - daily smoker (G)","","3.0.0-alpha","2026-01-04","active","Migrated from production. Converted deprecated _i suffix to _m.",""
"SMKG203_A","SMKG203_A_cat10_1","cat","cchs2001_m, cchs2003_m, cchs2005_m, cchs2007_2008_m, cchs2009_2010_m, cchs2011_2012_m, cchs2013_2014_m","cchs2001_m::SMKA_203, cchs2003_m::SMKC_203, cchs2005_m::SMKE_203, [SMK_203]","ICES altered","cont","1","10","5 To 11 Years","age (5 to 11) started smoking daily - daily smoker","years","[5,12)","5 To 11 Years","Start age - daily smoker","Age started to smoke daily - daily smoker (G)","","3.0.0-alpha","2026-01-04","active","Migrated from production. Converted deprecated _i suffix to _m.",""
"SMKG203_A","SMKG203_A_cat10_2","cat","cchs2001_m, cchs2003_m, cchs2005_m, cchs2007_2008_m, cchs2009_2010_m, cchs2011_2012_m, cchs2013_2014_m","cchs2001_m::SMKA_203, cchs2003_m::SMKC_203, cchs2005_m::SMKE_203, [SMK_203]","ICES altered","cont","2","10","12 To 14 Years","age (12 to 14) started smoking daily - daily smoker","years","[12,15)","12 To 14 Years","Start age - daily smoker","Age started to smoke daily - daily smoker (G)","","3.0.0-alpha","2026-01-04","active","Migrated from production. Converted deprecated _i suffix to _m.",""
"SMKG203_A","SMKG203_A_cat10_3","cat","cchs2001_m, cchs2003_m, cchs2005_m, cchs2007_2008_m, cchs2009_2010_m, cchs2011_2012_m, cchs2013_2014_m","cchs2001_m::SMKA_203, cchs2003_m::SMKC_203, cchs2005_m::SMKE_203, [SMK_203]","ICES altered","cont","3","10","15 to 19 years","age (15 to 19) started smoking daily - daily smoker","years","[15,20)","15 to 19 Years","Start age - daily smoker","Age started to smoke daily - daily smoker (G)","","3.0.0-alpha","2026-01-04","active","Migrated from production. Converted deprecated _i suffix to _m.",""
"SMKG203_A","SMKG203_A_cat10_4","cat","cchs2001_m, cchs2003_m, cchs2005_m, cchs2007_2008_m, cchs2009_2010_m, cchs2011_2012_m, cchs2013_2014_m","cchs2001_m::SMKA_203, cchs2003_m::SMKC_203, cchs2005_m::SMKE_203, [SMK_203]","ICES altered","cont","4","10","20 To 24 Years","age (20 to 24) started smoking daily - daily smoker","years","[20,25)","20 To 24 Years","Start age - daily smoker","Age started to smoke daily - daily smoker (G)","","3.0.0-alpha","2026-01-04","active","Migrated from production. Converted deprecated _i suffix to _m.",""
"SMKG203_A","SMKG203_A_cat10_5","cat","cchs2001_m, cchs2003_m, cchs2005_m, cchs2007_2008_m, cchs2009_2010_m, cchs2011_2012_m, cchs2013_2014_m","cchs2001_m::SMKA_203, cchs2003_m::SMKC_203, cchs2005_m::SMKE_203, [SMK_203]","ICES altered","cont","5","10","25 To 29 Years","age (25 to 29) started smoking daily - daily smoker","years","[25,30)","25 To 29 Years","Start age - daily smoker","Age started to smoke daily - daily smoker (G)","","3.0.0-alpha","2026-01-04","active","Migrated from production. Converted deprecated _i suffix to _m.",""
"SMKG203_A","SMKG203_A_cat10_6","cat","cchs2001_m, cchs2003_m, cchs2005_m, cchs2007_2008_m, cchs2009_2010_m, cchs2011_2012_m, cchs2013_2014_m","cchs2001_m::SMKA_203, cchs2003_m::SMKC_203, cchs2005_m::SMKE_203, [SMK_203]","ICES altered","cont","6","10","30 To 34 Years","age (30 to 34) started smoking daily - daily smoker","years","[30,35)","30 To 34 Years","Start age - daily smoker","Age started to smoke daily - daily smoker (G)","","3.0.0-alpha","2026-01-04","active","Migrated from production. Converted deprecated _i suffix to _m.",""
"SMKG203_A","SMKG203_A_cat10_7","cat","cchs2001_m, cchs2003_m, cchs2005_m, cchs2007_2008_m, cchs2009_2010_m, cchs2011_2012_m, cchs2013_2014_m","cchs2001_m::SMKA_203, cchs2003_m::SMKC_203, cchs2005_m::SMKE_203, [SMK_203]","ICES altered","cont","7","10","35 To 39 Years","age (35 to 39) started smoking daily - daily smoker","years","[35,40)","35 To 39 Years","Start age - daily smoker","Age started to smoke daily - daily smoker (G)","","3.0.0-alpha","2026-01-04","active","Migrated from production. Converted deprecated _i suffix to _m.",""
"SMKG203_A","SMKG203_A_cat10_8","cat","cchs2001_m, cchs2003_m, cchs2005_m, cchs2007_2008_m, cchs2009_2010_m, cchs2011_2012_m, cchs2013_2014_m","cchs2001_m::SMKA_203, cchs2003_m::SMKC_203, cchs2005_m::SMKE_203, [SMK_203]","ICES altered","cont","8","10","40 To 44 Years","age (40 to 44) started smoking daily - daily smoker","years","[40,45)","40 To 44 Years","Start age - daily smoker","Age started to smoke daily - daily smoker (G)","","3.0.0-alpha","2026-01-04","active","Migrated from production. Converted deprecated _i suffix to _m.",""
"SMKG203_A","SMKG203_A_cat10_9","cat","cchs2001_m, cchs2003_m, cchs2005_m, cchs2007_2008_m, cchs2009_2010_m, cchs2011_2012_m, cchs2013_2014_m","cchs2001_m::SMKA_203, cchs2003_m::SMKC_203, cchs2005_m::SMKE_203, [SMK_203]","ICES altered","cont","9","10","45 To 49 Years","age (45 to 49) started smoking daily - daily smoker","years","[45,50)","45 To 49 Years","Start age - daily smoker","Age started to smoke daily - daily smoker (G)","","3.0.0-alpha","2026-01-04","active","Migrated from production. Converted deprecated _i suffix to _m.",""
"SMKG203_A","SMKG203_A_cat10_10","cat","cchs2001_m, cchs2003_m, cchs2005_m, cchs2007_2008_m, cchs2009_2010_m, cchs2011_2012_m, cchs2013_2014_m","cchs2001_m::SMKA_203, cchs2003_m::SMKC_203, cchs2005_m::SMKE_203, [SMK_203]","ICES altered","cont","10","10","50 Years or more","age (50 or more) started smoking daily - daily smoker","years","[50,84]","50 Years or more","Start age - daily smoker","Age started to smoke daily - daily smoker (G)","","3.0.0-alpha","2026-01-04","active","Migrated from production. Converted deprecated _i suffix to _m.",""
"SMKG203_A","SMKG203_A_cat10_NAa","cat","cchs2001_m, cchs2003_m, cchs2005_m, cchs2007_2008_m, cchs2009_2010_m, cchs2011_2012_m, cchs2013_2014_m","cchs2001_m::SMKA_203, cchs2003_m::SMKC_203, cchs2005_m::SMKE_203, [SMK_203]","ICES altered","cont","NA::a","10","not applicable","not applicable","years","996","not applicable","Start age - daily smoker","Age started to smoke daily - daily smoker (G)","","3.0.0-alpha","2026-01-04","active","Migrated from production. Converted deprecated _i suffix to _m.",""
"SMKG203_A","SMKG203_A_cat10_NAb","cat","cchs2001_m, cchs2003_m, cchs2005_m, cchs2007_2008_m, cchs2009_2010_m, cchs2011_2012_m, cchs2013_2014_m","cchs2001_m::SMKA_203, cchs2003_m::SMKC_203, cchs2005_m::SMKE_203, [SMK_203]","ICES altered","cont","NA::b","10","Missing","missing","years","[997,999]","don't know (97); refusal (98); not stated (99)","Start age - daily smoker","Age started to smoke daily - daily smoker (G)","","3.0.0-alpha","2026-01-04","active","Migrated from production. Converted deprecated _i suffix to _m.",""
"SMKG203_A","SMKG203_A_cat10_NAb","cat","cchs2001_m, cchs2003_m, cchs2005_m, cchs2007_2008_m, cchs2009_2010_m, cchs2011_2012_m, cchs2013_2014_m","cchs2001_m::SMKA_203, cchs2003_m::SMKC_203, cchs2005_m::SMKE_203, [SMK_203]","ICES altered","cont","NA::b","10","Missing","missing","years","else","else","Start age - daily smoker","Age started to smoke daily - daily smoker (G)","","3.0.0-alpha","2026-01-04","active","Migrated from production. Converted deprecated _i suffix to _m.",""
"SMKG203_B","SMKG203_B_cat11_1","cat","cchs2005_p, cchs2007_2008_m, cchs2009_2010_m, cchs2009_2010_p, cchs2011_2012_m, cchs2011_2012_p, cchs2013_2014_m, cchs2013_2014_p","cchs2007_2008_m::SMK_203, cchs2009_2010_m::SMK_203, cchs2011_2012_m::SMK_203, cchs2013_2014_m::SMK_203, cchs2005_p::SMKEG203, [SMKG203]","","cat","1","11","5 To 11 Years","age (5 to 11) started smoking daily - daily smoker","years","1","5 To 11 Years","Age 1st cig (daily)","Age started to smoke daily - daily smoker (G)","","3.0.0-alpha","2026-01-04","active","Migrated from production. Converted deprecated _i suffix to _m.",""
"SMKG203_B","SMKG203_B_cat11_2","cat","cchs2005_p, cchs2007_2008_m, cchs2009_2010_m, cchs2009_2010_p, cchs2011_2012_m, cchs2011_2012_p, cchs2013_2014_m, cchs2013_2014_p","cchs2007_2008_m::SMK_203, cchs2009_2010_m::SMK_203, cchs2011_2012_m::SMK_203, cchs2013_2014_m::SMK_203, cchs2005_p::SMKEG203, [SMKG203]","","cat","2","11","12 To 14 Years","age (12 to 14) started smoking daily - daily smoker","years","2","12 To 14 Years","Age 1st cig (daily)","Age started to smoke daily - daily smoker (G)","","3.0.0-alpha","2026-01-04","active","Migrated from production. Converted deprecated _i suffix to _m.",""
"SMKG203_B","SMKG203_B_cat11_3","cat","cchs2005_p, cchs2007_2008_m, cchs2009_2010_m, cchs2009_2010_p, cchs2011_2012_m, cchs2011_2012_p, cchs2013_2014_m, cchs2013_2014_p","cchs2007_2008_m::SMK_203, cchs2009_2010_m::SMK_203, cchs2011_2012_m::SMK_203, cchs2013_2014_m::SMK_203, cchs2005_p::SMKEG203, [SMKG203]","","cat","3","11","15 To 17 Years","age (15 to 17) started smoking daily - daily smoker","years","3","15 To 17 Years","Age 1st cig (daily)","Age started to smoke daily - daily smoker (G)","","3.0.0-alpha","2026-01-04","active","Migrated from production. Converted deprecated _i suffix to _m.",""
"SMKG203_B","SMKG203_B_cat11_4","cat","cchs2005_p, cchs2007_2008_m, cchs2009_2010_m, cchs2009_2010_p, cchs2011_2012_m, cchs2011_2012_p, cchs2013_2014_m, cchs2013_2014_p","cchs2007_2008_m::SMK_203, cchs2009_2010_m::SMK_203, cchs2011_2012_m::SMK_203, cchs2013_2014_m::SMK_203, cchs2005_p::SMKEG203, [SMKG203]","","cat","4","11","18 To 19 Years","age (18 to 19) started smoking daily - daily smoker","years","4","18 To 19 Years","Age 1st cig (daily)","Age started to smoke daily - daily smoker (G)","","3.0.0-alpha","2026-01-04","active","Migrated from production. Converted deprecated _i suffix to _m.",""
"SMKG203_B","SMKG203_B_cat11_5","cat","cchs2005_p, cchs2007_2008_m, cchs2009_2010_m, cchs2009_2010_p, cchs2011_2012_m, cchs2011_2012_p, cchs2013_2014_m, cchs2013_2014_p","cchs2007_2008_m::SMK_203, cchs2009_2010_m::SMK_203, cchs2011_2012_m::SMK_203, cchs2013_2014_m::SMK_203, cchs2005_p::SMKEG203, [SMKG203]","","cat","5","11","20 To 24 Years","age (20 to 24) started smoking daily - daily smoker","years","5","20 To 24 Years","Age 1st cig (daily)","Age started to smoke daily - daily smoker (G)","","3.0.0-alpha","2026-01-04","active","Migrated from production. Converted deprecated _i suffix to _m.",""
"SMKG203_B","SMKG203_B_cat11_6","cat","cchs2005_p, cchs2007_2008_m, cchs2009_2010_m, cchs2009_2010_p, cchs2011_2012_m, cchs2011_2012_p, cchs2013_2014_m, cchs2013_2014_p","cchs2007_2008_m::SMK_203, cchs2009_2010_m::SMK_203, cchs2011_2012_m::SMK_203, cchs2013_2014_m::SMK_203, cchs2005_p::SMKEG203, [SMKG203]","","cat","6","11","25 To 29 Years","age (25 to 29) started smoking daily - daily smoker","years","6","25 To 29 Years","Age 1st cig (daily)","Age started to smoke daily - daily smoker (G)","","3.0.0-alpha","2026-01-04","active","Migrated from production. Converted deprecated _i suffix to _m.",""
"SMKG203_B","SMKG203_B_cat11_7","cat","cchs2005_p, cchs2007_2008_m, cchs2009_2010_m, cchs2009_2010_p, cchs2011_2012_m, cchs2011_2012_p, cchs2013_2014_m, cchs2013_2014_p","cchs2007_2008_m::SMK_203, cchs2009_2010_m::SMK_203, cchs2011_2012_m::SMK_203, cchs2013_2014_m::SMK_203, cchs2005_p::SMKEG203, [SMKG203]","","cat","7","11","30 To 34 Years","age (30 to 34) started smoking daily - daily smoker","years","7","30 To 34 Years","Age 1st cig (daily)","Age started to smoke daily - daily smoker (G)","","3.0.0-alpha","2026-01-04","active","Migrated from production. Converted deprecated _i suffix to _m.",""
"SMKG203_B","SMKG203_B_cat11_8","cat","cchs2005_p, cchs2007_2008_m, cchs2009_2010_m, cchs2009_2010_p, cchs2011_2012_m, cchs2011_2012_p, cchs2013_2014_m, cchs2013_2014_p","cchs2007_2008_m::SMK_203, cchs2009_2010_m::SMK_203, cchs2011_2012_m::SMK_203, cchs2013_2014_m::SMK_203, cchs2005_p::SMKEG203, [SMKG203]","","cat","8","11","35 To 39 Years","age (35 to 39) started smoking daily - daily smoker","years","8","35 To 39 Years","Age 1st cig (daily)","Age started to smoke daily - daily smoker (G)","","3.0.0-alpha","2026-01-04","active","Migrated from production. Converted deprecated _i suffix to _m.",""
"SMKG203_B","SMKG203_B_cat11_9","cat","cchs2005_p, cchs2007_2008_m, cchs2009_2010_m, cchs2009_2010_p, cchs2011_2012_m, cchs2011_2012_p, cchs2013_2014_m, cchs2013_2014_p","cchs2007_2008_m::SMK_203, cchs2009_2010_m::SMK_203, cchs2011_2012_m::SMK_203, cchs2013_2014_m::SMK_203, cchs2005_p::SMKEG203, [SMKG203]","","cat","9","11","40 To 44 Years","age (40 to 44) started smoking daily - daily smoker","years","9","40 To 44 Years","Age 1st cig (daily)","Age started to smoke daily - daily smoker (G)","","3.0.0-alpha","2026-01-04","active","Migrated from production. Converted deprecated _i suffix to _m.",""
"SMKG203_B","SMKG203_B_cat11_10","cat","cchs2005_p, cchs2007_2008_m, cchs2009_2010_m, cchs2009_2010_p, cchs2011_2012_m, cchs2011_2012_p, cchs2013_2014_m, cchs2013_2014_p","cchs2007_2008_m::SMK_203, cchs2009_2010_m::SMK_203, cchs2011_2012_m::SMK_203, cchs2013_2014_m::SMK_203, cchs2005_p::SMKEG203, [SMKG203]","","cat","10","11","45 To 49 Years","age (45 to 49) started smoking daily - daily smoker","years","10","45 To 49 Years","Age 1st cig (daily)","Age started to smoke daily - daily smoker (G)","","3.0.0-alpha","2026-01-04","active","Migrated from production. Converted deprecated _i suffix to _m.",""
"SMKG203_B","SMKG203_B_cat11_11","cat","cchs2005_p, cchs2007_2008_m, cchs2009_2010_m, cchs2009_2010_p, cchs2011_2012_m, cchs2011_2012_p, cchs2013_2014_m, cchs2013_2014_p","cchs2007_2008_m::SMK_203, cchs2009_2010_m::SMK_203, cchs2011_2012_m::SMK_203, cchs2013_2014_m::SMK_203, cchs2005_p::SMKEG203, [SMKG203]","","cat","11","11","50 Years or more","age (50 plus) started smoking daily - daily smoker","years","11","50 Years or more","Age 1st cig (daily)","Age started to smoke daily - daily smoker (G)","","3.0.0-alpha","2026-01-04","active","Migrated from production. Converted deprecated _i suffix to _m.",""
"SMKG203_B","SMKG203_B_cat11_NAa","cat","cchs2005_p, cchs2007_2008_m, cchs2009_2010_m, cchs2009_2010_p, cchs2011_2012_m, cchs2011_2012_p, cchs2013_2014_m, cchs2013_2014_p","cchs2007_2008_m::SMK_203, cchs2009_2010_m::SMK_203, cchs2011_2012_m::SMK_203, cchs2013_2014_m::SMK_203, cchs2005_p::SMKEG203, [SMKG203]","","cat","NA::a","11","not applicable","not applicable","years","96","not applicable","Age 1st cig (daily)","Age started to smoke daily - daily smoker (G)","","3.0.0-alpha","2026-01-04","active","Migrated from production. Converted deprecated _i suffix to _m.",""
"SMKG203_B","SMKG203_B_cat11_NAb","cat","cchs2005_p, cchs2007_2008_m, cchs2009_2010_m, cchs2009_2010_p, cchs2011_2012_m, cchs2011_2012_p, cchs2013_2014_m, cchs2013_2014_p","cchs2007_2008_m::SMK_203, cchs2009_2010_m::SMK_203, cchs2011_2012_m::SMK_203, cchs2013_2014_m::SMK_203, cchs2005_p::SMKEG203, [SMKG203]","","cat","NA::b","11","Missing","missing","years","[97,99]","don't know (97); refusal (98); not stated (99)","Age 1st cig (daily)","Age started to smoke daily - daily smoker (G)","Don't know (97) and refusal (98) not included in CCHS 2015-2016 and CCHS 2017-2018","3.0.0-alpha","2026-01-04","active","Migrated from production. Converted deprecated _i suffix to _m.",""
"SMKG203_B","SMKG203_B_cat11_NAb","cat","cchs2005_p, cchs2007_2008_m, cchs2009_2010_m, cchs2009_2010_p, cchs2011_2012_m, cchs2011_2012_p, cchs2013_2014_m, cchs2013_2014_p","cchs2007_2008_m::SMK_203, cchs2009_2010_m::SMK_203, cchs2011_2012_m::SMK_203, cchs2013_2014_m::SMK_203, cchs2005_p::SMKEG203, [SMKG203]","","cat","NA::b","11","Missing","missing","years","else","else","Age 1st cig (daily)","Age started to smoke daily - daily smoker (G)","","3.0.0-alpha","2026-01-04","active","Migrated from production. Converted deprecated _i suffix to _m.",""
"SMKG207_A","SMKG207_A_cat10_1","cat","cchs2001_p, cchs2003_p","cchs2001_p::SMKAG207, cchs2003_p::SMKCG207","ICES altered","cat","1","10","5 To 11 Years","age (5 to 11) started smoking daily - daily smoker","years","1","5 To 11 Years","Start age daily (fmr)","Age started to smoke daily - former daily smoker","","3.0.0-alpha","2026-01-04","active","Migrated from production. Converted deprecated _i suffix to _m.",""
"SMKG207_A","SMKG207_A_cat10_2","cat","cchs2001_p, cchs2003_p","cchs2001_p::SMKAG207, cchs2003_p::SMKCG207","ICES altered","cat","2","10","12 To 14 Years","age (12 to 14) started smoking daily - daily smoker","years","2","12 To 14 Years","Start age daily (fmr)","Age started to smoke daily - former daily smoker","","3.0.0-alpha","2026-01-04","active","Migrated from production. Converted deprecated _i suffix to _m.",""
"SMKG207_A","SMKG207_A_cat10_3","cat","cchs2001_p, cchs2003_p","cchs2001_p::SMKAG207, cchs2003_p::SMKCG207","ICES altered","cat","3","10","15 to 19 years","age (15 to 19) started smoking daily - daily smoker","years","3","15 to 19 Years","Start age daily (fmr)","Age started to smoke daily - former daily smoker","","3.0.0-alpha","2026-01-04","active","Migrated from production. Converted deprecated _i suffix to _m.",""
"SMKG207_A","SMKG207_A_cat10_4","cat","cchs2001_p, cchs2003_p","cchs2001_p::SMKAG207, cchs2003_p::SMKCG207","ICES altered","cat","4","10","20 To 24 Years","age (20 to 24) started smoking daily - daily smoker","years","4","20 To 24 Years","Start age daily (fmr)","Age started to smoke daily - former daily smoker","","3.0.0-alpha","2026-01-04","active","Migrated from production. Converted deprecated _i suffix to _m.",""
"SMKG207_A","SMKG207_A_cat10_5","cat","cchs2001_p, cchs2003_p","cchs2001_p::SMKAG207, cchs2003_p::SMKCG207","ICES altered","cat","5","10","25 To 29 Years","age (25 to 29) started smoking daily - daily smoker","years","5","25 To 29 Years","Start age daily (fmr)","Age started to smoke daily - former daily smoker","","3.0.0-alpha","2026-01-04","active","Migrated from production. Converted deprecated _i suffix to _m.",""
"SMKG207_A","SMKG207_A_cat10_6","cat","cchs2001_p, cchs2003_p","cchs2001_p::SMKAG207, cchs2003_p::SMKCG207","ICES altered","cat","6","10","30 To 34 Years","age (30 to 34) started smoking daily - daily smoker","years","6","30 To 34 Years","Start age daily (fmr)","Age started to smoke daily - former daily smoker","","3.0.0-alpha","2026-01-04","active","Migrated from production. Converted deprecated _i suffix to _m.",""
"SMKG207_A","SMKG207_A_cat10_7","cat","cchs2001_p, cchs2003_p","cchs2001_p::SMKAG207, cchs2003_p::SMKCG207","ICES altered","cat","7","10","35 To 39 Years","age (35 to 39) started smoking daily - daily smoker","years","7","35 To 39 Years","Start age daily (fmr)","Age started to smoke daily - former daily smoker","","3.0.0-alpha","2026-01-04","active","Migrated from production. Converted deprecated _i suffix to _m.",""
"SMKG207_A","SMKG207_A_cat10_8","cat","cchs2001_p, cchs2003_p","cchs2001_p::SMKAG207, cchs2003_p::SMKCG207","ICES altered","cat","8","10","40 To 44 Years","age (40 to 44) started smoking daily - daily smoker","years","8","40 To 44 Years","Start age daily (fmr)","Age started to smoke daily - former daily smoker","","3.0.0-alpha","2026-01-04","active","Migrated from production. Converted deprecated _i suffix to _m.",""
"SMKG207_A","SMKG207_A_cat10_9","cat","cchs2001_p, cchs2003_p","cchs2001_p::SMKAG207, cchs2003_p::SMKCG207","ICES altered","cat","9","10","45 To 49 Years","age (45 to 49) started smoking daily - daily smoker","years","9","45 To 49 Years","Start age daily (fmr)","Age started to smoke daily - former daily smoker","","3.0.0-alpha","2026-01-04","active","Migrated from production. Converted deprecated _i suffix to _m.",""
"SMKG207_A","SMKG207_A_cat10_10","cat","cchs2001_p, cchs2003_p","cchs2001_p::SMKAG207, cchs2003_p::SMKCG207","ICES altered","cat","10","10","50 Years or more","age (50 or more) started smoking daily - daily smoker","years","10","50 Years or more","Start age daily (fmr)","Age started to smoke daily - former daily smoker","","3.0.0-alpha","2026-01-04","active","Migrated from production. Converted deprecated _i suffix to _m.",""
"SMKG207_A","SMKG207_A_cat10_NAa","cat","cchs2001_p, cchs2003_p","cchs2001_p::SMKAG207, cchs2003_p::SMKCG207","ICES altered","cat","NA::a","10","not applicable","not applicable","years","96","not applicable","Start age daily (fmr)","Age started to smoke daily - former daily smoker","","3.0.0-alpha","2026-01-04","active","Migrated from production. Converted deprecated _i suffix to _m.",""
"SMKG207_A","SMKG207_A_cat10_NAb","cat","cchs2001_p, cchs2003_p","cchs2001_p::SMKAG207, cchs2003_p::SMKCG207","ICES altered","cat","NA::b","10","Missing","missing","years","[97,99]","don't know (97); refusal (98); not stated (99)","Start age daily (fmr)","Age started to smoke daily - former daily smoker","","3.0.0-alpha","2026-01-04","active","Migrated from production. Converted deprecated _i suffix to _m.",""
"SMKG207_A","SMKG207_A_cat10_NAb","cat","cchs2001_p, cchs2003_p","cchs2001_p::SMKAG207, cchs2003_p::SMKCG207","ICES altered","cat","NA::b","10","Missing","missing","years","else","else","Start age daily (fmr)","Age started to smoke daily - former daily smoker","","3.0.0-alpha","2026-01-04","active","Migrated from production. Converted deprecated _i suffix to _m.",""
"SMKG207_A","SMKG207_A_cat10_1","cat","cchs2001_m, cchs2003_m, cchs2005_m, cchs2007_2008_m, cchs2009_2010_m, cchs2011_2012_m, cchs2013_2014_m","cchs2001_m::SMKA_207, cchs2003_m::SMKC_207, cchs2005_m::SMKE_207, [SMK_207]","ICES altered","cont","1","10","5 To 11 Years","age (5 to 11) started smoking daily - daily smoker","years","[5,12)","5 To 11 Years","Start age daily (fmr)","Age started to smoke daily - former daily smoker","","3.0.0-alpha","2026-01-04","active","Migrated from production. Converted deprecated _i suffix to _m.",""
"SMKG207_A","SMKG207_A_cat10_2","cat","cchs2001_m, cchs2003_m, cchs2005_m, cchs2007_2008_m, cchs2009_2010_m, cchs2011_2012_m, cchs2013_2014_m","cchs2001_m::SMKA_207, cchs2003_m::SMKC_207, cchs2005_m::SMKE_207, [SMK_207]","ICES altered","cont","2","10","12 To 14 Years","age (12 to 14) started smoking daily - daily smoker","years","[12,15)","12 To 14 Years","Start age daily (fmr)","Age started to smoke daily - former daily smoker","","3.0.0-alpha","2026-01-04","active","Migrated from production. Converted deprecated _i suffix to _m.",""
"SMKG207_A","SMKG207_A_cat10_3","cat","cchs2001_m, cchs2003_m, cchs2005_m, cchs2007_2008_m, cchs2009_2010_m, cchs2011_2012_m, cchs2013_2014_m","cchs2001_m::SMKA_207, cchs2003_m::SMKC_207, cchs2005_m::SMKE_207, [SMK_207]","ICES altered","cont","3","10","15 to 19 years","age (15 to 19) started smoking daily - daily smoker","years","[15,20)","15 To 19 Years","Start age daily (fmr)","Age started to smoke daily - former daily smoker","","3.0.0-alpha","2026-01-04","active","Migrated from production. Converted deprecated _i suffix to _m.",""
"SMKG207_A","SMKG207_A_cat10_4","cat","cchs2001_m, cchs2003_m, cchs2005_m, cchs2007_2008_m, cchs2009_2010_m, cchs2011_2012_m, cchs2013_2014_m","cchs2001_m::SMKA_207, cchs2003_m::SMKC_207, cchs2005_m::SMKE_207, [SMK_207]","ICES altered","cont","4","10","20 To 24 Years","age (20 to 24) started smoking daily - daily smoker","years","[20,25)","20 To 24 Years","Start age daily (fmr)","Age started to smoke daily - former daily smoker","","3.0.0-alpha","2026-01-04","active","Migrated from production. Converted deprecated _i suffix to _m.",""
"SMKG207_A","SMKG207_A_cat10_5","cat","cchs2001_m, cchs2003_m, cchs2005_m, cchs2007_2008_m, cchs2009_2010_m, cchs2011_2012_m, cchs2013_2014_m","cchs2001_m::SMKA_207, cchs2003_m::SMKC_207, cchs2005_m::SMKE_207, [SMK_207]","ICES altered","cont","5","10","25 To 29 Years","age (25 to 29) started smoking daily - daily smoker","years","[25,30)","25 To 29 Years","Start age daily (fmr)","Age started to smoke daily - former daily smoker","","3.0.0-alpha","2026-01-04","active","Migrated from production. Converted deprecated _i suffix to _m.",""
"SMKG207_A","SMKG207_A_cat10_6","cat","cchs2001_m, cchs2003_m, cchs2005_m, cchs2007_2008_m, cchs2009_2010_m, cchs2011_2012_m, cchs2013_2014_m","cchs2001_m::SMKA_207, cchs2003_m::SMKC_207, cchs2005_m::SMKE_207, [SMK_207]","ICES altered","cont","6","10","30 To 34 Years","age (30 to 34) started smoking daily - daily smoker","years","[30,35)","30 To 34 Years","Start age daily (fmr)","Age started to smoke daily - former daily smoker","","3.0.0-alpha","2026-01-04","active","Migrated from production. Converted deprecated _i suffix to _m.",""
"SMKG207_A","SMKG207_A_cat10_7","cat","cchs2001_m, cchs2003_m, cchs2005_m, cchs2007_2008_m, cchs2009_2010_m, cchs2011_2012_m, cchs2013_2014_m","cchs2001_m::SMKA_207, cchs2003_m::SMKC_207, cchs2005_m::SMKE_207, [SMK_207]","ICES altered","cont","7","10","35 To 39 Years","age (35 to 39) started smoking daily - daily smoker","years","[35,40)","35 To 39 Years","Start age daily (fmr)","Age started to smoke daily - former daily smoker","","3.0.0-alpha","2026-01-04","active","Migrated from production. Converted deprecated _i suffix to _m.",""
"SMKG207_A","SMKG207_A_cat10_8","cat","cchs2001_m, cchs2003_m, cchs2005_m, cchs2007_2008_m, cchs2009_2010_m, cchs2011_2012_m, cchs2013_2014_m","cchs2001_m::SMKA_207, cchs2003_m::SMKC_207, cchs2005_m::SMKE_207, [SMK_207]","ICES altered","cont","8","10","40 To 44 Years","age (40 to 44) started smoking daily - daily smoker","years","[40,45)","40 To 44 Years","Start age daily (fmr)","Age started to smoke daily - former daily smoker","","3.0.0-alpha","2026-01-04","active","Migrated from production. Converted deprecated _i suffix to _m.",""
"SMKG207_A","SMKG207_A_cat10_9","cat","cchs2001_m, cchs2003_m, cchs2005_m, cchs2007_2008_m, cchs2009_2010_m, cchs2011_2012_m, cchs2013_2014_m","cchs2001_m::SMKA_207, cchs2003_m::SMKC_207, cchs2005_m::SMKE_207, [SMK_207]","ICES altered","cont","9","10","45 To 49 Years","age (45 to 49) started smoking daily - daily smoker","years","[45,50)","45 To 49 Years","Start age daily (fmr)","Age started to smoke daily - former daily smoker","","3.0.0-alpha","2026-01-04","active","Migrated from production. Converted deprecated _i suffix to _m.",""
"SMKG207_A","SMKG207_A_cat10_10","cat","cchs2001_m, cchs2003_m, cchs2005_m, cchs2007_2008_m, cchs2009_2010_m, cchs2011_2012_m, cchs2013_2014_m","cchs2001_m::SMKA_207, cchs2003_m::SMKC_207, cchs2005_m::SMKE_207, [SMK_207]","ICES altered","cont","10","10","50 Years or more","age (50 or more) started smoking daily - daily smoker","years","[50,80]","50 Years or more","Start age daily (fmr)","Age started to smoke daily - former daily smoker","","3.0.0-alpha","2026-01-04","active","Migrated from production. Converted deprecated _i suffix to _m.",""
"SMKG207_A","SMKG207_A_cat10_NAa","cat","cchs2001_m, cchs2003_m, cchs2005_m, cchs2007_2008_m, cchs2009_2010_m, cchs2011_2012_m, cchs2013_2014_m","cchs2001_m::SMKA_207, cchs2003_m::SMKC_207, cchs2005_m::SMKE_207, [SMK_207]","ICES altered","cont","NA::a","10","not applicable","not applicable","years","996","not applicable","Start age daily (fmr)","Age started to smoke daily - former daily smoker","","3.0.0-alpha","2026-01-04","active","Migrated from production. Converted deprecated _i suffix to _m.",""
"SMKG207_A","SMKG207_A_cat10_NAb","cat","cchs2001_m, cchs2003_m, cchs2005_m, cchs2007_2008_m, cchs2009_2010_m, cchs2011_2012_m, cchs2013_2014_m","cchs2001_m::SMKA_207, cchs2003_m::SMKC_207, cchs2005_m::SMKE_207, [SMK_207]","ICES altered","cont","NA::b","10","Missing","missing","years","[997,999]","don't know (997); refusal (998); not stated (999)","Start age daily (fmr)","Age started to smoke daily - former daily smoker","","3.0.0-alpha","2026-01-04","active","Migrated from production. Converted deprecated _i suffix to _m.",""
"SMKG207_A","SMKG207_A_cat10_NAb","cat","cchs2001_m, cchs2003_m, cchs2005_m, cchs2007_2008_m, cchs2009_2010_m, cchs2011_2012_m, cchs2013_2014_m","cchs2001_m::SMKA_207, cchs2003_m::SMKC_207, cchs2005_m::SMKE_207, [SMK_207]","ICES altered","cont","NA::b","10","Missing","missing","years","else","else","Start age daily (fmr)","Age started to smoke daily - former daily smoker","","3.0.0-alpha","2026-01-04","active","Migrated from production. Converted deprecated _i suffix to _m.",""
"SMKG207_B","SMKG207_B_cat11_1","cat","cchs2005_p, cchs2009_2010_p, cchs2011_2012_p, cchs2013_2014_p","cchs2005_p::SMKEG207, [SMKG207]","","cat","1","11","5 To 11 Years","age (5 to 11) started smoking daily - former daily smoker","years","1","5 To 11 Years","Start age daily (fmr)","Age started to smoke daily - former daily smoker","","3.0.0-alpha","2026-01-04","active","Migrated from production. Converted deprecated _i suffix to _m.",""
"SMKG207_B","SMKG207_B_cat11_2","cat","cchs2005_p, cchs2009_2010_p, cchs2011_2012_p, cchs2013_2014_p","cchs2005_p::SMKEG207, [SMKG207]","","cat","2","11","12 To 14 Years","age (12 to 14) started smoking daily - former daily smoker","years","2","12 To 14 Years","Start age daily (fmr)","Age started to smoke daily - former daily smoker","","3.0.0-alpha","2026-01-04","active","Migrated from production. Converted deprecated _i suffix to _m.",""
"SMKG207_B","SMKG207_B_cat11_3","cat","cchs2005_p, cchs2009_2010_p, cchs2011_2012_p, cchs2013_2014_p","cchs2005_p::SMKEG207, [SMKG207]","","cat","3","11","15 To 17 Years","age (15 to 17) started smoking daily - former daily smoker","years","3","15 To 17 Years","Start age daily (fmr)","Age started to smoke daily - former daily smoker","","3.0.0-alpha","2026-01-04","active","Migrated from production. Converted deprecated _i suffix to _m.",""
"SMKG207_B","SMKG207_B_cat11_4","cat","cchs2005_p, cchs2009_2010_p, cchs2011_2012_p, cchs2013_2014_p","cchs2005_p::SMKEG207, [SMKG207]","","cat","4","11","18 To 19 Years","age (18 to 19) started smoking daily - former daily smoker","years","4","18 To 19 Years","Start age daily (fmr)","Age started to smoke daily - former daily smoker","","3.0.0-alpha","2026-01-04","active","Migrated from production. Converted deprecated _i suffix to _m.",""
"SMKG207_B","SMKG207_B_cat11_5","cat","cchs2005_p, cchs2009_2010_p, cchs2011_2012_p, cchs2013_2014_p","cchs2005_p::SMKEG207, [SMKG207]","","cat","5","11","20 To 24 Years","age (20 to 24) started smoking daily - former daily smoker","years","5","20 To 24 Years","Start age daily (fmr)","Age started to smoke daily - former daily smoker","","3.0.0-alpha","2026-01-04","active","Migrated from production. Converted deprecated _i suffix to _m.",""
"SMKG207_B","SMKG207_B_cat11_6","cat","cchs2005_p, cchs2009_2010_p, cchs2011_2012_p, cchs2013_2014_p","cchs2005_p::SMKEG207, [SMKG207]","","cat","6","11","25 To 29 Years","age (25 to 29) started smoking daily - former daily smoker","years","6","25 To 29 Years","Start age daily (fmr)","Age started to smoke daily - former daily smoker","","3.0.0-alpha","2026-01-04","active","Migrated from production. Converted deprecated _i suffix to _m.",""
"SMKG207_B","SMKG207_B_cat11_7","cat","cchs2005_p, cchs2009_2010_p, cchs2011_2012_p, cchs2013_2014_p","cchs2005_p::SMKEG207, [SMKG207]","","cat","7","11","30 To 34 Years","age (30 to 34) started smoking daily - former daily smoker","years","7","30 To 34 Years","Start age daily (fmr)","Age started to smoke daily - former daily smoker","","3.0.0-alpha","2026-01-04","active","Migrated from production. Converted deprecated _i suffix to _m.",""
"SMKG207_B","SMKG207_B_cat11_8","cat","cchs2005_p, cchs2009_2010_p, cchs2011_2012_p, cchs2013_2014_p","cchs2005_p::SMKEG207, [SMKG207]","","cat","8","11","35 To 39 Years","age (35 to 39) started smoking daily - former daily smoker","years","8","35 To 39 Years","Start age daily (fmr)","Age started to smoke daily - former daily smoker","","3.0.0-alpha","2026-01-04","active","Migrated from production. Converted deprecated _i suffix to _m.",""
"SMKG207_B","SMKG207_B_cat11_9","cat","cchs2005_p, cchs2009_2010_p, cchs2011_2012_p, cchs2013_2014_p","cchs2005_p::SMKEG207, [SMKG207]","","cat","9","11","40 To 44 Years","age (40 to 44) started smoking daily - former daily smoker","years","9","40 To 44 Years","Start age daily (fmr)","Age started to smoke daily - former daily smoker","","3.0.0-alpha","2026-01-04","active","Migrated from production. Converted deprecated _i suffix to _m.",""
"SMKG207_B","SMKG207_B_cat11_10","cat","cchs2005_p, cchs2009_2010_p, cchs2011_2012_p, cchs2013_2014_p","cchs2005_p::SMKEG207, [SMKG207]","","cat","10","11","45 To 49 Years","age (45 to 49) started smoking daily - former daily smoker","years","10","45 To 49 Years","Start age daily (fmr)","Age started to smoke daily - former daily smoker","","3.0.0-alpha","2026-01-04","active","Migrated from production. Converted deprecated _i suffix to _m.",""
"SMKG207_B","SMKG207_B_cat11_11","cat","cchs2005_p, cchs2009_2010_p, cchs2011_2012_p, cchs2013_2014_p","cchs2005_p::SMKEG207, [SMKG207]","","cat","11","11","50 Years or more","age (50 plus) started smoking daily - former daily smoker","years","11","50 Years or more","Start age daily (fmr)","Age started to smoke daily - former daily smoker","","3.0.0-alpha","2026-01-04","active","Migrated from production. Converted deprecated _i suffix to _m.",""
"SMKG207_B","SMKG207_B_cat11_NAa","cat","cchs2005_p, cchs2009_2010_p, cchs2011_2012_p, cchs2013_2014_p","cchs2005_p::SMKEG207, [SMKG207]","","cat","NA::a","11","not applicable","not applicable","years","96","not applicable","Start age daily (fmr)","Age started to smoke daily - former daily smoker","","3.0.0-alpha","2026-01-04","active","Migrated from production. Converted deprecated _i suffix to _m.",""
"SMKG207_B","SMKG207_B_cat11_NAb","cat","cchs2005_p, cchs2009_2010_p, cchs2011_2012_p, cchs2013_2014_p","cchs2005_p::SMKEG207, [SMKG207]","","cat","NA::b","11","Missing","missing","years","[97,99]","don't know (97); refusal (98); not stated (99)","Start age daily (fmr)","Age started to smoke daily - former daily smoker","","3.0.0-alpha","2026-01-04","active","Migrated from production. Converted deprecated _i suffix to _m.",""
"SMKG207_B","SMKG207_B_cat11_NAb","cat","cchs2005_p, cchs2009_2010_p, cchs2011_2012_p, cchs2013_2014_p","cchs2005_p::SMKEG207, [SMKG207]","","cat","NA::b","11","Missing","missing","years","else","else","Start age daily (fmr)","Age started to smoke daily - former daily smoker","","3.0.0-alpha","2026-01-04","active","Migrated from production. Converted deprecated _i suffix to _m.",""
"SMKG207_B","SMKG207_B_cat11_1","cat","cchs2003_m, cchs2005_m, cchs2007_2008_m, cchs2009_2010_m, cchs2011_2012_m, cchs2013_2014_m","cchs2003_m::SMKC_207, cchs2005_m::SMKE_207, [SMK_207]","ICES altered","cont","1","11","5 To 11 Years","age (5 to 11) started smoking daily - former daily smoker","years","[5,12)","5 To 11 Years","Start age daily (fmr)","Age started to smoke daily - former daily smoker","","3.0.0-alpha","2026-01-04","active","Migrated from production. Converted deprecated _i suffix to _m.",""
"SMKG207_B","SMKG207_B_cat11_2","cat","cchs2003_m, cchs2005_m, cchs2007_2008_m, cchs2009_2010_m, cchs2011_2012_m, cchs2013_2014_m","cchs2003_m::SMKC_207, cchs2005_m::SMKE_207, [SMK_207]","ICES altered","cont","2","11","12 To 14 Years","age (12 to 14) started smoking daily - former daily smoker","years","[12,15)","12 To 14 Years","Start age daily (fmr)","Age started to smoke daily - former daily smoker","","3.0.0-alpha","2026-01-04","active","Migrated from production. Converted deprecated _i suffix to _m.",""
"SMKG207_B","SMKG207_B_cat11_3","cat","cchs2003_m, cchs2005_m, cchs2007_2008_m, cchs2009_2010_m, cchs2011_2012_m, cchs2013_2014_m","cchs2003_m::SMKC_207, cchs2005_m::SMKE_207, [SMK_207]","ICES altered","cont","3","11","15 To 17 Years","age (15 to 17) started smoking daily - former daily smoker","years","[15,18)","15 To 17 Years","Start age daily (fmr)","Age started to smoke daily - former daily smoker","","3.0.0-alpha","2026-01-04","active","Migrated from production. Converted deprecated _i suffix to _m.",""
"SMKG207_B","SMKG207_B_cat11_4","cat","cchs2003_m, cchs2005_m, cchs2007_2008_m, cchs2009_2010_m, cchs2011_2012_m, cchs2013_2014_m","cchs2003_m::SMKC_207, cchs2005_m::SMKE_207, [SMK_207]","ICES altered","cont","4","11","18 To 19 Years","age (18 to 19) started smoking daily - former daily smoker","years","[18,20)","18 To 19 Years","Start age daily (fmr)","Age started to smoke daily - former daily smoker","","3.0.0-alpha","2026-01-04","active","Migrated from production. Converted deprecated _i suffix to _m.",""
"SMKG207_B","SMKG207_B_cat11_5","cat","cchs2003_m, cchs2005_m, cchs2007_2008_m, cchs2009_2010_m, cchs2011_2012_m, cchs2013_2014_m","cchs2003_m::SMKC_207, cchs2005_m::SMKE_207, [SMK_207]","ICES altered","cont","5","11","20 To 24 Years","age (20 to 24) started smoking daily - former daily smoker","years","[20,25)","20 To 24 Years","Start age daily (fmr)","Age started to smoke daily - former daily smoker","","3.0.0-alpha","2026-01-04","active","Migrated from production. Converted deprecated _i suffix to _m.",""
"SMKG207_B","SMKG207_B_cat11_6","cat","cchs2003_m, cchs2005_m, cchs2007_2008_m, cchs2009_2010_m, cchs2011_2012_m, cchs2013_2014_m","cchs2003_m::SMKC_207, cchs2005_m::SMKE_207, [SMK_207]","ICES altered","cont","6","11","25 To 29 Years","age (25 to 29) started smoking daily - former daily smoker","years","[25,30)","25 To 29 Years","Start age daily (fmr)","Age started to smoke daily - former daily smoker","","3.0.0-alpha","2026-01-04","active","Migrated from production. Converted deprecated _i suffix to _m.",""
"SMKG207_B","SMKG207_B_cat11_7","cat","cchs2003_m, cchs2005_m, cchs2007_2008_m, cchs2009_2010_m, cchs2011_2012_m, cchs2013_2014_m","cchs2003_m::SMKC_207, cchs2005_m::SMKE_207, [SMK_207]","ICES altered","cont","7","11","30 To 34 Years","age (30 to 34) started smoking daily - former daily smoker","years","[30,35)","30 To 34 Years","Start age daily (fmr)","Age started to smoke daily - former daily smoker","","3.0.0-alpha","2026-01-04","active","Migrated from production. Converted deprecated _i suffix to _m.",""
"SMKG207_B","SMKG207_B_cat11_8","cat","cchs2003_m, cchs2005_m, cchs2007_2008_m, cchs2009_2010_m, cchs2011_2012_m, cchs2013_2014_m","cchs2003_m::SMKC_207, cchs2005_m::SMKE_207, [SMK_207]","ICES altered","cont","8","11","35 To 39 Years","age (35 to 39) started smoking daily - former daily smoker","years","[35,40)","35 To 39 Years","Start age daily (fmr)","Age started to smoke daily - former daily smoker","","3.0.0-alpha","2026-01-04","active","Migrated from production. Converted deprecated _i suffix to _m.",""
"SMKG207_B","SMKG207_B_cat11_9","cat","cchs2003_m, cchs2005_m, cchs2007_2008_m, cchs2009_2010_m, cchs2011_2012_m, cchs2013_2014_m","cchs2003_m::SMKC_207, cchs2005_m::SMKE_207, [SMK_207]","ICES altered","cont","9","11","40 To 44 Years","age (40 to 44) started smoking daily - former daily smoker","years","[40,45)","40 To 44 Years","Start age daily (fmr)","Age started to smoke daily - former daily smoker","","3.0.0-alpha","2026-01-04","active","Migrated from production. Converted deprecated _i suffix to _m.",""
"SMKG207_B","SMKG207_B_cat11_10","cat","cchs2003_m, cchs2005_m, cchs2007_2008_m, cchs2009_2010_m, cchs2011_2012_m, cchs2013_2014_m","cchs2003_m::SMKC_207, cchs2005_m::SMKE_207, [SMK_207]","ICES altered","cont","10","11","45 To 49 Years","age (45 to 49) started smoking daily - former daily smoker","years","[45,50)","45 To 49 Years","Start age daily (fmr)","Age started to smoke daily - former daily smoker","","3.0.0-alpha","2026-01-04","active","Migrated from production. Converted deprecated _i suffix to _m.",""
"SMKG207_B","SMKG207_B_cat11_11","cat","cchs2003_m, cchs2005_m, cchs2007_2008_m, cchs2009_2010_m, cchs2011_2012_m, cchs2013_2014_m","cchs2003_m::SMKC_207, cchs2005_m::SMKE_207, [SMK_207]","ICES altered","cont","11","11","50 Years or more","age (50 plus) started smoking daily - former daily smoker","years","[50,80]","50 Years or more","Start age daily (fmr)","Age started to smoke daily - former daily smoker","","3.0.0-alpha","2026-01-04","active","Migrated from production. Converted deprecated _i suffix to _m.",""
"SMKG207_B","SMKG207_B_cat11_NAa","cat","cchs2003_m, cchs2005_m, cchs2007_2008_m, cchs2009_2010_m, cchs2011_2012_m, cchs2013_2014_m","cchs2003_m::SMKC_207, cchs2005_m::SMKE_207, [SMK_207]","ICES altered","cont","NA::a","11","not applicable","not applicable","years","996","not applicable","Start age daily (fmr)","Age started to smoke daily - former daily smoker","","3.0.0-alpha","2026-01-04","active","Migrated from production. Converted deprecated _i suffix to _m.",""
"SMKG207_B","SMKG207_B_cat11_NAb","cat","cchs2003_m, cchs2005_m, cchs2007_2008_m, cchs2009_2010_m, cchs2011_2012_m, cchs2013_2014_m","cchs2003_m::SMKC_207, cchs2005_m::SMKE_207, [SMK_207]","ICES altered","cont","NA::b","11","Missing","missing","years","[997,999]","don't know (997); refusal (998); not stated (999)","Start age daily (fmr)","Age started to smoke daily - former daily smoker","","3.0.0-alpha","2026-01-04","active","Migrated from production. Converted deprecated _i suffix to _m.",""
"SMKG207_B","SMKG207_B_cat11_NAb","cat","cchs2003_m, cchs2005_m, cchs2007_2008_m, cchs2009_2010_m, cchs2011_2012_m, cchs2013_2014_m","cchs2003_m::SMKC_207, cchs2005_m::SMKE_207, [SMK_207]","ICES altered","cont","NA::b","11","Missing","missing","years","else","else","Start age daily (fmr)","Age started to smoke daily - former daily smoker","","3.0.0-alpha","2026-01-04","active","Migrated from production. Converted deprecated _i suffix to _m.",""
"SMKG01C_cont","N/A","cont","cchs2001_m, cchs2003_m","cchs2001_m::SMKA_01C, cchs2003_m::SMKC_01C","","cat","copy","10","","Midpoint of 12-14 years","years","[8,95]","","Age 1st cig (grouped)","Age first cigarette grouped","Master: direct pass-through of continuous values","3.0.0-alpha","2026-01-04","active","Removed _s/_i. Shorter labels. Added PUMF 2019-2021.",""
"SMKG01C_cont","N/A","cont","cchs2005_m, cchs2007_2008_m, cchs2009_2010_m, cchs2011_2012_m, cchs2013_2014_m","cchs2005_m::SMKE_01C, cchs2007_2008_m::SMK_01C, cchs2009_2010_m::SMK_01C, cchs2011_2012_m::SMK_01C, cchs2013_2014_m::SMK_01C","","cat","copy","10","","Midpoint of 12-14 years","years","[8,95]","","Age 1st cig (grouped)","Age first cigarette grouped","Master: direct pass-through of continuous values","3.0.0-alpha","2026-01-04","active","Removed _s/_i. Shorter labels. Added PUMF 2019-2021.",""
"SMKG01C_cont","N/A","cont","cchs2015_2016_m, cchs2017_2018_m, cchs2019_2020_m, cchs2021_m","cchs2015_2016_m::SMK_035, cchs2017_2018_m::SMK_035, cchs2019_2020_m::SMK_035, cchs2021_m::SMK_035","","cat","copy","10","","Midpoint of 12-14 years","years","[8,95]","","Age 1st cig (grouped)","Age first cigarette grouped","Master: direct pass-through of continuous values","3.0.0-alpha","2026-01-04","active","Removed _s/_i. Shorter labels. Added PUMF 2019-2021.",""
"SMKG203_cont","N/A","cont","cchs2001_m, cchs2003_m","cchs2001_m::SMKA_203, cchs2003_m::SMKC_203","","cat","copy","10","","Midpoint of 12-14 years","years","[8,95]","","Age daily (ever)","Age started smoking daily grouped - current daily","Master: direct pass-through of continuous values","3.0.0-alpha","2026-01-04","active","Removed _i. Clearer label. PUMF only for 2001-2021.",""
"SMKG203_cont","N/A","cont","cchs2005_m, cchs2007_2008_m, cchs2009_2010_m, cchs2011_2012_m, cchs2013_2014_m","cchs2005_m::SMKE_203, cchs2007_2008_m::SMK_203, cchs2009_2010_m::SMK_203, cchs2011_2012_m::SMK_203, cchs2013_2014_m::SMK_203","","cat","copy","10","","Midpoint of 12-14 years","years","[8,95]","","Age daily (ever)","Age started smoking daily grouped - current daily","Master: direct pass-through of continuous values","3.0.0-alpha","2026-01-04","active","Removed _i. Clearer label. PUMF only for 2001-2021.",""
"SMKG203_cont","N/A","cont","cchs2015_2016_m, cchs2017_2018_m, cchs2019_2020_m, cchs2021_m","[SMK_005], [SMK_040]","","cat","Func::calculate_SMKG203_from_combined","10","","Midpoint of 12-14 years","years","[SMK_005], [SMK_040]","","Age daily (ever)","Age started smoking daily grouped - current daily","Master post-2015: filter SMK_040 by current daily status","3.0.0-alpha","2026-01-04","active","Removed _i. Clearer label. PUMF only for 2001-2021.",""
"SMKG207_cont","N/A","cont","cchs2001_m, cchs2003_m","cchs2001_m::SMKA_207, cchs2003_m::SMKC_207","","cat","copy","10","","Midpoint of 12-14 years","years","[8,95]","","Age daily (ever)","Age started smoking daily grouped - former daily","Master: direct pass-through of continuous values","3.0.0-alpha","2026-01-04","active","Removed _s/_i. Clearer label. PUMF only for 2001-2021.",""
"SMKG207_cont","N/A","cont","cchs2005_m, cchs2007_2008_m, cchs2009_2010_m, cchs2011_2012_m, cchs2013_2014_m","cchs2005_m::SMKE_207, cchs2007_2008_m::SMK_207, cchs2009_2010_m::SMK_207, cchs2011_2012_m::SMK_207, cchs2013_2014_m::SMK_207","","cat","copy","10","","Midpoint of 12-14 years","years","[8,95]","","Age daily (ever)","Age started smoking daily grouped - former daily","Master: direct pass-through of continuous values","3.0.0-alpha","2026-01-04","active","Removed _s/_i. Clearer label. PUMF only for 2001-2021.",""
"SMKG207_cont","N/A","cont","cchs2015_2016_m, cchs2017_2018_m, cchs2019_2020_m, cchs2021_m","[SMK_005], [SMK_030], [SMK_040]","","cat","Func::calculate_SMKG207_from_combined","10","","Midpoint of 12-14 years","years","[SMK_005], [SMK_030], [SMK_040]","","Age daily (ever)","Age started smoking daily grouped - former daily","Master post-2015: filter SMK_040 by former daily status","3.0.0-alpha","2026-01-04","active","Removed _s/_i. Clearer label. PUMF only for 2001-2021.",""
"SMKG040_cont","N/A","cont","cchs2001_m, cchs2003_m, cchs2005_m, cchs2007_2008_m, cchs2009_2010_m, cchs2011_2012_m, cchs2013_2014_m","cchs2001_m::SMKA_203, cchs2001_m::SMKA_207, cchs2003_m::SMKC_203, cchs2003_m::SMKC_207, cchs2005_m::SMKE_203, cchs2005_m::SMKE_207, [SMK_203], [SMK_207]","","cat","Func::calculate_SMKG040","11","","Midpoint of 12-14 years","years","[SMK_203], [SMK_207]","","Age daily (ever)","Age started smoking daily grouped - ever-daily","Master pre-2015: derive from SMK_203 + SMK_207","3.0.0-alpha","2026-01-04","active","Removed _i. Clearer label. PUMF only for 2015-2021.",""
"SMKG040_cont","N/A","cont","cchs2015_2016_m, cchs2017_2018_m, cchs2019_2020_m, cchs2021_m","cchs2015_2016_m::SMK_040, cchs2017_2018_m::SMK_040, cchs2019_2020_m::SMK_040, cchs2021_m::SMK_040","","cat","copy","11","","Midpoint of 12-14 years","years","[8,95]","","Age daily (ever)","Age started smoking daily grouped - ever-daily","Master: direct pass-through of continuous values","3.0.0-alpha","2026-01-04","active","Removed _i. Clearer label. PUMF only for 2015-2021.",""
"SMKG01C_cont","N/A","cont","cchs2001_m, cchs2003_m","cchs2001_m::SMKA_01C, cchs2003_m::SMKC_01C","","cat","NA::a","10","Valid skip","Midpoint of 12-14 years","years","996","","Age 1st cig (grouped)","Age first cigarette grouped","Master: valid skip (not in universe)","3.0.0-alpha","2026-01-04","active","Removed _s/_i. Shorter labels. Added PUMF 2019-2021.",""
"SMKG01C_cont","N/A","cont","cchs2001_m, cchs2003_m","cchs2001_m::SMKA_01C, cchs2003_m::SMKC_01C","","cat","NA::b","10","DK/Refused/NS","Midpoint of 12-14 years","years","999","","Age 1st cig (grouped)","Age first cigarette grouped","Master: missing (don't know/refused)","3.0.0-alpha","2026-01-04","active","Removed _s/_i. Shorter labels. Added PUMF 2019-2021.",""
"SMKG01C_cont","N/A","cont","cchs2005_m, cchs2007_2008_m, cchs2009_2010_m, cchs2011_2012_m, cchs2013_2014_m","cchs2005_m::SMKE_01C, cchs2007_2008_m::SMK_01C, cchs2009_2010_m::SMK_01C, cchs2011_2012_m::SMK_01C, cchs2013_2014_m::SMK_01C","","cat","NA::a","10","Valid skip","Midpoint of 12-14 years","years","996","","Age 1st cig (grouped)","Age first cigarette grouped","Master: valid skip (not in universe)","3.0.0-alpha","2026-01-04","active","Removed _s/_i. Shorter labels. Added PUMF 2019-2021.",""
"SMKG01C_cont","N/A","cont","cchs2005_m, cchs2007_2008_m, cchs2009_2010_m, cchs2011_2012_m, cchs2013_2014_m","cchs2005_m::SMKE_01C, cchs2007_2008_m::SMK_01C, cchs2009_2010_m::SMK_01C, cchs2011_2012_m::SMK_01C, cchs2013_2014_m::SMK_01C","","cat","NA::b","10","DK/Refused/NS","Midpoint of 12-14 years","years","999","","Age 1st cig (grouped)","Age first cigarette grouped","Master: missing (don't know/refused)","3.0.0-alpha","2026-01-04","active","Removed _s/_i. Shorter labels. Added PUMF 2019-2021.",""
"SMKG01C_cont","N/A","cont","cchs2015_2016_m, cchs2017_2018_m, cchs2019_2020_m, cchs2021_m","cchs2015_2016_m::SMK_035, cchs2017_2018_m::SMK_035, cchs2019_2020_m::SMK_035, cchs2021_m::SMK_035","","cat","NA::a","10","Valid skip","Midpoint of 12-14 years","years","996","","Age 1st cig (grouped)","Age first cigarette grouped","Master: valid skip (not in universe)","3.0.0-alpha","2026-01-04","active","Removed _s/_i. Shorter labels. Added PUMF 2019-2021.",""
"SMKG01C_cont","N/A","cont","cchs2015_2016_m, cchs2017_2018_m, cchs2019_2020_m, cchs2021_m","cchs2015_2016_m::SMK_035, cchs2017_2018_m::SMK_035, cchs2019_2020_m::SMK_035, cchs2021_m::SMK_035","","cat","NA::b","10","DK/Refused/NS","Midpoint of 12-14 years","years","999","","Age 1st cig (grouped)","Age first cigarette grouped","Master: missing (don't know/refused)","3.0.0-alpha","2026-01-04","active","Removed _s/_i. Shorter labels. Added PUMF 2019-2021.",""
"SMKG040_cont","N/A","cont","cchs2015_2016_m, cchs2017_2018_m, cchs2019_2020_m, cchs2021_m","cchs2015_2016_m::SMK_040, cchs2017_2018_m::SMK_040, cchs2019_2020_m::SMK_040, cchs2021_m::SMK_040","","cat","NA::a","11","Valid skip","Midpoint of 12-14 years","years","996","","Age daily (ever)","Age started smoking daily grouped - ever-daily","Master: valid skip (not in universe)","3.0.0-alpha","2026-01-04","active","Removed _i. Clearer label. PUMF only for 2015-2021.",""
"SMKG040_cont","N/A","cont","cchs2015_2016_m, cchs2017_2018_m, cchs2019_2020_m, cchs2021_m","cchs2015_2016_m::SMK_040, cchs2017_2018_m::SMK_040, cchs2019_2020_m::SMK_040, cchs2021_m::SMK_040","","cat","NA::b","11","DK/Refused/NS","Midpoint of 12-14 years","years","999","","Age daily (ever)","Age started smoking daily grouped - ever-daily","Master: missing (don't know/refused)","3.0.0-alpha","2026-01-04","active","Removed _i. Clearer label. PUMF only for 2015-2021.",""
"SMKG203_cont","N/A","cont","cchs2001_m, cchs2003_m","cchs2001_m::SMKA_203, cchs2003_m::SMKC_203","","cat","NA::a","10","Valid skip","Midpoint of 12-14 years","years","996","","Age daily (ever)","Age started smoking daily grouped - current daily","Master: valid skip (not in universe)","3.0.0-alpha","2026-01-04","active","Removed _i. Clearer label. PUMF only for 2001-2021.",""
"SMKG203_cont","N/A","cont","cchs2001_m, cchs2003_m","cchs2001_m::SMKA_203, cchs2003_m::SMKC_203","","cat","NA::b","10","DK/Refused/NS","Midpoint of 12-14 years","years","999","","Age daily (ever)","Age started smoking daily grouped - current daily","Master: missing (don't know/refused)","3.0.0-alpha","2026-01-04","active","Removed _i. Clearer label. PUMF only for 2001-2021.",""
"SMKG203_cont","N/A","cont","cchs2005_m, cchs2007_2008_m, cchs2009_2010_m, cchs2011_2012_m, cchs2013_2014_m","cchs2005_m::SMKE_203, cchs2007_2008_m::SMK_203, cchs2009_2010_m::SMK_203, cchs2011_2012_m::SMK_203, cchs2013_2014_m::SMK_203","","cat","NA::a","10","Valid skip","Midpoint of 12-14 years","years","996","","Age daily (ever)","Age started smoking daily grouped - current daily","Master: valid skip (not in universe)","3.0.0-alpha","2026-01-04","active","Removed _i. Clearer label. PUMF only for 2001-2021.",""
"SMKG203_cont","N/A","cont","cchs2005_m, cchs2007_2008_m, cchs2009_2010_m, cchs2011_2012_m, cchs2013_2014_m","cchs2005_m::SMKE_203, cchs2007_2008_m::SMK_203, cchs2009_2010_m::SMK_203, cchs2011_2012_m::SMK_203, cchs2013_2014_m::SMK_203","","cat","NA::b","10","DK/Refused/NS","Midpoint of 12-14 years","years","999","","Age daily (ever)","Age started smoking daily grouped - current daily","Master: missing (don't know/refused)","3.0.0-alpha","2026-01-04","active","Removed _i. Clearer label. PUMF only for 2001-2021.",""
"SMKG207_cont","N/A","cont","cchs2001_m, cchs2003_m","cchs2001_m::SMKA_207, cchs2003_m::SMKC_207","","cat","NA::a","10","Valid skip","Midpoint of 12-14 years","years","996","","Age daily (ever)","Age started smoking daily grouped - former daily","Master: valid skip (not in universe)","3.0.0-alpha","2026-01-04","active","Removed _s/_i. Clearer label. PUMF only for 2001-2021.",""
"SMKG207_cont","N/A","cont","cchs2001_m, cchs2003_m","cchs2001_m::SMKA_207, cchs2003_m::SMKC_207","","cat","NA::b","10","DK/Refused/NS","Midpoint of 12-14 years","years","999","","Age daily (ever)","Age started smoking daily grouped - former daily","Master: missing (don't know/refused)","3.0.0-alpha","2026-01-04","active","Removed _s/_i. Clearer label. PUMF only for 2001-2021.",""
"SMKG207_cont","N/A","cont","cchs2005_m, cchs2007_2008_m, cchs2009_2010_m, cchs2011_2012_m, cchs2013_2014_m","cchs2005_m::SMKE_207, cchs2007_2008_m::SMK_207, cchs2009_2010_m::SMK_207, cchs2011_2012_m::SMK_207, cchs2013_2014_m::SMK_207","","cat","NA::a","10","Valid skip","Midpoint of 12-14 years","years","996","","Age daily (ever)","Age started smoking daily grouped - former daily","Master: valid skip (not in universe)","3.0.0-alpha","2026-01-04","active","Removed _s/_i. Clearer label. PUMF only for 2001-2021.",""
"SMKG207_cont","N/A","cont","cchs2005_m, cchs2007_2008_m, cchs2009_2010_m, cchs2011_2012_m, cchs2013_2014_m","cchs2005_m::SMKE_207, cchs2007_2008_m::SMK_207, cchs2009_2010_m::SMK_207, cchs2011_2012_m::SMK_207, cchs2013_2014_m::SMK_207","","cat","NA::b","10","DK/Refused/NS","Midpoint of 12-14 years","years","999","","Age daily (ever)","Age started smoking daily grouped - former daily","Master: missing (don't know/refused)","3.0.0-alpha","2026-01-04","active","Removed _s/_i. Clearer label. PUMF only for 2001-2021.",""
"SMKDVSTP","N/A","cont","cchs2003_m, cchs2005_m, cchs2007_2008_m, cchs2009_2010_m, cchs2011_2012_m, cchs2013_2014_m, cchs2015_2016_m, cchs2017_2018_m, cchs2019_2020_m, cchs2021_m, cchs2022_m","cchs2003_m::SMKCDSTP, cchs2005_m::SMKEDSTP, cchs2007_2008_m::SMKDSTP, cchs2009_2010_m::SMKDSTP, cchs2011_2012_m::SMKDSTP, cchs2013_2014_m::SMKDSTP, cchs2015_2016_m::SMKDVSTP, cchs2017_2018_m::SMKDVSTP, cchs2019_2020_m::SMKDVSTP, cchs2021_m::SMKDVSTP, cchs2022_m::SMKDVSTP","","cont","NA::a","N/A","N/A","Not applicable","years","996","Not applicable","Yrs quit (M)","Years since quit smoking completely (Master)","","3.0.0-alpha","2026-01-05","active","Split from SMKDSTP 2026-01-05. Master continuous pass-through.",""
"SMKDVSTP","N/A","cont","cchs2003_m, cchs2005_m, cchs2007_2008_m, cchs2009_2010_m, cchs2011_2012_m, cchs2013_2014_m, cchs2015_2016_m, cchs2017_2018_m, cchs2019_2020_m, cchs2021_m, cchs2022_m","cchs2003_m::SMKCDSTP, cchs2005_m::SMKEDSTP, cchs2007_2008_m::SMKDSTP, cchs2009_2010_m::SMKDSTP, cchs2011_2012_m::SMKDSTP, cchs2013_2014_m::SMKDSTP, cchs2015_2016_m::SMKDVSTP, cchs2017_2018_m::SMKDVSTP, cchs2019_2020_m::SMKDVSTP, cchs2021_m::SMKDVSTP, cchs2022_m::SMKDVSTP","","cont","NA::b","N/A","N/A","Catch-all missing","years","else","else","Yrs quit (M)","Years since quit smoking completely (Master)","","3.0.0-alpha","2026-01-05","active","Split from SMKDSTP 2026-01-05. Master continuous pass-through.",""
"SMKDVSTP","N/A","cont","cchs2003_m, cchs2005_m, cchs2007_2008_m, cchs2009_2010_m, cchs2011_2012_m, cchs2013_2014_m, cchs2015_2016_m, cchs2017_2018_m, cchs2019_2020_m, cchs2021_m, cchs2022_m","cchs2003_m::SMKCDSTP, cchs2005_m::SMKEDSTP, cchs2007_2008_m::SMKDSTP, cchs2009_2010_m::SMKDSTP, cchs2011_2012_m::SMKDSTP, cchs2013_2014_m::SMKDSTP, cchs2015_2016_m::SMKDVSTP, cchs2017_2018_m::SMKDVSTP, cchs2019_2020_m::SMKDVSTP, cchs2021_m::SMKDVSTP, cchs2022_m::SMKDVSTP","","cont","NA::b","N/A","N/A","Don't know/Refusal/Not stated","years","[97,99]","Missing","Yrs quit (M)","Years since quit smoking completely (Master)","","3.0.0-alpha","2026-01-05","active","Split from SMKDSTP 2026-01-05. Master continuous pass-through.",""
"SMKDVSTP","N/A","cont","cchs2003_m, cchs2005_m","cchs2003_m::SMKCDSTP, cchs2005_m::SMKEDSTP","","cont","copy","N/A","N/A","Years since quit","years","[0,79]","Years since quit","Yrs quit (M)","Years since quit smoking completely (Master)","","3.0.0-alpha","2026-01-05","active","Split from SMKDSTP 2026-01-05. Master continuous pass-through.",""
"SMKDVSTP","N/A","cont","cchs2007_2008_m, cchs2009_2010_m, cchs2011_2012_m, cchs2013_2014_m","[SMKDSTP]","","cont","copy","N/A","N/A","Years since quit","years","[0,82]","Years since quit","Yrs quit (M)","Years since quit smoking completely (Master)","","3.0.0-alpha","2026-01-05","active","Split from SMKDSTP 2026-01-05. Master continuous pass-through.",""
"SMKDVSTP","N/A","cont","cchs2015_2016_m, cchs2017_2018_m, cchs2019_2020_m, cchs2021_m, cchs2022_m","[SMKDVSTP]","","cont","copy","N/A","N/A","Years since quit","years","[0,88]","Years since quit","Yrs quit (M)","Years since quit smoking completely (Master)","","3.0.0-alpha","2026-01-05","active","Split from SMKDSTP 2026-01-05. Master continuous pass-through.",""
"SMKDGSTP","SMKDGSTP_0","cat","cchs2015_2016_p, cchs2017_2018_p","cchs2015_2016_p::SMKDGSTP, cchs2017_2018_p::SMKDGSTP","","cat","0","5","<1 year","Less than 1 year","N/A","0","<1 year","Yrs quit (P cat)","Years since quit smoking (PUMF grouped categorical)","","3.0.0-alpha","2026-01-05","active","Split from SMKDSTP 2026-01-05. PUMF categorical 2015+ only. DDI shows 5 categories (0-4).",""
"SMKDGSTP","SMKDGSTP_1","cat","cchs2015_2016_p, cchs2017_2018_p","cchs2015_2016_p::SMKDGSTP, cchs2017_2018_p::SMKDGSTP","","cat","1","5","1-2 years","1 to 2 years","N/A","1","1-2 years","Yrs quit (P cat)","Years since quit smoking (PUMF grouped categorical)","","3.0.0-alpha","2026-01-05","active","Split from SMKDSTP 2026-01-05. PUMF categorical 2015+ only. DDI shows 5 categories (0-4).",""
"SMKDGSTP","SMKDGSTP_2","cat","cchs2015_2016_p, cchs2017_2018_p","cchs2015_2016_p::SMKDGSTP, cchs2017_2018_p::SMKDGSTP","","cat","2","5","3-5 years","3 to 5 years","N/A","2","3-5 years","Yrs quit (P cat)","Years since quit smoking (PUMF grouped categorical)","","3.0.0-alpha","2026-01-05","active","Split from SMKDSTP 2026-01-05. PUMF categorical 2015+ only. DDI shows 5 categories (0-4).",""
"SMKDGSTP","SMKDGSTP_3","cat","cchs2015_2016_p, cchs2017_2018_p","cchs2015_2016_p::SMKDGSTP, cchs2017_2018_p::SMKDGSTP","","cat","3","5","6-10 years","6 to 10 years","N/A","3","6-10 years","Yrs quit (P cat)","Years since quit smoking (PUMF grouped categorical)","","3.0.0-alpha","2026-01-05","active","Split from SMKDSTP 2026-01-05. PUMF categorical 2015+ only. DDI shows 5 categories (0-4).",""
"SMKDGSTP","SMKDGSTP_4","cat","cchs2015_2016_p, cchs2017_2018_p","cchs2015_2016_p::SMKDGSTP, cchs2017_2018_p::SMKDGSTP","","cat","4","5","11+ years","11 or more years","N/A","4","11+ years","Yrs quit (P cat)","Years since quit smoking (PUMF grouped categorical)","","3.0.0-alpha","2026-01-05","active","Split from SMKDSTP 2026-01-05. PUMF categorical 2015+ only. DDI shows 5 categories (0-4).",""
"SMKDGSTP","SMKDGSTP_NAa","cat","cchs2015_2016_p, cchs2017_2018_p","cchs2015_2016_p::SMKDGSTP, cchs2017_2018_p::SMKDGSTP","","cat","NA::a","5","Not applicable","Not applicable","N/A","6","Valid skip","Yrs quit (P cat)","Years since quit smoking (PUMF grouped categorical)","","3.0.0-alpha","2026-01-05","active","Split from SMKDSTP 2026-01-05. PUMF categorical 2015+ only. DDI shows 5 categories (0-4).",""
"SMKDGSTP","SMKDGSTP_NAb","cat","cchs2015_2016_p, cchs2017_2018_p","cchs2015_2016_p::SMKDGSTP, cchs2017_2018_p::SMKDGSTP","","cat","NA::b","5","Not stated","Not stated","N/A","9","Not stated","Yrs quit (P cat)","Years since quit smoking (PUMF grouped categorical)","","3.0.0-alpha","2026-01-05","active","Split from SMKDSTP 2026-01-05. PUMF categorical 2015+ only. DDI shows 5 categories (0-4).",""
"SMKDGSTP_cont","N/A","cont","cchs2015_2016_p, cchs2017_2018_p, cchs2003_m, cchs2005_m, cchs2007_2008_m, cchs2009_2010_m, cchs2011_2012_m, cchs2013_2014_m, cchs2015_2016_m, cchs2017_2018_m, cchs2019_2020_m, cchs2021_m, cchs2022_m","cchs2015_2016_p::SMKDGSTP, cchs2017_2018_p::SMKDGSTP, cchs2003_m::SMKCDSTP, cchs2005_m::SMKEDSTP, cchs2007_2008_m::SMKDSTP, cchs2009_2010_m::SMKDSTP, cchs2011_2012_m::SMKDSTP, cchs2013_2014_m::SMKDSTP, cchs2015_2016_m::SMKDVSTP, cchs2017_2018_m::SMKDVSTP, cchs2019_2020_m::SMKDVSTP, cchs2021_m::SMKDVSTP, cchs2022_m::SMKDVSTP","","cont","NA::a","N/A","N/A","Not applicable","years","996","Not applicable","Yrs quit (unified)","Years since quit smoking (PUMF pseudo-continuous + Master)","","3.0.0-alpha","2026-01-05","active","Split from SMKDSTP 2026-01-05. PUMF 2007-2014 continuous, PUMF 2015+ midpoint, Master pass-through.",""
"SMKDGSTP_cont","N/A","cont","cchs2015_2016_p, cchs2017_2018_p, cchs2003_m, cchs2005_m, cchs2007_2008_m, cchs2009_2010_m, cchs2011_2012_m, cchs2013_2014_m, cchs2015_2016_m, cchs2017_2018_m, cchs2019_2020_m, cchs2021_m, cchs2022_m","cchs2015_2016_p::SMKDGSTP, cchs2017_2018_p::SMKDGSTP, cchs2003_m::SMKCDSTP, cchs2005_m::SMKEDSTP, cchs2007_2008_m::SMKDSTP, cchs2009_2010_m::SMKDSTP, cchs2011_2012_m::SMKDSTP, cchs2013_2014_m::SMKDSTP, cchs2015_2016_m::SMKDVSTP, cchs2017_2018_m::SMKDVSTP, cchs2019_2020_m::SMKDVSTP, cchs2021_m::SMKDVSTP, cchs2022_m::SMKDVSTP","","cont","NA::b","N/A","N/A","Catch-all missing","years","else","else","Yrs quit (unified)","Years since quit smoking (PUMF pseudo-continuous + Master)","","3.0.0-alpha","2026-01-05","active","Split from SMKDSTP 2026-01-05. PUMF 2007-2014 continuous, PUMF 2015+ midpoint, Master pass-through.",""
"SMKDGSTP_cont","N/A","cont","cchs2015_2016_p, cchs2017_2018_p, cchs2003_m, cchs2005_m, cchs2007_2008_m, cchs2009_2010_m, cchs2011_2012_m, cchs2013_2014_m, cchs2015_2016_m, cchs2017_2018_m, cchs2019_2020_m, cchs2021_m, cchs2022_m","cchs2015_2016_p::SMKDGSTP, cchs2017_2018_p::SMKDGSTP, cchs2003_m::SMKCDSTP, cchs2005_m::SMKEDSTP, cchs2007_2008_m::SMKDSTP, cchs2009_2010_m::SMKDSTP, cchs2011_2012_m::SMKDSTP, cchs2013_2014_m::SMKDSTP, cchs2015_2016_m::SMKDVSTP, cchs2017_2018_m::SMKDVSTP, cchs2019_2020_m::SMKDVSTP, cchs2021_m::SMKDVSTP, cchs2022_m::SMKDVSTP","","cont","NA::b","N/A","N/A","Don't know/Refusal/Not stated","years","[97,99]","Missing","Yrs quit (unified)","Years since quit smoking (PUMF pseudo-continuous + Master)","","3.0.0-alpha","2026-01-05","active","Split from SMKDSTP 2026-01-05. PUMF 2007-2014 continuous, PUMF 2015+ midpoint, Master pass-through.",""
"SMKDGSTP_cont","N/A","cont","cchs2003_m, cchs2005_m","cchs2003_m::SMKCDSTP, cchs2005_m::SMKEDSTP","","cont","copy","N/A","N/A","Years since quit","years","[0,79]","Years since quit","Yrs quit (unified)","Years since quit smoking (PUMF pseudo-continuous + Master)","","3.0.0-alpha","2026-01-05","active","Split from SMKDSTP 2026-01-05. PUMF 2007-2014 continuous, PUMF 2015+ midpoint, Master pass-through.",""
"SMKDGSTP_cont","N/A","cont","cchs2007_2008_m, cchs2009_2010_m, cchs2011_2012_m, cchs2013_2014_m","[SMKDSTP]","","cont","copy","N/A","N/A","Years since quit","years","[0,82]","Years since quit","Yrs quit (unified)","Years since quit smoking (PUMF pseudo-continuous + Master)","","3.0.0-alpha","2026-01-05","active","Split from SMKDSTP 2026-01-05. PUMF 2007-2014 continuous, PUMF 2015+ midpoint, Master pass-through.",""
"SMKDGSTP_cont","N/A","cont","cchs2015_2016_m, cchs2017_2018_m, cchs2019_2020_m, cchs2021_m, cchs2022_m","[SMKDVSTP]","","cont","copy","N/A","N/A","Years since quit","years","[0,88]","Years since quit","Yrs quit (unified)","Years since quit smoking (PUMF pseudo-continuous + Master)","","3.0.0-alpha","2026-01-05","active","Split from SMKDSTP 2026-01-05. PUMF 2007-2014 continuous, PUMF 2015+ midpoint, Master pass-through.",""
"SMKDGSTP_cont","N/A","cont","cchs2007_2008_p","[SMKDSTY]","","cont","copy","N/A","N/A","Years since quit","years","[0,82]","Years since quit","Yrs quit (unified)","Years since quit smoking (PUMF pseudo-continuous + Master)","","3.0.0-alpha","2026-01-05","active","Split from SMKDSTP 2026-01-05. PUMF 2007-2014 continuous, PUMF 2015+ midpoint, Master pass-through.",""
"SMKDGSTP_cont","N/A","cont","cchs2015_2016_p, cchs2017_2018_p","[SMKDGSTP]","","cat","0.5","N/A","N/A","<1 year midpoint","years","0","<1 year","Yrs quit (unified)","Years since quit smoking (PUMF pseudo-continuous + Master)","","3.0.0-alpha","2026-01-05","active","Split from SMKDSTP 2026-01-05. PUMF 2007-2014 continuous, PUMF 2015+ midpoint, Master pass-through.",""
"SMKDGSTP_cont","N/A","cont","cchs2015_2016_p, cchs2017_2018_p","[SMKDGSTP]","","cat","1.5","N/A","N/A","1-2 years midpoint","years","1","1-2 years","Yrs quit (unified)","Years since quit smoking (PUMF pseudo-continuous + Master)","","3.0.0-alpha","2026-01-05","active","Split from SMKDSTP 2026-01-05. PUMF 2007-2014 continuous, PUMF 2015+ midpoint, Master pass-through.",""
"SMKDGSTP_cont","N/A","cont","cchs2015_2016_p, cchs2017_2018_p","[SMKDGSTP]","","cat","4.0","N/A","N/A","3-5 years midpoint","years","2","3-5 years","Yrs quit (unified)","Years since quit smoking (PUMF pseudo-continuous + Master)","","3.0.0-alpha","2026-01-05","active","Split from SMKDSTP 2026-01-05. PUMF 2007-2014 continuous, PUMF 2015+ midpoint, Master pass-through.",""
"SMKDGSTP_cont","N/A","cont","cchs2015_2016_p, cchs2017_2018_p","[SMKDGSTP]","","cat","8.0","N/A","N/A","6-10 years midpoint","years","3","6-10 years","Yrs quit (unified)","Years since quit smoking (PUMF pseudo-continuous + Master)","","3.0.0-alpha","2026-01-05","active","Split from SMKDSTP 2026-01-05. PUMF 2007-2014 continuous, PUMF 2015+ midpoint, Master pass-through.",""
"SMKDGSTP_cont","N/A","cont","cchs2015_2016_p, cchs2017_2018_p","[SMKDGSTP]","","cat","15.0","N/A","N/A","11+ years midpoint","years","4","11+ years","Yrs quit (unified)","Years since quit smoking (PUMF pseudo-continuous + Master)","","3.0.0-alpha","2026-01-05","active","Split from SMKDSTP 2026-01-05. PUMF 2007-2014 continuous, PUMF 2015+ midpoint, Master pass-through.",""
"SMKDGSTP_cont","N/A","cont","cchs2007_2008_p","[SMKDSTY]","","cont","NA::a","N/A","N/A","Not applicable","years","996","Not applicable","Yrs quit (unified)","Years since quit smoking (PUMF pseudo-continuous + Master)","","3.0.0-alpha","2026-01-05","active","Split from SMKDSTP 2026-01-05. PUMF 2007-2014 continuous, PUMF 2015+ midpoint, Master pass-through.",""
"SMKDGSTP_cont","N/A","cont","cchs2015_2016_p, cchs2017_2018_p","[SMKDGSTP]","","cont","NA::a","N/A","N/A","Valid skip","years","6","Valid skip","Yrs quit (unified)","Years since quit smoking (PUMF pseudo-continuous + Master)","","3.0.0-alpha","2026-01-05","active","Split from SMKDSTP 2026-01-05. PUMF 2007-2014 continuous, PUMF 2015+ midpoint, Master pass-through.",""
"SMKDGSTP_cont","N/A","cont","cchs2015_2016_p, cchs2017_2018_p","[SMKDGSTP]","","cat","NA::b","N/A","N/A","Not stated","years","9","Not stated","Yrs quit (unified)","Years since quit smoking (PUMF pseudo-continuous + Master)","","3.0.0-alpha","2026-01-05","active","Split from SMKDSTP 2026-01-05. PUMF 2007-2014 continuous, PUMF 2015+ midpoint, Master pass-through.",""
"SMKDGSTP_cont","N/A","cont","cchs2007_2008_p","[SMKDSTY]","","cat","NA::b","N/A","N/A","Missing","years","999","Not stated","Yrs quit (unified)","Years since quit smoking (PUMF pseudo-continuous + Master)","","3.0.0-alpha","2026-01-05","active","Split from SMKDSTP 2026-01-05. PUMF 2007-2014 continuous, PUMF 2015+ midpoint, Master pass-through.",""
"SMKDGSTP_cont","N/A","cont","cchs2015_2016_p, cchs2017_2018_p","[SMKDGSTP]","","cat","NA::b","N/A","N/A","Not stated","years","else","else","Yrs quit (unified)","Years since quit smoking (PUMF pseudo-continuous + Master)","","3.0.0-alpha","2026-01-05","active","Split from SMKDSTP 2026-01-05. PUMF 2007-2014 continuous, PUMF 2015+ midpoint, Master pass-through.",""
"SMK_10_gate","SMK_10_gate_1","cat","cchs2003_m, cchs2003_p, cchs2005_m, cchs2005_p, cchs2007_2008_m, cchs2007_2008_p, cchs2009_2010_m, cchs2009_2010_p, cchs2011_2012_m, cchs2011_2012_p, cchs2013_2014_m, cchs2013_2014_p, cchs2015_2016_m, cchs2015_2016_p, cchs2017_2018_m, cchs2017_2018_p, cchs2019_2020_m, cchs2021_m, cchs2022_m, cchs2023_m, cchs2019_2020_p, cchs2021_p, cchs2022_p, cchs2023_p","cchs2003_m::SMKC_10, cchs2003_p::SMKC_10, cchs2005_m::SMKE_10, cchs2005_p::SMKE_10, cchs2007_2008_m::SMK_10, cchs2007_2008_p::SMK_10, cchs2009_2010_m::SMK_10, cchs2009_2010_p::SMK_10, cchs2011_2012_m::SMK_10, cchs2011_2012_p::SMK_10, cchs2013_2014_m::SMK_10, cchs2013_2014_p::SMK_10, cchs2015_2016_m::SMK_095, cchs2015_2016_p::SMK_095, cchs2017_2018_m::SMK_095, cchs2017_2018_p::SMK_095, cchs2019_2020_m::SMK_095, cchs2021_m::SMK_095, cchs2022_m::SPU_30, cchs2023_m::SPU_30","","cat","1","2","Yes","Quit completely when stopped daily","","1","Yes","Quit gate","Quit smoking completely when stopped daily","","3.0.0-alpha","2026-01-04","active","NEW: Quit gate (quit completely when stopped daily). Master/PUMF 2003-2023. Extended PUMF to 2019-2023 (2021_p, 2023_p need DDI confirmation).",""
"SMK_10_gate","SMK_10_gate_2","cat","cchs2003_m, cchs2003_p, cchs2005_m, cchs2005_p, cchs2007_2008_m, cchs2007_2008_p, cchs2009_2010_m, cchs2009_2010_p, cchs2011_2012_m, cchs2011_2012_p, cchs2013_2014_m, cchs2013_2014_p, cchs2015_2016_m, cchs2015_2016_p, cchs2017_2018_m, cchs2017_2018_p, cchs2019_2020_m, cchs2021_m, cchs2022_m, cchs2023_m, cchs2019_2020_p, cchs2021_p, cchs2022_p, cchs2023_p","cchs2003_m::SMKC_10, cchs2003_p::SMKC_10, cchs2005_m::SMKE_10, cchs2005_p::SMKE_10, cchs2007_2008_m::SMK_10, cchs2007_2008_p::SMK_10, cchs2009_2010_m::SMK_10, cchs2009_2010_p::SMK_10, cchs2011_2012_m::SMK_10, cchs2011_2012_p::SMK_10, cchs2013_2014_m::SMK_10, cchs2013_2014_p::SMK_10, cchs2015_2016_m::SMK_095, cchs2015_2016_p::SMK_095, cchs2017_2018_m::SMK_095, cchs2017_2018_p::SMK_095, cchs2019_2020_m::SMK_095, cchs2021_m::SMK_095, cchs2022_m::SPU_30, cchs2023_m::SPU_30","","cat","2","2","No","Continued occasional smoking","","2","No","Quit gate","Quit smoking completely when stopped daily","","3.0.0-alpha","2026-01-04","active","NEW: Quit gate (quit completely when stopped daily). Master/PUMF 2003-2023. Extended PUMF to 2019-2023 (2021_p, 2023_p need DDI confirmation).",""
"SMK_10_gate","SMK_10_gate_NAa","cat","cchs2003_m, cchs2003_p, cchs2005_m, cchs2005_p, cchs2007_2008_m, cchs2007_2008_p, cchs2009_2010_m, cchs2009_2010_p, cchs2011_2012_m, cchs2011_2012_p, cchs2013_2014_m, cchs2013_2014_p, cchs2015_2016_m, cchs2015_2016_p, cchs2017_2018_m, cchs2017_2018_p, cchs2019_2020_m, cchs2021_m, cchs2022_m, cchs2023_m, cchs2019_2020_p, cchs2021_p, cchs2022_p, cchs2023_p","cchs2003_m::SMKC_10, cchs2003_p::SMKC_10, cchs2005_m::SMKE_10, cchs2005_p::SMKE_10, cchs2007_2008_m::SMK_10, cchs2007_2008_p::SMK_10, cchs2009_2010_m::SMK_10, cchs2009_2010_p::SMK_10, cchs2011_2012_m::SMK_10, cchs2011_2012_p::SMK_10, cchs2013_2014_m::SMK_10, cchs2013_2014_p::SMK_10, cchs2015_2016_m::SMK_095, cchs2015_2016_p::SMK_095, cchs2017_2018_m::SMK_095, cchs2017_2018_p::SMK_095, cchs2019_2020_m::SMK_095, cchs2021_m::SMK_095, cchs2022_m::SPU_30, cchs2023_m::SPU_30","","cat","NA::a","2","Not applicable","Not applicable","","6","Not applicable","Quit gate","Quit smoking completely when stopped daily","","3.0.0-alpha","2026-01-04","active","NEW: Quit gate (quit completely when stopped daily). Master/PUMF 2003-2023. Extended PUMF to 2019-2023 (2021_p, 2023_p need DDI confirmation).",""
"SMK_10_gate","SMK_10_gate_NAb","cat","cchs2003_m, cchs2003_p, cchs2005_m, cchs2005_p, cchs2007_2008_m, cchs2007_2008_p, cchs2009_2010_m, cchs2009_2010_p, cchs2011_2012_m, cchs2011_2012_p, cchs2013_2014_m, cchs2013_2014_p, cchs2015_2016_m, cchs2015_2016_p, cchs2017_2018_m, cchs2017_2018_p, cchs2019_2020_m, cchs2021_m, cchs2022_m, cchs2023_m, cchs2019_2020_p, cchs2021_p, cchs2022_p, cchs2023_p","cchs2003_m::SMKC_10, cchs2003_p::SMKC_10, cchs2005_m::SMKE_10, cchs2005_p::SMKE_10, cchs2007_2008_m::SMK_10, cchs2007_2008_p::SMK_10, cchs2009_2010_m::SMK_10, cchs2009_2010_p::SMK_10, cchs2011_2012_m::SMK_10, cchs2011_2012_p::SMK_10, cchs2013_2014_m::SMK_10, cchs2013_2014_p::SMK_10, cchs2015_2016_m::SMK_095, cchs2015_2016_p::SMK_095, cchs2017_2018_m::SMK_095, cchs2017_2018_p::SMK_095, cchs2019_2020_m::SMK_095, cchs2021_m::SMK_095, cchs2022_m::SPU_30, cchs2023_m::SPU_30","","cat","NA::b","2","Catch-all","Catch-all missing","","else","else","Quit gate","Quit smoking completely when stopped daily","","3.0.0-alpha","2026-01-04","active","NEW: Quit gate (quit completely when stopped daily). Master/PUMF 2003-2023. Extended PUMF to 2019-2023 (2021_p, 2023_p need DDI confirmation).",""
"SMK_10_gate","SMK_10_gate_NAb","cat","cchs2003_m, cchs2003_p, cchs2005_m, cchs2005_p, cchs2007_2008_m, cchs2007_2008_p, cchs2009_2010_m, cchs2009_2010_p, cchs2011_2012_m, cchs2011_2012_p, cchs2013_2014_m, cchs2013_2014_p, cchs2015_2016_m, cchs2015_2016_p, cchs2017_2018_m, cchs2017_2018_p, cchs2019_2020_m, cchs2021_m, cchs2019_2020_p, cchs2021_p, cchs2022_p, cchs2023_p","cchs2003_m::SMKC_10, cchs2003_p::SMKC_10, cchs2005_m::SMKE_10, cchs2005_p::SMKE_10, cchs2007_2008_m::SMK_10, cchs2007_2008_p::SMK_10, cchs2009_2010_m::SMK_10, cchs2009_2010_p::SMK_10, cchs2011_2012_m::SMK_10, cchs2011_2012_p::SMK_10, cchs2013_2014_m::SMK_10, cchs2013_2014_p::SMK_10, cchs2015_2016_m::SMK_095, cchs2015_2016_p::SMK_095, cchs2017_2018_m::SMK_095, cchs2017_2018_p::SMK_095, cchs2019_2020_m::SMK_095, cchs2021_m::SMK_095","","cat","NA::b","2","Missing","Don't know/Refusal/Not stated","","[7,9]","Missing","Quit gate","Quit smoking completely when stopped daily","","3.0.0-alpha","2026-01-04","active","NEW: Quit gate (quit completely when stopped daily). Master/PUMF 2003-2023. Extended PUMF to 2019-2023 (2021_p, 2023_p need DDI confirmation).",""
"SMK_10_gate","SMK_10_gate_NAb","cat","cchs2022_m, cchs2023_m","[SPU_30]","","cat","NA::b","2","Missing","Not stated","","9","Not stated","Quit gate","Quit smoking completely when stopped daily","","3.0.0-alpha","2026-01-04","active","NEW: Quit gate (quit completely when stopped daily). Master/PUMF 2003-2023.",""
"quit_pathway","N/A","cat","cchs2003_p, cchs2005_p, cchs2007_2008_p, cchs2009_2010_p, cchs2011_2012_p, cchs2013_2014_p, cchs2015_2016_p, cchs2017_2018_p, cchs2003_m, cchs2005_m, cchs2007_2008_m, cchs2009_2010_m, cchs2011_2012_m, cchs2013_2014_m, cchs2015_2016_m, cchs2017_2018_m, cchs2019_2020_m, cchs2021_m, cchs2022_m, cchs2023_m, cchs2019_2020_p, cchs2021_p, cchs2022_p, cchs2023_p","DerivedVar::[SMKDSTY_cat5, SMK_10_gate]","","N/A","Func::assess_quit_pathway","3","N/A","N/A","N/A","N/A","Quit pathway","Quit pathway","Cessation pathway for former smokers. 1=direct 2=gradual 3=former occasional","3.0.0","3.0.0-alpha","2026-01-04","active","NEW: Quit pathway derived variable (direct/gradual/former occasional). Extended PUMF to 2019-2023 (2021_p, 2023_p need DDI confirmation).",""
"quit_pathway","quit_pathway_1","cat","cchs2003_p, cchs2005_p, cchs2007_2008_p, cchs2009_2010_p, cchs2011_2012_p, cchs2013_2014_p, cchs2015_2016_p, cchs2017_2018_p, cchs2003_m, cchs2005_m, cchs2007_2008_m, cchs2009_2010_m, cchs2011_2012_m, cchs2013_2014_m, cchs2015_2016_m, cchs2017_2018_m, cchs2019_2020_m, cchs2021_m, cchs2022_m, cchs2023_m, cchs2019_2020_p, cchs2021_p, cchs2022_p, cchs2023_p","DerivedVar::[SMKDSTY_cat5, SMK_10_gate]","","N/A","1","3","Direct quit","Quit completely when stopped daily","","1","Direct quit","Quit pathway","Quit pathway","Former daily who quit when stopped daily","3.0.0-alpha","2026-01-04","active","NEW: Quit pathway derived variable (direct/gradual/former occasional). Extended PUMF to 2019-2023 (2021_p, 2023_p need DDI confirmation).",""
"quit_pathway","quit_pathway_2","cat","cchs2003_p, cchs2005_p, cchs2007_2008_p, cchs2009_2010_p, cchs2011_2012_p, cchs2013_2014_p, cchs2015_2016_p, cchs2017_2018_p, cchs2003_m, cchs2005_m, cchs2007_2008_m, cchs2009_2010_m, cchs2011_2012_m, cchs2013_2014_m, cchs2015_2016_m, cchs2017_2018_m, cchs2019_2020_m, cchs2021_m, cchs2022_m, cchs2023_m, cchs2019_2020_p, cchs2021_p, cchs2022_p, cchs2023_p","DerivedVar::[SMKDSTY_cat5, SMK_10_gate]","","N/A","2","3","Gradual quit","Continued occasional then quit completely","","2","Gradual quit","Quit pathway","Quit pathway","Former daily who reduced to occasional then quit","3.0.0-alpha","2026-01-04","active","NEW: Quit pathway derived variable (direct/gradual/former occasional). Extended PUMF to 2019-2023 (2021_p, 2023_p need DDI confirmation).",""
"quit_pathway","quit_pathway_3","cat","cchs2003_p, cchs2005_p, cchs2007_2008_p, cchs2009_2010_p, cchs2011_2012_p, cchs2013_2014_p, cchs2015_2016_p, cchs2017_2018_p, cchs2003_m, cchs2005_m, cchs2007_2008_m, cchs2009_2010_m, cchs2011_2012_m, cchs2013_2014_m, cchs2015_2016_m, cchs2017_2018_m, cchs2019_2020_m, cchs2021_m, cchs2022_m, cchs2023_m, cchs2019_2020_p, cchs2021_p, cchs2022_p, cchs2023_p","DerivedVar::[SMKDSTY_cat5, SMK_10_gate]","","N/A","3","3","Former occasional","Former occasional smoker (never daily)","","3","Former occasional","Quit pathway","Quit pathway","Former occasional who never smoked daily","3.0.0-alpha","2026-01-04","active","NEW: Quit pathway derived variable (direct/gradual/former occasional). Extended PUMF to 2019-2023 (2021_p, 2023_p need DDI confirmation).",""
"quit_pathway","quit_pathway_NAa","cat","cchs2003_p, cchs2005_p, cchs2007_2008_p, cchs2009_2010_p, cchs2011_2012_p, cchs2013_2014_p, cchs2015_2016_p, cchs2017_2018_p, cchs2003_m, cchs2005_m, cchs2007_2008_m, cchs2009_2010_m, cchs2011_2012_m, cchs2013_2014_m, cchs2015_2016_m, cchs2017_2018_m, cchs2019_2020_m, cchs2021_m, cchs2022_m, cchs2023_m, cchs2019_2020_p, cchs2021_p, cchs2022_p, cchs2023_p","DerivedVar::[SMKDSTY_cat5, SMK_10_gate]","","N/A","NA::a","3","Not applicable","Not applicable (not former smoker)","","N/A","Not applicable","Quit pathway","Quit pathway","Current smoker or never smoker","3.0.0-alpha","2026-01-04","active","NEW: Quit pathway derived variable (direct/gradual/former occasional). Extended PUMF to 2019-2023 (2021_p, 2023_p need DDI confirmation).",""
"quit_pathway","quit_pathway_NAb","cat","cchs2003_p, cchs2005_p, cchs2007_2008_p, cchs2009_2010_p, cchs2011_2012_p, cchs2013_2014_p, cchs2015_2016_p, cchs2017_2018_p, cchs2003_m, cchs2005_m, cchs2007_2008_m, cchs2009_2010_m, cchs2011_2012_m, cchs2013_2014_m, cchs2015_2016_m, cchs2017_2018_m, cchs2019_2020_m, cchs2021_m, cchs2022_m, cchs2023_m, cchs2019_2020_p, cchs2021_p, cchs2022_p, cchs2023_p","DerivedVar::[SMKDSTY_cat5, SMK_10_gate]","","N/A","NA::b","3","Missing","Missing input data","","N/A","Missing","Quit pathway","Quit pathway","Missing status or gate information","3.0.0-alpha","2026-01-04","active","NEW: Quit pathway derived variable (direct/gradual/former occasional). Extended PUMF to 2019-2023 (2021_p, 2023_p need DDI confirmation).",""
"SMK_06A_cont","N/A","cont","cchs2001_p, cchs2001_m","cchs2001_p::SMKA_06A, cchs2001_m::SMKA_06A","","cat","0.5","4","<1 year","Less than 1 year ago","years","1","Less than 1 year","Yrs quit (occ)","When stopped smoking - former occasional","Midpoint conversion: cat 1 -> 0.5 years","3.0.0-alpha","2026-01-10","active","Fixed to use direct mapping per v2.1 pattern.",""
"SMK_06A_cont","N/A","cont","cchs2001_p, cchs2001_m","cchs2001_p::SMKA_06A, cchs2001_m::SMKA_06A","","cat","1.5","4","1-2 years","1 to less than 2 years ago","years","2","1-2 years","Yrs quit (occ)","When stopped smoking - former occasional","Midpoint conversion: cat 2 -> 1.5 years","3.0.0-alpha","2026-01-10","active","Fixed to use direct mapping per v2.1 pattern.",""
"SMK_06A_cont","N/A","cont","cchs2001_p, cchs2001_m","cchs2001_p::SMKA_06A, cchs2001_m::SMKA_06A","","cat","2.5","4","2-3 years","2 to less than 3 years ago","years","3","2-3 years","Yrs quit (occ)","When stopped smoking - former occasional","Midpoint conversion: cat 3 -> 2.5 years","3.0.0-alpha","2026-01-10","active","Fixed to use direct mapping per v2.1 pattern.",""
"SMK_06A_cont","N/A","cont","cchs2001_p, cchs2001_m","cchs2001_p::SMKA_06A, cchs2001_m::SMKA_06A","","cat","4","4","3+ years","3 or more years ago","years","4","3+ years","Yrs quit (occ)","When stopped smoking - former occasional","Midpoint conversion: cat 4 -> 4 years (conservative)","3.0.0-alpha","2026-01-10","active","Fixed to use direct mapping per v2.1 pattern.",""
"SMK_06A_cont","N/A","cont","cchs2001_p, cchs2001_m","cchs2001_p::SMKA_06A, cchs2001_m::SMKA_06A","","cat","NA::a","4","Not applicable","Not applicable","years","6","Not applicable","Yrs quit (occ)","When stopped smoking - former occasional","","3.0.0-alpha","2026-01-10","active","Fixed to use direct mapping per v2.1 pattern.",""
"SMK_06A_cont","N/A","cont","cchs2001_p, cchs2001_m","cchs2001_p::SMKA_06A, cchs2001_m::SMKA_06A","","cat","NA::b","4","Missing","Don't know/Refusal/Not stated","years","[7,9]","Missing","Yrs quit (occ)","When stopped smoking - former occasional","","3.0.0-alpha","2026-01-10","active","Fixed to use direct mapping per v2.1 pattern.",""
"SMK_06A_cont","N/A","cont","cchs2001_p, cchs2001_m","cchs2001_p::SMKA_06A, cchs2001_m::SMKA_06A","","cat","NA::b","4","Catch-all","Catch-all missing","years","else","else","Yrs quit (occ)","When stopped smoking - former occasional","","3.0.0-alpha","2026-01-10","active","Fixed to use direct mapping per v2.1 pattern.",""
"SMK_06A_cont","N/A","cont","cchs2003_p, cchs2005_p, cchs2007_2008_p, cchs2009_2010_p, cchs2011_2012_p, cchs2013_2014_p, cchs2015_2016_p, cchs2017_2018_p, cchs2003_m, cchs2005_m, cchs2007_2008_m, cchs2009_2010_m, cchs2011_2012_m, cchs2013_2014_m, cchs2015_2016_m, cchs2017_2018_m, cchs2019_2020_m, cchs2021_m","cchs2003_p::SMKC_06A, cchs2005_p::SMKE_06A, cchs2015_2016_p::SMK_060, cchs2017_2018_p::SMK_060, cchs2003_m::SMKC_06A, cchs2005_m::SMKE_06A, cchs2015_2016_m::SMK_060, cchs2017_2018_m::SMK_060, cchs2019_2020_m::SMK_060, cchs2021_m::SMK_060, [SMK_06A]","","cat","0.5","4","<1 year","Less than 1 year ago","years","1","Less than 1 year","Yrs quit (occ)","When stopped smoking - former occasional","Midpoint conversion: cat 1 -> 0.5 years","3.0.0-alpha","2026-01-10","active","Fixed to use direct mapping per v2.1 pattern.",""
"SMK_06A_cont","N/A","cont","cchs2003_p, cchs2005_p, cchs2007_2008_p, cchs2009_2010_p, cchs2011_2012_p, cchs2013_2014_p, cchs2015_2016_p, cchs2017_2018_p, cchs2003_m, cchs2005_m, cchs2007_2008_m, cchs2009_2010_m, cchs2011_2012_m, cchs2013_2014_m, cchs2015_2016_m, cchs2017_2018_m, cchs2019_2020_m, cchs2021_m","cchs2003_p::SMKC_06A, cchs2005_p::SMKE_06A, cchs2015_2016_p::SMK_060, cchs2017_2018_p::SMK_060, cchs2003_m::SMKC_06A, cchs2005_m::SMKE_06A, cchs2015_2016_m::SMK_060, cchs2017_2018_m::SMK_060, cchs2019_2020_m::SMK_060, cchs2021_m::SMK_060, [SMK_06A]","","cat","1.5","4","1-2 years","1 to less than 2 years ago","years","2","1-2 years","Yrs quit (occ)","When stopped smoking - former occasional","Midpoint conversion: cat 2 -> 1.5 years","3.0.0-alpha","2026-01-10","active","Fixed to use direct mapping per v2.1 pattern.",""
"SMK_06A_cont","N/A","cont","cchs2003_p, cchs2005_p, cchs2007_2008_p, cchs2009_2010_p, cchs2011_2012_p, cchs2013_2014_p, cchs2015_2016_p, cchs2017_2018_p, cchs2003_m, cchs2005_m, cchs2007_2008_m, cchs2009_2010_m, cchs2011_2012_m, cchs2013_2014_m, cchs2015_2016_m, cchs2017_2018_m, cchs2019_2020_m, cchs2021_m","cchs2003_p::SMKC_06A, cchs2005_p::SMKE_06A, cchs2015_2016_p::SMK_060, cchs2017_2018_p::SMK_060, cchs2003_m::SMKC_06A, cchs2005_m::SMKE_06A, cchs2015_2016_m::SMK_060, cchs2017_2018_m::SMK_060, cchs2019_2020_m::SMK_060, cchs2021_m::SMK_060, [SMK_06A]","","cat","2.5","4","2-3 years","2 to less than 3 years ago","years","3","2-3 years","Yrs quit (occ)","When stopped smoking - former occasional","Midpoint conversion: cat 3 -> 2.5 years","3.0.0-alpha","2026-01-10","active","Fixed to use direct mapping per v2.1 pattern.",""
"SMK_06A_cont","N/A","cont","cchs2003_p, cchs2005_p, cchs2007_2008_p, cchs2009_2010_p, cchs2011_2012_p, cchs2013_2014_p, cchs2015_2016_p, cchs2017_2018_p, cchs2003_m, cchs2005_m, cchs2007_2008_m, cchs2009_2010_m, cchs2011_2012_m, cchs2013_2014_m, cchs2015_2016_m, cchs2017_2018_m, cchs2019_2020_m, cchs2021_m","cchs2003_p::SMKC_06A, cchs2005_p::SMKE_06A, cchs2015_2016_p::SMK_060, cchs2017_2018_p::SMK_060, cchs2003_m::SMKC_06A, cchs2005_m::SMKE_06A, cchs2015_2016_m::SMK_060, cchs2017_2018_m::SMK_060, cchs2019_2020_m::SMK_060, cchs2021_m::SMK_060, [SMK_06A]","","cat","4","4","3+ years","3 or more years ago","years","4","3+ years","Yrs quit (occ)","When stopped smoking - former occasional","Midpoint conversion: cat 4 -> 4 years (conservative)","3.0.0-alpha","2026-01-10","active","Fixed to use direct mapping per v2.1 pattern.",""
"SMK_06A_cont","N/A","cont","cchs2003_p, cchs2005_p, cchs2007_2008_p, cchs2009_2010_p, cchs2011_2012_p, cchs2013_2014_p, cchs2015_2016_p, cchs2017_2018_p, cchs2003_m, cchs2005_m, cchs2007_2008_m, cchs2009_2010_m, cchs2011_2012_m, cchs2013_2014_m, cchs2015_2016_m, cchs2017_2018_m, cchs2019_2020_m, cchs2021_m","cchs2003_p::SMKC_06A, cchs2005_p::SMKE_06A, cchs2015_2016_p::SMK_060, cchs2017_2018_p::SMK_060, cchs2003_m::SMKC_06A, cchs2005_m::SMKE_06A, cchs2015_2016_m::SMK_060, cchs2017_2018_m::SMK_060, cchs2019_2020_m::SMK_060, cchs2021_m::SMK_060, [SMK_06A]","","cat","NA::a","4","Not applicable","Not applicable","years","6","Not applicable","Yrs quit (occ)","When stopped smoking - former occasional","","3.0.0-alpha","2026-01-10","active","Fixed to use direct mapping per v2.1 pattern.",""
"SMK_06A_cont","N/A","cont","cchs2003_p, cchs2005_p, cchs2007_2008_p, cchs2009_2010_p, cchs2011_2012_p, cchs2013_2014_p, cchs2015_2016_p, cchs2017_2018_p, cchs2003_m, cchs2005_m, cchs2007_2008_m, cchs2009_2010_m, cchs2011_2012_m, cchs2013_2014_m, cchs2015_2016_m, cchs2017_2018_m, cchs2019_2020_m, cchs2021_m","cchs2003_p::SMKC_06A, cchs2005_p::SMKE_06A, cchs2015_2016_p::SMK_060, cchs2017_2018_p::SMK_060, cchs2003_m::SMKC_06A, cchs2005_m::SMKE_06A, cchs2015_2016_m::SMK_060, cchs2017_2018_m::SMK_060, cchs2019_2020_m::SMK_060, cchs2021_m::SMK_060, [SMK_06A]","","cat","NA::b","4","Missing","Don't know/Refusal/Not stated","years","[7,9]","Missing","Yrs quit (occ)","When stopped smoking - former occasional","","3.0.0-alpha","2026-01-10","active","Fixed to use direct mapping per v2.1 pattern.",""
"SMK_06A_cont","N/A","cont","cchs2003_p, cchs2005_p, cchs2007_2008_p, cchs2009_2010_p, cchs2011_2012_p, cchs2013_2014_p, cchs2015_2016_p, cchs2017_2018_p, cchs2003_m, cchs2005_m, cchs2007_2008_m, cchs2009_2010_m, cchs2011_2012_m, cchs2013_2014_m, cchs2015_2016_m, cchs2017_2018_m, cchs2019_2020_m, cchs2021_m","cchs2003_p::SMKC_06A, cchs2005_p::SMKE_06A, cchs2015_2016_p::SMK_060, cchs2017_2018_p::SMK_060, cchs2003_m::SMKC_06A, cchs2005_m::SMKE_06A, cchs2015_2016_m::SMK_060, cchs2017_2018_m::SMK_060, cchs2019_2020_m::SMK_060, cchs2021_m::SMK_060, [SMK_06A]","","cat","NA::b","4","Catch-all","Catch-all missing","years","else","else","Yrs quit (occ)","When stopped smoking - former occasional","","3.0.0-alpha","2026-01-10","active","Fixed to use direct mapping per v2.1 pattern.",""
"SMK_10A_cont","N/A","cont","cchs2003_p, cchs2005_p, cchs2003_m, cchs2005_m","cchs2003_p::SMKC_10A, cchs2005_p::SMKE_10A, cchs2003_m::SMKC_10A, cchs2005_m::SMKE_10A","","cat","0.5","4","<1 year","Less than 1 year ago","years","1","Less than 1 year","Yrs quit (reducer)","When quit completely - former daily reducer","Midpoint conversion: cat 1 -> 0.5 years","3.0.0-alpha","2026-01-10","active","Fixed to use direct mapping per v2.1 pattern.",""
"SMK_10A_cont","N/A","cont","cchs2003_p, cchs2005_p, cchs2003_m, cchs2005_m","cchs2003_p::SMKC_10A, cchs2005_p::SMKE_10A, cchs2003_m::SMKC_10A, cchs2005_m::SMKE_10A","","cat","1.5","4","1-2 years","1 to less than 2 years ago","years","2","1-2 years","Yrs quit (reducer)","When quit completely - former daily reducer","Midpoint conversion: cat 2 -> 1.5 years","3.0.0-alpha","2026-01-10","active","Fixed to use direct mapping per v2.1 pattern.",""
"SMK_10A_cont","N/A","cont","cchs2003_p, cchs2005_p, cchs2003_m, cchs2005_m","cchs2003_p::SMKC_10A, cchs2005_p::SMKE_10A, cchs2003_m::SMKC_10A, cchs2005_m::SMKE_10A","","cat","2.5","4","2-3 years","2 to less than 3 years ago","years","3","2-3 years","Yrs quit (reducer)","When quit completely - former daily reducer","Midpoint conversion: cat 3 -> 2.5 years","3.0.0-alpha","2026-01-10","active","Fixed to use direct mapping per v2.1 pattern.",""
"SMK_10A_cont","N/A","cont","cchs2003_p, cchs2005_p, cchs2003_m, cchs2005_m","cchs2003_p::SMKC_10A, cchs2005_p::SMKE_10A, cchs2003_m::SMKC_10A, cchs2005_m::SMKE_10A","","cat","4","4","3+ years","3 or more years ago","years","4","3+ years","Yrs quit (reducer)","When quit completely - former daily reducer","Midpoint conversion: cat 4 -> 4 years (conservative)","3.0.0-alpha","2026-01-10","active","Fixed to use direct mapping per v2.1 pattern.",""
"SMK_10A_cont","N/A","cont","cchs2003_p, cchs2005_p, cchs2003_m, cchs2005_m","cchs2003_p::SMKC_10A, cchs2005_p::SMKE_10A, cchs2003_m::SMKC_10A, cchs2005_m::SMKE_10A","","cat","NA::a","4","Not applicable","Not applicable","years","6","Not applicable","Yrs quit (reducer)","When quit completely - former daily reducer","","3.0.0-alpha","2026-01-10","active","Fixed to use direct mapping per v2.1 pattern.",""
"SMK_10A_cont","N/A","cont","cchs2003_p, cchs2005_p, cchs2003_m, cchs2005_m","cchs2003_p::SMKC_10A, cchs2005_p::SMKE_10A, cchs2003_m::SMKC_10A, cchs2005_m::SMKE_10A","","cat","NA::b","4","Missing","Don't know/Refusal/Not stated","years","[7,9]","Missing","Yrs quit (reducer)","When quit completely - former daily reducer","","3.0.0-alpha","2026-01-10","active","Fixed to use direct mapping per v2.1 pattern.",""
"SMK_10A_cont","N/A","cont","cchs2003_p, cchs2005_p, cchs2003_m, cchs2005_m","cchs2003_p::SMKC_10A, cchs2005_p::SMKE_10A, cchs2003_m::SMKC_10A, cchs2005_m::SMKE_10A","","cat","NA::b","4","Catch-all","Catch-all missing","years","else","else","Yrs quit (reducer)","When quit completely - former daily reducer","","3.0.0-alpha","2026-01-10","active","Fixed to use direct mapping per v2.1 pattern.",""
"SMK_10A_cont","N/A","cont","cchs2007_2008_p, cchs2009_2010_p, cchs2011_2012_p, cchs2013_2014_p, cchs2015_2016_p, cchs2017_2018_p, cchs2007_2008_m, cchs2009_2010_m, cchs2011_2012_m, cchs2013_2014_m, cchs2015_2016_m, cchs2017_2018_m, cchs2019_2020_m, cchs2021_m","cchs2015_2016_p::SMK_100, cchs2017_2018_p::SMK_100, cchs2015_2016_m::SMK_100, cchs2017_2018_m::SMK_100, cchs2019_2020_m::SMK_100, cchs2021_m::SMK_100, [SMK_10A]","","cat","0.5","4","<1 year","Less than 1 year ago","years","1","Less than 1 year","Yrs quit (reducer)","When quit completely - former daily reducer","Midpoint conversion: cat 1 -> 0.5 years","3.0.0-alpha","2026-01-10","active","Fixed to use direct mapping per v2.1 pattern.",""
"SMK_10A_cont","N/A","cont","cchs2007_2008_p, cchs2009_2010_p, cchs2011_2012_p, cchs2013_2014_p, cchs2015_2016_p, cchs2017_2018_p, cchs2007_2008_m, cchs2009_2010_m, cchs2011_2012_m, cchs2013_2014_m, cchs2015_2016_m, cchs2017_2018_m, cchs2019_2020_m, cchs2021_m","cchs2015_2016_p::SMK_100, cchs2017_2018_p::SMK_100, cchs2015_2016_m::SMK_100, cchs2017_2018_m::SMK_100, cchs2019_2020_m::SMK_100, cchs2021_m::SMK_100, [SMK_10A]","","cat","1.5","4","1-2 years","1 to less than 2 years ago","years","2","1-2 years","Yrs quit (reducer)","When quit completely - former daily reducer","Midpoint conversion: cat 2 -> 1.5 years","3.0.0-alpha","2026-01-10","active","Fixed to use direct mapping per v2.1 pattern.",""
"SMK_10A_cont","N/A","cont","cchs2007_2008_p, cchs2009_2010_p, cchs2011_2012_p, cchs2013_2014_p, cchs2015_2016_p, cchs2017_2018_p, cchs2007_2008_m, cchs2009_2010_m, cchs2011_2012_m, cchs2013_2014_m, cchs2015_2016_m, cchs2017_2018_m, cchs2019_2020_m, cchs2021_m","cchs2015_2016_p::SMK_100, cchs2017_2018_p::SMK_100, cchs2015_2016_m::SMK_100, cchs2017_2018_m::SMK_100, cchs2019_2020_m::SMK_100, cchs2021_m::SMK_100, [SMK_10A]","","cat","2.5","4","2-3 years","2 to less than 3 years ago","years","3","2-3 years","Yrs quit (reducer)","When quit completely - former daily reducer","Midpoint conversion: cat 3 -> 2.5 years","3.0.0-alpha","2026-01-10","active","Fixed to use direct mapping per v2.1 pattern.",""
"SMK_10A_cont","N/A","cont","cchs2007_2008_p, cchs2009_2010_p, cchs2011_2012_p, cchs2013_2014_p, cchs2015_2016_p, cchs2017_2018_p, cchs2007_2008_m, cchs2009_2010_m, cchs2011_2012_m, cchs2013_2014_m, cchs2015_2016_m, cchs2017_2018_m, cchs2019_2020_m, cchs2021_m","cchs2015_2016_p::SMK_100, cchs2017_2018_p::SMK_100, cchs2015_2016_m::SMK_100, cchs2017_2018_m::SMK_100, cchs2019_2020_m::SMK_100, cchs2021_m::SMK_100, [SMK_10A]","","cat","4","4","3+ years","3 or more years ago","years","4","3+ years","Yrs quit (reducer)","When quit completely - former daily reducer","Midpoint conversion: cat 4 -> 4 years (conservative)","3.0.0-alpha","2026-01-10","active","Fixed to use direct mapping per v2.1 pattern.",""
"SMK_10A_cont","N/A","cont","cchs2007_2008_p, cchs2009_2010_p, cchs2011_2012_p, cchs2013_2014_p, cchs2015_2016_p, cchs2017_2018_p, cchs2007_2008_m, cchs2009_2010_m, cchs2011_2012_m, cchs2013_2014_m, cchs2015_2016_m, cchs2017_2018_m, cchs2019_2020_m, cchs2021_m","cchs2015_2016_p::SMK_100, cchs2017_2018_p::SMK_100, cchs2015_2016_m::SMK_100, cchs2017_2018_m::SMK_100, cchs2019_2020_m::SMK_100, cchs2021_m::SMK_100, [SMK_10A]","","cat","NA::a","4","Not applicable","Not applicable","years","6","Not applicable","Yrs quit (reducer)","When quit completely - former daily reducer","","3.0.0-alpha","2026-01-10","active","Fixed to use direct mapping per v2.1 pattern.",""
"SMK_10A_cont","N/A","cont","cchs2007_2008_p, cchs2009_2010_p, cchs2011_2012_p, cchs2013_2014_p, cchs2015_2016_p, cchs2017_2018_p, cchs2007_2008_m, cchs2009_2010_m, cchs2011_2012_m, cchs2013_2014_m, cchs2015_2016_m, cchs2017_2018_m, cchs2019_2020_m, cchs2021_m","cchs2015_2016_p::SMK_100, cchs2017_2018_p::SMK_100, cchs2015_2016_m::SMK_100, cchs2017_2018_m::SMK_100, cchs2019_2020_m::SMK_100, cchs2021_m::SMK_100, [SMK_10A]","","cat","NA::b","4","Missing","Don't know/Refusal/Not stated","years","[7,9]","Missing","Yrs quit (reducer)","When quit completely - former daily reducer","","3.0.0-alpha","2026-01-10","active","Fixed to use direct mapping per v2.1 pattern.",""
"SMK_10A_cont","N/A","cont","cchs2007_2008_p, cchs2009_2010_p, cchs2011_2012_p, cchs2013_2014_p, cchs2015_2016_p, cchs2017_2018_p, cchs2007_2008_m, cchs2009_2010_m, cchs2011_2012_m, cchs2013_2014_m, cchs2015_2016_m, cchs2017_2018_m, cchs2019_2020_m, cchs2021_m","cchs2015_2016_p::SMK_100, cchs2017_2018_p::SMK_100, cchs2015_2016_m::SMK_100, cchs2017_2018_m::SMK_100, cchs2019_2020_m::SMK_100, cchs2021_m::SMK_100, [SMK_10A]","","cat","NA::b","4","Catch-all","Catch-all missing","years","else","else","Yrs quit (reducer)","When quit completely - former daily reducer","","3.0.0-alpha","2026-01-10","active","Fixed to use direct mapping per v2.1 pattern.",""
"time_quit_smoking","N/A","cont","cchs2001_p, cchs2003_p, cchs2005_p, cchs2007_2008_p, cchs2009_2010_p, cchs2011_2012_p, cchs2013_2014_p, cchs2015_2016_p, cchs2017_2018_p, cchs2001_m, cchs2003_m, cchs2005_m, cchs2007_2008_m, cchs2009_2010_m, cchs2011_2012_m, cchs2013_2014_m, cchs2015_2016_m, cchs2017_2018_m, cchs2019_2020_m, cchs2021_m, cchs2022_m, cchs2023_m, cchs2019_2020_p, cchs2021_p, cchs2022_p, cchs2023_p","DerivedVar::[SMK_09A_cont, SMK_06A_cont, SMKDVSTP]","","N/A","Func::calculate_time_quit_smoking","N/A","N/A","N/A","years","N/A","Years since quit","Yrs quit (reducer)","Unified years since quit - combines pathways","3.0.0","3.0.0-alpha","2026-01-04","active","Label clarified. Added Master 2001-2023, PUMF 2001-2018. Extended PUMF to 2019-2023 (2021_p, 2023_p need DDI confirmation).",""
"time_quit_smoking","N/A","cont","cchs2001_p, cchs2003_p, cchs2005_p, cchs2007_2008_p, cchs2009_2010_p, cchs2011_2012_p, cchs2013_2014_p, cchs2015_2016_p, cchs2017_2018_p, cchs2001_m, cchs2003_m, cchs2005_m, cchs2007_2008_m, cchs2009_2010_m, cchs2011_2012_m, cchs2013_2014_m, cchs2015_2016_m, cchs2017_2018_m, cchs2019_2020_m, cchs2021_m, cchs2022_m, cchs2023_m, cchs2019_2020_p, cchs2021_p, cchs2022_p, cchs2023_p","DerivedVar::[SMK_09A_cont, SMK_06A_cont, SMKDVSTP]","","N/A","NA::a","N/A","N/A","Not applicable","years","N/A","Not applicable","Yrs quit (reducer)","Years since quit","Never smoker or current smoker","3.0.0-alpha","2026-01-04","active","Label clarified. Added Master 2001-2023, PUMF 2001-2018. Extended PUMF to 2019-2023 (2021_p, 2023_p need DDI confirmation).",""
"time_quit_smoking","N/A","cont","cchs2001_p, cchs2003_p, cchs2005_p, cchs2007_2008_p, cchs2009_2010_p, cchs2011_2012_p, cchs2013_2014_p, cchs2015_2016_p, cchs2017_2018_p, cchs2001_m, cchs2003_m, cchs2005_m, cchs2007_2008_m, cchs2009_2010_m, cchs2011_2012_m, cchs2013_2014_m, cchs2015_2016_m, cchs2017_2018_m, cchs2019_2020_m, cchs2021_m, cchs2022_m, cchs2023_m, cchs2019_2020_p, cchs2021_p, cchs2022_p, cchs2023_p","DerivedVar::[SMK_09A_cont, SMK_06A_cont, SMKDVSTP]","","N/A","NA::b","N/A","N/A","Missing","years","N/A","Missing","Yrs quit (reducer)","Years since quit","Missing all input sources","3.0.0-alpha","2026-01-04","active","Label clarified. Added Master 2001-2023, PUMF 2001-2018. Extended PUMF to 2019-2023 (2021_p, 2023_p need DDI confirmation).",""
"SMK_06A_A","SMK_06A_A_cat4_1","cat","cchs2001_p, cchs2001_m, cchs2021_p, cchs2023_p","[SMKA_06A]","","cat","1","4","<1 year","Less than one year ago","years","1","Less than one year ago","Stop age (fmr occ)","When did you stop smoking daily - never daily","","3.0.0-alpha","2026-01-04","active","Migrated from production. Converted deprecated _i suffix to _m. Extended PUMF to 2019-2023 (2021_p, 2023_p need DDI confirmation).",""
"SMK_06A_A","SMK_06A_A_cat4_2","cat","cchs2001_p, cchs2001_m, cchs2021_p, cchs2023_p","[SMKA_06A]","","cat","2","4","1 to 2 years","1 year to 2 years ago","years","2","1 year to 2 years ago","Stop age (fmr occ)","When did you stop smoking daily - never daily","","3.0.0-alpha","2026-01-04","active","Migrated from production. Converted deprecated _i suffix to _m. Extended PUMF to 2019-2023 (2021_p, 2023_p need DDI confirmation).",""
"SMK_06A_A","SMK_06A_A_cat4_3","cat","cchs2001_p, cchs2001_m, cchs2021_p, cchs2023_p","[SMKA_06A]","","cat","3","4","3 to 5 years","3 years to 5 years ago","years","3","3 years to 5 years ago","Stop age (fmr occ)","When did you stop smoking daily - never daily","","3.0.0-alpha","2026-01-04","active","Migrated from production. Converted deprecated _i suffix to _m. Extended PUMF to 2019-2023 (2021_p, 2023_p need DDI confirmation).",""
"SMK_06A_A","SMK_06A_A_cat4_4","cat","cchs2001_p, cchs2001_m, cchs2021_p, cchs2023_p","[SMKA_06A]","","cat","4","4",">5 years","More than 5 years ago","years","4","More than 5 years ago","Stop age (fmr occ)","When did you stop smoking daily - never daily","","3.0.0-alpha","2026-01-04","active","Migrated from production. Converted deprecated _i suffix to _m. Extended PUMF to 2019-2023 (2021_p, 2023_p need DDI confirmation).",""
"SMK_06A_A","SMK_06A_A_cat4_NAa","cat","cchs2001_p, cchs2001_m, cchs2021_p, cchs2023_p","[SMKA_06A]","","cat","NA::a","4","Not applicable","not applicable","years","6","not applicable","Stop age (fmr occ)","When did you stop smoking daily - never daily","","3.0.0-alpha","2026-01-04","active","Migrated from production. Converted deprecated _i suffix to _m. Extended PUMF to 2019-2023 (2021_p, 2023_p need DDI confirmation).",""
"SMK_06A_A","SMK_06A_A_cat4_NAb","cat","cchs2001_p, cchs2001_m, cchs2021_p, cchs2023_p","[SMKA_06A]","","cat","NA::b","4","Missing","missing","years","[7,9]","don't know (7); refusal (8); not stated (9)","Stop age (fmr occ)","When did you stop smoking daily - never daily","","3.0.0-alpha","2026-01-04","active","Migrated from production. Converted deprecated _i suffix to _m. Extended PUMF to 2019-2023 (2021_p, 2023_p need DDI confirmation).",""
"SMK_06A_A","SMK_06A_A_cat4_NAb","cat","cchs2001_p, cchs2001_m, cchs2021_p, cchs2023_p","[SMKA_06A]","","cat","NA::b","4","Missing","missing","years","else","else","Stop age (fmr occ)","When did you stop smoking daily - never daily","","3.0.0-alpha","2026-01-04","active","Migrated from production. Converted deprecated _i suffix to _m. Extended PUMF to 2019-2023 (2021_p, 2023_p need DDI confirmation).",""
"SMK_06A_B","SMK_06A_B_cat4_1","cat","cchs2003_p, cchs2005_p, cchs2007_2008_p, cchs2009_2010_p, cchs2011_2012_p, cchs2013_2014_p, cchs2015_2016_p, cchs2017_2018_p, cchs2003_m, cchs2005_m, cchs2007_2008_m, cchs2009_2010_m, cchs2011_2012_m, cchs2013_2014_m, cchs2015_2016_m, cchs2017_2018_m, cchs2019_2020_m, cchs2021_m, cchs2023_m, cchs2021_p, cchs2023_p","cchs2003_p::SMKC_06A, cchs2005_p::SMKE_06A, cchs2015_2016_p::SMK_060, cchs2017_2018_p::SMK_060, cchs2003_m::SMKC_06A, cchs2005_m::SMKE_06A,  cchs2015_2016_m::SMK_060, cchs2017_2018_m::SMK_060, cchs2019_2020_m::SMK_060, cchs2021_m::SMK_060, cchs2023_m::SPU_10, [SMK_06A]","","cat","1","4","<1 year","Less than one year ago","years","1","Less than one year","Stop age (fmr occ)","When did you stop smoking daily - occasional","","3.0.0-alpha","2026-01-04","active","Migrated from production. Converted deprecated _i suffix to _m. Extended PUMF to 2019-2023 (2021_p, 2023_p need DDI confirmation).",""
"SMK_06A_B","SMK_06A_B_cat4_2","cat","cchs2003_p, cchs2005_p, cchs2007_2008_p, cchs2009_2010_p, cchs2011_2012_p, cchs2013_2014_p, cchs2015_2016_p, cchs2017_2018_p, cchs2003_m, cchs2005_m, cchs2007_2008_m, cchs2009_2010_m, cchs2011_2012_m, cchs2013_2014_m, cchs2015_2016_m, cchs2017_2018_m, cchs2019_2020_m, cchs2021_m, cchs2023_m, cchs2021_p, cchs2023_p","cchs2003_p::SMKC_06A, cchs2005_p::SMKE_06A, cchs2015_2016_p::SMK_060, cchs2017_2018_p::SMK_060, cchs2003_m::SMKC_06A, cchs2005_m::SMKE_06A,  cchs2015_2016_m::SMK_060, cchs2017_2018_m::SMK_060, cchs2019_2020_m::SMK_060, cchs2021_m::SMK_060, cchs2023_m::SPU_10, [SMK_06A]","","cat","2","4","1 to 2 years","1 year to less than 2 years ago","years","2","1 year to < 2 years","Stop age (fmr occ)","When did you stop smoking daily - occasional","","3.0.0-alpha","2026-01-04","active","Migrated from production. Converted deprecated _i suffix to _m. Extended PUMF to 2019-2023 (2021_p, 2023_p need DDI confirmation).",""
"SMK_06A_B","SMK_06A_B_cat4_3","cat","cchs2003_p, cchs2005_p, cchs2007_2008_p, cchs2009_2010_p, cchs2011_2012_p, cchs2013_2014_p, cchs2015_2016_p, cchs2017_2018_p, cchs2003_m, cchs2005_m, cchs2007_2008_m, cchs2009_2010_m, cchs2011_2012_m, cchs2013_2014_m, cchs2015_2016_m, cchs2017_2018_m, cchs2019_2020_m, cchs2021_m, cchs2023_m, cchs2021_p, cchs2023_p","cchs2003_p::SMKC_06A, cchs2005_p::SMKE_06A, cchs2015_2016_p::SMK_060, cchs2017_2018_p::SMK_060, cchs2003_m::SMKC_06A, cchs2005_m::SMKE_06A,  cchs2015_2016_m::SMK_060, cchs2017_2018_m::SMK_060, cchs2019_2020_m::SMK_060, cchs2021_m::SMK_060, cchs2023_m::SPU_10, [SMK_06A]","","cat","3","4","2 to 3 years","2 years to less than 3 years ago","years","3","2 years to < 3 years","Stop age (fmr occ)","When did you stop smoking daily - occasional","","3.0.0-alpha","2026-01-04","active","Migrated from production. Converted deprecated _i suffix to _m. Extended PUMF to 2019-2023 (2021_p, 2023_p need DDI confirmation).",""
"SMK_06A_B","SMK_06A_B_cat4_4","cat","cchs2003_p, cchs2005_p, cchs2007_2008_p, cchs2009_2010_p, cchs2011_2012_p, cchs2013_2014_p, cchs2015_2016_p, cchs2017_2018_p, cchs2003_m, cchs2005_m, cchs2007_2008_m, cchs2009_2010_m, cchs2011_2012_m, cchs2013_2014_m, cchs2015_2016_m, cchs2017_2018_m, cchs2019_2020_m, cchs2021_m, cchs2023_m, cchs2021_p, cchs2023_p","cchs2003_p::SMKC_06A, cchs2005_p::SMKE_06A, cchs2015_2016_p::SMK_060, cchs2017_2018_p::SMK_060, cchs2003_m::SMKC_06A, cchs2005_m::SMKE_06A,  cchs2015_2016_m::SMK_060, cchs2017_2018_m::SMK_060, cchs2019_2020_m::SMK_060, cchs2021_m::SMK_060, cchs2023_m::SPU_10, [SMK_06A]","","cat","4","4",">= 3 years","3 or more years ago","years","4","3 or more years","Stop age (fmr occ)","When did you stop smoking daily - occasional","","3.0.0-alpha","2026-01-04","active","Migrated from production. Converted deprecated _i suffix to _m. Extended PUMF to 2019-2023 (2021_p, 2023_p need DDI confirmation).",""
"SMK_06A_B","SMK_06A_B_cat4_NAa","cat","cchs2003_p, cchs2005_p, cchs2007_2008_p, cchs2009_2010_p, cchs2011_2012_p, cchs2013_2014_p, cchs2015_2016_p, cchs2017_2018_p, cchs2003_m, cchs2005_m, cchs2007_2008_m, cchs2009_2010_m, cchs2011_2012_m, cchs2013_2014_m, cchs2015_2016_m, cchs2017_2018_m, cchs2019_2020_m, cchs2021_m, cchs2023_m, cchs2021_p, cchs2023_p","cchs2003_p::SMKC_06A, cchs2005_p::SMKE_06A, cchs2015_2016_p::SMK_060, cchs2017_2018_p::SMK_060, cchs2003_m::SMKC_06A, cchs2005_m::SMKE_06A,  cchs2015_2016_m::SMK_060, cchs2017_2018_m::SMK_060, cchs2019_2020_m::SMK_060, cchs2021_m::SMK_060, cchs2023_m::SPU_10, [SMK_06A]","","cat","NA::a","4","Not applicable","not applicable","years","6","not applicable","Stop age (fmr occ)","When did you stop smoking daily - occasional","","3.0.0-alpha","2026-01-04","active","Migrated from production. Converted deprecated _i suffix to _m. Extended PUMF to 2019-2023 (2021_p, 2023_p need DDI confirmation).",""
"SMK_06A_B","SMK_06A_B_cat4_NAb","cat","cchs2003_p, cchs2005_p, cchs2007_2008_p, cchs2009_2010_p, cchs2011_2012_p, cchs2013_2014_p, cchs2015_2016_p, cchs2017_2018_p, cchs2003_m, cchs2005_m, cchs2007_2008_m, cchs2009_2010_m, cchs2011_2012_m, cchs2013_2014_m, cchs2015_2016_m, cchs2017_2018_m, cchs2019_2020_m, cchs2021_m, cchs2023_m, cchs2021_p, cchs2023_p","cchs2003_p::SMKC_06A, cchs2005_p::SMKE_06A, cchs2015_2016_p::SMK_060, cchs2017_2018_p::SMK_060, cchs2003_m::SMKC_06A, cchs2005_m::SMKE_06A,  cchs2015_2016_m::SMK_060, cchs2017_2018_m::SMK_060, cchs2019_2020_m::SMK_060, cchs2021_m::SMK_060, cchs2023_m::SPU_10, [SMK_06A]","","cat","NA::b","4","Missing","missing","years","[7,9]","don't know (7); refusal (8); not stated (9)","Stop age (fmr occ)","When did you stop smoking daily - occasional","","3.0.0-alpha","2026-01-04","active","Migrated from production. Converted deprecated _i suffix to _m. Extended PUMF to 2019-2023 (2021_p, 2023_p need DDI confirmation).",""
"SMK_06A_B","SMK_06A_B_cat4_NAb","cat","cchs2003_p, cchs2005_p, cchs2007_2008_p, cchs2009_2010_p, cchs2011_2012_p, cchs2013_2014_p, cchs2015_2016_p, cchs2017_2018_p, cchs2003_m, cchs2005_m, cchs2007_2008_m, cchs2009_2010_m, cchs2011_2012_m, cchs2013_2014_m, cchs2015_2016_m, cchs2017_2018_m, cchs2019_2020_m, cchs2021_m, cchs2023_m, cchs2021_p, cchs2023_p","cchs2003_p::SMKC_06A, cchs2005_p::SMKE_06A, cchs2015_2016_p::SMK_060, cchs2017_2018_p::SMK_060, cchs2003_m::SMKC_06A, cchs2005_m::SMKE_06A,  cchs2015_2016_m::SMK_060, cchs2017_2018_m::SMK_060, cchs2019_2020_m::SMK_060, cchs2021_m::SMK_060, cchs2023_m::SPU_10, [SMK_06A]","","cat","NA::b","4","Missing","missing","years","else","else","Stop age (fmr occ)","When did you stop smoking daily - occasional","","3.0.0-alpha","2026-01-04","active","Migrated from production. Converted deprecated _i suffix to _m. Extended PUMF to 2019-2023 (2021_p, 2023_p need DDI confirmation).",""
"SMK_09A_A","SMK_09A_A_cat4_1","cat","cchs2001_p, cchs2001_m, cchs2019_2020_p, cchs2021_p, cchs2022_p, cchs2023_p, cchs2009_2010_m, cchs2011_2012_m, cchs2013_2014_m","cchs2001_p::SMKA_09A, cchs2001_m::SMKA_09A","ICES confirmed","cat","1","4","<1 year","Less than one year ago","years","1","Less than one year ago","Stop age (fmr daily)","When did you stop smoking daily - former daily","","3.0.0-alpha","2026-01-04","active","Migrated from production. Converted deprecated _i suffix to _m. Extended PUMF to 2019-2023 (2021_p, 2023_p need DDI confirmation).",""
"SMK_09A_A","SMK_09A_A_cat4_2","cat","cchs2001_p, cchs2001_m, cchs2019_2020_p, cchs2021_p, cchs2022_p, cchs2023_p, cchs2009_2010_m, cchs2011_2012_m, cchs2013_2014_m","cchs2001_p::SMKA_09A, cchs2001_m::SMKA_09A","ICES confirmed","cat","2","4","1 to 2 years","1 year to 2 years ago","years","2","1 year to 2 years ago","Stop age (fmr daily)","When did you stop smoking daily - former daily","","3.0.0-alpha","2026-01-04","active","Migrated from production. Converted deprecated _i suffix to _m. Extended PUMF to 2019-2023 (2021_p, 2023_p need DDI confirmation).",""
"SMK_09A_A","SMK_09A_A_cat4_3","cat","cchs2001_p, cchs2001_m, cchs2019_2020_p, cchs2021_p, cchs2022_p, cchs2023_p, cchs2009_2010_m, cchs2011_2012_m, cchs2013_2014_m","cchs2001_p::SMKA_09A, cchs2001_m::SMKA_09A","ICES confirmed","cat","3","4","3 to 5 years","3 years to 5 years ago","years","3","3 years to 5 years ago","Stop age (fmr daily)","When did you stop smoking daily - former daily","","3.0.0-alpha","2026-01-04","active","Migrated from production. Converted deprecated _i suffix to _m. Extended PUMF to 2019-2023 (2021_p, 2023_p need DDI confirmation).",""
"SMK_09A_A","SMK_09A_A_cat4_4","cat","cchs2001_p, cchs2001_m, cchs2019_2020_p, cchs2021_p, cchs2022_p, cchs2023_p, cchs2009_2010_m, cchs2011_2012_m, cchs2013_2014_m","cchs2001_p::SMKA_09A, cchs2001_m::SMKA_09A","ICES confirmed","cat","4","4",">5 years","More than 5 years ago","years","4","More than 5 years ago","Stop age (fmr daily)","When did you stop smoking daily - former daily","","3.0.0-alpha","2026-01-04","active","Migrated from production. Converted deprecated _i suffix to _m. Extended PUMF to 2019-2023 (2021_p, 2023_p need DDI confirmation).",""
"SMK_09A_A","SMK_09A_A_cat4_NAa","cat","cchs2001_p, cchs2001_m, cchs2019_2020_p, cchs2021_p, cchs2022_p, cchs2023_p, cchs2009_2010_m, cchs2011_2012_m, cchs2013_2014_m","cchs2001_p::SMKA_09A, cchs2001_m::SMKA_09A","ICES confirmed","cat","NA::a","4","Not applicable","not applicable","years","6","not applicable","Stop age (fmr daily)","When did you stop smoking daily - former daily","","3.0.0-alpha","2026-01-04","active","Migrated from production. Converted deprecated _i suffix to _m. Extended PUMF to 2019-2023 (2021_p, 2023_p need DDI confirmation).",""
"SMK_09A_A","SMK_09A_A_cat4_NAb","cat","cchs2001_p, cchs2001_m, cchs2019_2020_p, cchs2021_p, cchs2022_p, cchs2023_p, cchs2009_2010_m, cchs2011_2012_m, cchs2013_2014_m","cchs2001_p::SMKA_09A, cchs2001_m::SMKA_09A","ICES confirmed","cat","NA::b","4","Missing","missing","years","[7,9]","don't know (7); refusal (8); not stated (9)","Stop age (fmr daily)","When did you stop smoking daily - former daily","","3.0.0-alpha","2026-01-04","active","Migrated from production. Converted deprecated _i suffix to _m. Extended PUMF to 2019-2023 (2021_p, 2023_p need DDI confirmation).",""
"SMK_09A_A","SMK_09A_A_cat4_NAb","cat","cchs2001_p, cchs2001_m, cchs2019_2020_p, cchs2021_p, cchs2022_p, cchs2023_p, cchs2009_2010_m, cchs2011_2012_m, cchs2013_2014_m","cchs2001_p::SMKA_09A, cchs2001_m::SMKA_09A","ICES confirmed","cat","NA::b","4","Missing","missing","years","else","else","Stop age (fmr daily)","When did you stop smoking daily - former daily","","3.0.0-alpha","2026-01-04","active","Migrated from production. Converted deprecated _i suffix to _m. Extended PUMF to 2019-2023 (2021_p, 2023_p need DDI confirmation).",""
"SMK_09A_B","SMK_09A_B_cat4_1","cat","cchs2003_p, cchs2005_p, cchs2007_2008_p, cchs2009_2010_p, cchs2011_2012_p, cchs2013_2014_p, cchs2015_2016_p, cchs2017_2018_p, cchs2009_2010_m, cchs2011_2012_m, cchs2003_m, cchs2005_m, cchs2007_2008_m, cchs2013_2014_m, cchs2015_2016_m, cchs2017_2018_m, cchs2019_2020_m, cchs2021_m, cchs2023_m, cchs2021_p, cchs2023_p","cchs2003_p::SMKC_09A, cchs2005_p::SMKE_09A, cchs2015_2016_p::SMK_080, cchs2017_2018_p::SMK_080, cchs2003_m::SMKC_09A, cchs2005_m::SMKE_09A, cchs2015_2016_m::SMK_080, cchs2017_2018_m::SMK_080, cchs2017_2018_m::SMK_080, cchs2019_2020_m::SMK_080, cchs2021_m::SMK_080, cchs2023_m::SPU_25, [SMK_09A]","ICES confirmed","cat","0.5","4","<1 year","Less than one year ago","years","1","Less than 1 year","Stop age (fmr daily)","When did you stop smoking daily - former daily","","3.0.0-alpha","2026-01-04","active","Migrated from production. Converted deprecated _i suffix to _m. Extended PUMF to 2019-2023 (2021_p, 2023_p need DDI confirmation).",""
"SMK_09A_B","SMK_09A_B_cat4_2","cat","cchs2003_p, cchs2005_p, cchs2007_2008_p, cchs2009_2010_p, cchs2011_2012_p, cchs2013_2014_p, cchs2015_2016_p, cchs2017_2018_p, cchs2009_2010_m, cchs2011_2012_m, cchs2003_m, cchs2005_m, cchs2007_2008_m, cchs2013_2014_m, cchs2015_2016_m, cchs2017_2018_m, cchs2019_2020_m, cchs2021_m, cchs2023_m, cchs2021_p, cchs2023_p","cchs2003_p::SMKC_09A, cchs2005_p::SMKE_09A, cchs2015_2016_p::SMK_080, cchs2017_2018_p::SMK_080, cchs2003_m::SMKC_09A, cchs2005_m::SMKE_09A, cchs2015_2016_m::SMK_080, cchs2017_2018_m::SMK_080, cchs2003_m::SMKC_09A, cchs2005_m::SMKE_09A, cchs2015_2016_m::SMK_080, cchs2017_2018_m::SMK_080, cchs2019_2020_m::SMK_080, cchs2021_m::SMK_080, cchs2023_m::SPU_25, [SMK_09A]","ICES confirmed","cat","1.5","4","1 to <2 years","1 year to less than 2 years ago","years","2","1 to <2 years","Stop age (fmr daily)","When did you stop smoking daily - former daily","","3.0.0-alpha","2026-01-04","active","Migrated from production. Converted deprecated _i suffix to _m. Extended PUMF to 2019-2023 (2021_p, 2023_p need DDI confirmation).",""
"SMK_09A_B","SMK_09A_B_cat4_3","cat","cchs2003_p, cchs2005_p, cchs2007_2008_p, cchs2009_2010_p, cchs2011_2012_p, cchs2013_2014_p, cchs2015_2016_p, cchs2017_2018_p, cchs2009_2010_m, cchs2011_2012_m, cchs2003_m, cchs2005_m, cchs2007_2008_m, cchs2013_2014_m, cchs2015_2016_m, cchs2017_2018_m, cchs2019_2020_m, cchs2021_m, cchs2023_m, cchs2021_p, cchs2023_p","cchs2003_p::SMKC_09A, cchs2005_p::SMKE_09A, cchs2015_2016_p::SMK_080, cchs2017_2018_p::SMK_080, cchs2003_m::SMKC_09A, cchs2005_m::SMKE_09A, cchs2015_2016_m::SMK_080, cchs2017_2018_m::SMK_080, cchs2003_m::SMKC_09A, cchs2005_m::SMKE_09A, cchs2015_2016_m::SMK_080, cchs2017_2018_m::SMK_080, cchs2019_2020_m::SMK_080, cchs2021_m::SMK_080, cchs2023_m::SPU_25, [SMK_09A]","ICES confirmed","cat","2.5","4","2 to <3 years","2 years to less than 3 years ago","years","3","2 to <3 years","Stop age (fmr daily)","When did you stop smoking daily - former daily","","3.0.0-alpha","2026-01-04","active","Migrated from production. Converted deprecated _i suffix to _m. Extended PUMF to 2019-2023 (2021_p, 2023_p need DDI confirmation).",""
"SMK_09A_B","SMK_09A_B_cat4_NAa","cat","cchs2003_p, cchs2005_p, cchs2007_2008_p, cchs2009_2010_p, cchs2011_2012_p, cchs2013_2014_p, cchs2015_2016_p, cchs2017_2018_p, cchs2009_2010_m, cchs2011_2012_m, cchs2003_m, cchs2005_m, cchs2007_2008_m, cchs2013_2014_m, cchs2015_2016_m, cchs2017_2018_m, cchs2019_2020_m, cchs2021_m, cchs2023_m, cchs2021_p, cchs2023_p","cchs2003_p::SMKC_09A, cchs2005_p::SMKE_09A, cchs2015_2016_p::SMK_080, cchs2017_2018_p::SMK_080, cchs2003_m::SMKC_09A, cchs2005_m::SMKE_09A, cchs2015_2016_m::SMK_080, cchs2017_2018_m::SMK_080, cchs2003_m::SMKC_09A, cchs2005_m::SMKE_09A, cchs2015_2016_m::SMK_080, cchs2017_2018_m::SMK_080, cchs2019_2020_m::SMK_080, cchs2021_m::SMK_080, cchs2023_m::SPU_25, [SMK_09A]","ICES confirmed","cat","NA::a","4","Not applicable","not applicable","years","6","not applicable","Stop age (fmr daily)","When did you stop smoking daily - former daily","","3.0.0-alpha","2026-01-04","active","Migrated from production. Converted deprecated _i suffix to _m. Extended PUMF to 2019-2023 (2021_p, 2023_p need DDI confirmation).",""
"SMK_09A_B","SMK_09A_B_cat4_NAb","cat","cchs2003_p, cchs2005_p, cchs2007_2008_p, cchs2009_2010_p, cchs2011_2012_p, cchs2013_2014_p, cchs2015_2016_p, cchs2017_2018_p, cchs2009_2010_m, cchs2011_2012_m, cchs2003_m, cchs2005_m, cchs2007_2008_m, cchs2013_2014_m, cchs2015_2016_m, cchs2017_2018_m, cchs2019_2020_m, cchs2021_m, cchs2023_m, cchs2021_p, cchs2023_p","cchs2003_p::SMKC_09A, cchs2005_p::SMKE_09A, cchs2015_2016_p::SMK_080, cchs2017_2018_p::SMK_080, cchs2003_m::SMKC_09A, cchs2005_m::SMKE_09A, cchs2015_2016_m::SMK_080, cchs2017_2018_m::SMK_080, cchs2003_m::SMKC_09A, cchs2005_m::SMKE_09A, cchs2015_2016_m::SMK_080, cchs2017_2018_m::SMK_080, cchs2019_2020_m::SMK_080, cchs2021_m::SMK_080, cchs2023_m::SPU_25, [SMK_09A]","ICES confirmed","cat","NA::b","4","Missing","missing","years","[7,9]","don't know (7); refusal (8); not stated (9)","Stop age (fmr daily)","When did you stop smoking daily - former daily","","3.0.0-alpha","2026-01-04","active","Migrated from production. Converted deprecated _i suffix to _m. Extended PUMF to 2019-2023 (2021_p, 2023_p need DDI confirmation).",""
"SMK_09A_B","SMK_09A_B_cat4_NAb","cat","cchs2003_p, cchs2005_p, cchs2007_2008_p, cchs2009_2010_p, cchs2011_2012_p, cchs2013_2014_p, cchs2015_2016_p, cchs2017_2018_p, cchs2009_2010_m, cchs2011_2012_m, cchs2003_m, cchs2005_m, cchs2007_2008_m, cchs2013_2014_m, cchs2015_2016_m, cchs2017_2018_m, cchs2019_2020_m, cchs2021_m, cchs2023_m, cchs2021_p, cchs2023_p","cchs2003_p::SMKC_09A, cchs2005_p::SMKE_09A, cchs2015_2016_p::SMK_080, cchs2017_2018_p::SMK_080, cchs2003_m::SMKC_09A, cchs2005_m::SMKE_09A, cchs2015_2016_m::SMK_080, cchs2017_2018_m::SMK_080, cchs2003_m::SMKC_09A, cchs2005_m::SMKE_09A, cchs2015_2016_m::SMK_080, cchs2017_2018_m::SMK_080, cchs2019_2020_m::SMK_080, cchs2021_m::SMK_080, cchs2023_m::SPU_25, [SMK_09A]","ICES confirmed","cat","NA::b","4","Missing","missing","years","else","else","Stop age (fmr daily)","When did you stop smoking daily - former daily","","3.0.0-alpha","2026-01-04","active","Migrated from production. Converted deprecated _i suffix to _m. Extended PUMF to 2019-2023 (2021_p, 2023_p need DDI confirmation).",""
"SMK_09A_B","N/A","cat","cchs2022_p, cchs2022_m, cchs2019_2020_p, cchs2021_p, cchs2023_p, cchs2009_2010_m, cchs2011_2012_m, cchs2013_2014_m","DerivedVar::[SPU_25]","ICES confirmed","N/A","Func::calculate_SMK_09A_cont","N/A","N/A","N/A","years","N/A","N/A","Stop age (fmr daily)","When did you stop smoking daily - former daily","","3.0.0-alpha","2026-01-04","active","Migrated from production. Converted deprecated _i suffix to _m. Extended PUMF to 2019-2023 (2021_p, 2023_p need DDI confirmation).","No typeStart"
"SMK_09A_B","SMK_09A_B_cat4_1","cat","cchs2022_p, cchs2022_m, cchs2019_2020_p, cchs2021_p, cchs2023_p, cchs2009_2010_m, cchs2011_2012_m, cchs2013_2014_m","DerivedVar::[SPU_25]","ICES confirmed","N/A","1","N/A","<1 year","converted age - Less than one year ago","years","N/A","N/A","Stop age (fmr daily)","When did you stop smoking daily - former daily","","3.0.0-alpha","2026-01-04","active","Migrated from production. Converted deprecated _i suffix to _m. Extended PUMF to 2019-2023 (2021_p, 2023_p need DDI confirmation).","No typeStart"
"SMK_09A_B","SMK_09A_B_cat4_2","cat","cchs2022_p, cchs2022_m, cchs2019_2020_p, cchs2021_p, cchs2023_p, cchs2009_2010_m, cchs2011_2012_m, cchs2013_2014_m","DerivedVar::[SPU_25]","ICES confirmed","N/A","2","N/A","1 to <2 years","converted age - 1 year to less than 2 years ago","years","N/A","N/A","Stop age (fmr daily)","When did you stop smoking daily - former daily","","3.0.0-alpha","2026-01-04","active","Migrated from production. Converted deprecated _i suffix to _m. Extended PUMF to 2019-2023 (2021_p, 2023_p need DDI confirmation).","No typeStart"
"SMK_09A_B","SMK_09A_B_cat4_3","cat","cchs2022_p, cchs2022_m, cchs2019_2020_p, cchs2021_p, cchs2023_p, cchs2009_2010_m, cchs2011_2012_m, cchs2013_2014_m","DerivedVar::[SPU_25]","ICES confirmed","N/A","3","N/A","2 to <3 years","converted age - 2 years to less than 3 years ago","years","N/A","N/A","Stop age (fmr daily)","When did you stop smoking daily - former daily","","3.0.0-alpha","2026-01-04","active","Migrated from production. Converted deprecated _i suffix to _m. Extended PUMF to 2019-2023 (2021_p, 2023_p need DDI confirmation).","No typeStart"
"SMK_09A_B","SMK_09A_B_cat4_4","cat","cchs2022_p, cchs2022_m, cchs2019_2020_p, cchs2021_p, cchs2023_p, cchs2009_2010_m, cchs2011_2012_m, cchs2013_2014_m","DerivedVar::[SPU_25]","ICES confirmed","N/A","4","N/A","3 or more years","converted age - 3 or more years ago","years","N/A","N/A","Stop age (fmr daily)","When did you stop smoking daily - former daily","","3.0.0-alpha","2026-01-04","active","Migrated from production. Converted deprecated _i suffix to _m. Extended PUMF to 2019-2023 (2021_p, 2023_p need DDI confirmation).","No typeStart"
"SMK_09A_B","SMK_09A_B_cat4_NAa","cat","cchs2022_p, cchs2022_m, cchs2019_2020_p, cchs2021_p, cchs2023_p, cchs2009_2010_m, cchs2011_2012_m, cchs2013_2014_m","DerivedVar::[SPU_25]","ICES confirmed","N/A","NA::a","N/A","Not applicable","not applicable","years","N/A","N/A","Stop age (fmr daily)","When did you stop smoking daily - former daily","","3.0.0-alpha","2026-01-04","active","Migrated from production. Converted deprecated _i suffix to _m. Extended PUMF to 2019-2023 (2021_p, 2023_p need DDI confirmation).","No typeStart"
"SMK_09A_B","SMK_09A_B_cat4_NAb","cat","cchs2022_p, cchs2022_m, cchs2019_2020_p, cchs2021_p, cchs2023_p, cchs2009_2010_m, cchs2011_2012_m, cchs2013_2014_m","DerivedVar::[SPU_25]","ICES confirmed","N/A","NA::b","N/A","Missing","missing","years","N/A","N/A","Stop age (fmr daily)","When did you stop smoking daily - former daily","","3.0.0-alpha","2026-01-04","active","Migrated from production. Converted deprecated _i suffix to _m. Extended PUMF to 2019-2023 (2021_p, 2023_p need DDI confirmation).","No typeStart"
"SMK_09A","N/A","cont","cchs2001_m, cchs2009_2010_m, cchs2011_2012_m, cchs2013_2014_m","cchs2001_p::SMKA_09A","","cat","0.5","N/A","<1 year","converted age - Less than one year ago","years","1","Less than one year ago","Stop age (fmr daily)","When did you stop smoking daily - former daily","","3.0.0-alpha","2026-01-04","active","Master true continuous. New for v3.0.0.",""
"SMK_09A","N/A","cont","cchs2001_m, cchs2009_2010_m, cchs2011_2012_m, cchs2013_2014_m","cchs2001_p::SMKA_09A","","cat","1.5","N/A","1 to <2 years","converted age - 1 year to 2 years ago","years","2","1 year to 2 years ago","Stop age (fmr daily)","When did you stop smoking daily - former daily","","3.0.0-alpha","2026-01-04","active","Master true continuous. New for v3.0.0.",""
"SMK_09A","N/A","cont","cchs2001_m, cchs2009_2010_m, cchs2011_2012_m, cchs2013_2014_m","cchs2001_p::SMKA_09A","","cat","4","N/A","3 to 5 years","converted age - 3 years to 5 years ago","years","3","3 years to 5 years ago","Stop age (fmr daily)","When did you stop smoking daily - former daily","","3.0.0-alpha","2026-01-04","active","Master true continuous. New for v3.0.0.",""
"SMK_09A","N/A","cont","cchs2001_m, cchs2009_2010_m, cchs2011_2012_m, cchs2013_2014_m","cchs2001_p::SMKA_09A","","cat","6","N/A","> 5 years","converted age - More than 5 years ago","years","4","More than 5 years ago","Stop age (fmr daily)","When did you stop smoking daily - former daily","","3.0.0-alpha","2026-01-04","active","Master true continuous. New for v3.0.0.",""
"SMK_09A","N/A","cont","cchs2001_m, cchs2009_2010_m, cchs2011_2012_m, cchs2013_2014_m","cchs2001_p::SMKA_09A","","cat","NA::a","N/A","Not applicable","not applicable","years","6","not applicable","Stop age (fmr daily)","When did you stop smoking daily - former daily","","3.0.0-alpha","2026-01-04","active","Master true continuous. New for v3.0.0.",""
"SMK_09A","N/A","cont","cchs2001_m, cchs2009_2010_m, cchs2011_2012_m, cchs2013_2014_m","cchs2001_p::SMKA_09A","","cat","NA::b","N/A","Missing","missing","years","[7,9]","don't know (7); refusal (8); not stated (9)","Stop age (fmr daily)","When did you stop smoking daily - former daily","","3.0.0-alpha","2026-01-04","active","Master true continuous. New for v3.0.0.",""
"SMK_09A","N/A","cont","cchs2001_m, cchs2009_2010_m, cchs2011_2012_m, cchs2013_2014_m","cchs2001_p::SMKA_09A","","cat","NA::b","N/A","Missing","missing","years","else","else","Stop age (fmr daily)","When did you stop smoking daily - former daily","","3.0.0-alpha","2026-01-04","active","Master true continuous. New for v3.0.0.",""
"SMK_09A","N/A","cont","cchs2009_2010_m, cchs2011_2012_m, cchs2003_m, cchs2005_m, cchs2007_2008_m, cchs2013_2014_m, cchs2015_2016_m, cchs2017_2018_m, cchs2019_2020_m, cchs2021_m","cchs2015_2016_m::SMK_080, cchs2017_2018_m::SMK_080, cchs2019_2020_m::SMK_080, cchs2021_m::SMK_080, cchs2003_m::SMKC_09A, cchs2005_m::SMKE_09A, cchs2003_p::SMKC_09A, cchs2005_p::SMKE_09A, cchs2015_2016_p::SMK_080, cchs2017_2018_p::SMK_080, [SMK_09A]","","cat","0.5","N/A","<1 year","converted age - Less than one year ago","years","1","Less than 1 year","Stop age (fmr daily)","When did you stop smoking daily - former daily","","3.0.0-alpha","2026-01-04","active","Master true continuous. New for v3.0.0.",""
"SMK_09A","N/A","cont","cchs2009_2010_m, cchs2011_2012_m, cchs2003_m, cchs2005_m, cchs2007_2008_m, cchs2013_2014_m, cchs2015_2016_m, cchs2017_2018_m, cchs2019_2020_m, cchs2021_m","cchs2015_2016_m::SMK_080, cchs2017_2018_m::SMK_080, cchs2019_2020_m::SMK_080, cchs2021_m::SMK_080, cchs2003_m::SMKC_09A, cchs2005_m::SMKE_09A, cchs2003_p::SMKC_09A, cchs2005_p::SMKE_09A, cchs2015_2016_p::SMK_080, cchs2017_2018_p::SMK_080, [SMK_09A]","","cat","1.5","N/A","1 to <2 years","converted age - 1 year to less than 2 years ago","years","2","1 to <2 years","Stop age (fmr daily)","When did you stop smoking daily - former daily","","3.0.0-alpha","2026-01-04","active","Master true continuous. New for v3.0.0.",""
"SMK_09A","N/A","cont","cchs2009_2010_m, cchs2011_2012_m, cchs2003_m, cchs2005_m, cchs2007_2008_m, cchs2013_2014_m, cchs2015_2016_m, cchs2017_2018_m, cchs2019_2020_m, cchs2021_m","cchs2015_2016_m::SMK_080, cchs2017_2018_m::SMK_080, cchs2019_2020_m::SMK_080, cchs2021_m::SMK_080, cchs2003_m::SMKC_09A, cchs2005_m::SMKE_09A, cchs2003_p::SMKC_09A, cchs2005_p::SMKE_09A, cchs2015_2016_p::SMK_080, cchs2017_2018_p::SMK_080, [SMK_09A]","","cat","2.5","N/A","2 to <3 years","converted age - 2 years to less than 3 years ago","years","3","2 to <3 years","Stop age (fmr daily)","When did you stop smoking daily - former daily","","3.0.0-alpha","2026-01-04","active","Master true continuous. New for v3.0.0.",""
"SMK_09A","N/A","cont","cchs2009_2010_m, cchs2011_2012_m, cchs2003_m, cchs2005_m, cchs2007_2008_m, cchs2013_2014_m, cchs2015_2016_m, cchs2017_2018_m, cchs2019_2020_m, cchs2021_m","cchs2015_2016_m::SMK_080, cchs2017_2018_m::SMK_080, cchs2019_2020_m::SMK_080, cchs2021_m::SMK_080, cchs2003_m::SMKC_09A, cchs2005_m::SMKE_09A, cchs2003_p::SMKC_09A, cchs2005_p::SMKE_09A, cchs2015_2016_p::SMK_080, cchs2017_2018_p::SMK_080, [SMK_09A]","","cat","4","N/A","3 or more years","converted age - 3 or more years ago","years","4","3 years or more","Stop age (fmr daily)","When did you stop smoking daily - former daily","","3.0.0-alpha","2026-01-04","active","Master true continuous. New for v3.0.0.",""
"SMK_09A","N/A","cont","cchs2009_2010_m, cchs2011_2012_m, cchs2003_m, cchs2005_m, cchs2007_2008_m, cchs2013_2014_m, cchs2015_2016_m, cchs2017_2018_m, cchs2019_2020_m, cchs2021_m","cchs2015_2016_m::SMK_080, cchs2017_2018_m::SMK_080, cchs2019_2020_m::SMK_080, cchs2021_m::SMK_080, cchs2003_m::SMKC_09A, cchs2005_m::SMKE_09A, cchs2003_p::SMKC_09A, cchs2005_p::SMKE_09A, cchs2015_2016_p::SMK_080, cchs2017_2018_p::SMK_080, [SMK_09A]","","cat","NA::a","N/A","Not applicable","not applicable","years","6","not applicable","Stop age (fmr daily)","When did you stop smoking daily - former daily","","3.0.0-alpha","2026-01-04","active","Master true continuous. New for v3.0.0.",""
"SMK_09A","N/A","cont","cchs2009_2010_m, cchs2011_2012_m, cchs2003_m, cchs2005_m, cchs2007_2008_m, cchs2013_2014_m, cchs2015_2016_m, cchs2017_2018_m, cchs2019_2020_m, cchs2021_m","cchs2015_2016_m::SMK_080, cchs2017_2018_m::SMK_080, cchs2019_2020_m::SMK_080, cchs2021_m::SMK_080, cchs2003_m::SMKC_09A, cchs2005_m::SMKE_09A, cchs2003_p::SMKC_09A, cchs2005_p::SMKE_09A, cchs2015_2016_p::SMK_080, cchs2017_2018_p::SMK_080, [SMK_09A]","","cat","NA::b","N/A","Missing","missing","years","[7,9]","don't know (7); refusal (8); not stated (9)","Stop age (fmr daily)","When did you stop smoking daily - former daily","","3.0.0-alpha","2026-01-04","active","Master true continuous. New for v3.0.0.",""
"SMK_09A","N/A","cont","cchs2009_2010_m, cchs2011_2012_m, cchs2003_m, cchs2005_m, cchs2007_2008_m, cchs2013_2014_m, cchs2015_2016_m, cchs2017_2018_m, cchs2019_2020_m, cchs2021_m","cchs2015_2016_m::SMK_080, cchs2017_2018_m::SMK_080, cchs2019_2020_m::SMK_080, cchs2021_m::SMK_080, cchs2003_m::SMKC_09A, cchs2005_m::SMKE_09A, cchs2003_p::SMKC_09A, cchs2005_p::SMKE_09A, cchs2015_2016_p::SMK_080, cchs2017_2018_p::SMK_080, [SMK_09A]","","cat","NA::b","N/A","Missing","missing","years","else","else","Stop age (fmr daily)","When did you stop smoking daily - former daily","","3.0.0-alpha","2026-01-04","active","Master true continuous. New for v3.0.0.",""
"SMK_09A","N/A","cont","cchs2022_m, cchs2009_2010_m, cchs2011_2012_m, cchs2013_2014_m","DerivedVar::[SPU_25]","","N/A","Func::calculate_SMK_09A_cont","N/A","N/A","N/A","years","N/A","N/A","Stop age (fmr daily)","When did you stop smoking daily - former daily","","3.0.0-alpha","2026-01-04","active","Master true continuous. New for v3.0.0.","recStart and other columns N/A"
"SMK_09A","N/A","cont","cchs2022_m, cchs2009_2010_m, cchs2011_2012_m, cchs2013_2014_m","DerivedVar::[SPU_25]","","N/A","0.5","N/A","<1 year","converted age - Less than one year ago","years","N/A","N/A","Stop age (fmr daily)","When did you stop smoking daily - former daily","","3.0.0-alpha","2026-01-04","active","Master true continuous. New for v3.0.0.","recStart and other columns N/A"
"SMK_09A","N/A","cont","cchs2022_m, cchs2009_2010_m, cchs2011_2012_m, cchs2013_2014_m","DerivedVar::[SPU_25]","","N/A","1.5","N/A","1 to <2 years","converted age - 1 year to less than 2 years ago","years","N/A","N/A","Stop age (fmr daily)","When did you stop smoking daily - former daily","","3.0.0-alpha","2026-01-04","active","Master true continuous. New for v3.0.0.","recStart and other columns N/A"
"SMK_09A","N/A","cont","cchs2022_m, cchs2009_2010_m, cchs2011_2012_m, cchs2013_2014_m","DerivedVar::[SPU_25]","","N/A","2.5","N/A","2 to <3 years","converted age - 2 years to less than 3 years ago","years","N/A","N/A","Stop age (fmr daily)","When did you stop smoking daily - former daily","","3.0.0-alpha","2026-01-04","active","Master true continuous. New for v3.0.0.","recStart and other columns N/A"
"SMK_09A","N/A","cont","cchs2022_m, cchs2009_2010_m, cchs2011_2012_m, cchs2013_2014_m","DerivedVar::[SPU_25]","","N/A","4","N/A","3 or more years","converted age - 3 or more years ago","years","N/A","N/A","Stop age (fmr daily)","When did you stop smoking daily - former daily","","3.0.0-alpha","2026-01-04","active","Master true continuous. New for v3.0.0.","recStart and other columns N/A"
"SMK_09A","N/A","cont","cchs2022_m, cchs2009_2010_m, cchs2011_2012_m, cchs2013_2014_m","DerivedVar::[SPU_25]","","N/A","NA::a","N/A","Not applicable","not applicable","years","N/A","N/A","Stop age (fmr daily)","When did you stop smoking daily - former daily","","3.0.0-alpha","2026-01-04","active","Master true continuous. New for v3.0.0.","recStart and other columns N/A"
"SMK_09A","N/A","cont","cchs2022_m, cchs2009_2010_m, cchs2011_2012_m, cchs2013_2014_m","DerivedVar::[SPU_25]","","N/A","NA::b","N/A","Missing","missing","years","N/A","N/A","Stop age (fmr daily)","When did you stop smoking daily - former daily","","3.0.0-alpha","2026-01-04","active","Master true continuous. New for v3.0.0.","recStart and other columns N/A"
"SMK_06C","N/A","cont","cchs2009_2010_m, cchs2011_2012_m, cchs2003_m, cchs2005_m, cchs2007_2008_m, cchs2013_2014_m","cchs2003_m::SMKC_06C, cchs2005_m::SMKE_06C, [SMK_06C]","","cat","1","3","3 to 5 years","3 to 5 years","years","[3,6)","3 to 5 years","Yrs quit (fmr occ)","Years since stopped smoking daily - never daily","","3.0.0-alpha","2026-01-04","active","Master true continuous. New for v3.0.0.",""
"SMK_06C","N/A","cont","cchs2009_2010_m, cchs2011_2012_m, cchs2003_m, cchs2005_m, cchs2007_2008_m, cchs2013_2014_m","cchs2003_m::SMKC_06C, cchs2005_m::SMKE_06C, [SMK_06C]","","cat","2","3","6 to 10 years","6 to 10 years","years","[6,11)","6 to 10 years","Yrs quit (fmr occ)","Years since stopped smoking daily - never daily","","3.0.0-alpha","2026-01-04","active","Master true continuous. New for v3.0.0.",""
"SMK_06C","N/A","cont","cchs2009_2010_m, cchs2011_2012_m, cchs2003_m, cchs2005_m, cchs2007_2008_m, cchs2013_2014_m","cchs2003_m::SMKC_06C, cchs2005_m::SMKE_06C, [SMK_06C]","","cat","3","3","11+ years","11 or more years","years","[11,82]","11 or more years","Yrs quit (fmr occ)","Years since stopped smoking daily - never daily","","3.0.0-alpha","2026-01-04","active","Master true continuous. New for v3.0.0.",""
"SMK_06C","N/A","cont","cchs2009_2010_m, cchs2011_2012_m, cchs2003_m, cchs2005_m, cchs2007_2008_m, cchs2013_2014_m","cchs2003_m::SMKC_06C, cchs2005_m::SMKE_06C, [SMK_06C]","","cat","NA::a","3","Not applicable","not applicable","years","996","not applicable","Yrs quit (fmr occ)","Years since stopped smoking daily - never daily","","3.0.0-alpha","2026-01-04","active","Master true continuous. New for v3.0.0.",""
"SMK_06C","N/A","cont","cchs2009_2010_m, cchs2011_2012_m, cchs2003_m, cchs2005_m, cchs2007_2008_m, cchs2013_2014_m","cchs2003_m::SMKC_06C, cchs2005_m::SMKE_06C, [SMK_06C]","","cat","NA::b","3","Missing","missing","years","[997,999]","don't know (997); refusal (998); not stated (999)","Yrs quit (fmr occ)","Years since stopped smoking daily - never daily","","3.0.0-alpha","2026-01-04","active","Master true continuous. New for v3.0.0.",""
"SMK_06C","N/A","cont","cchs2009_2010_m, cchs2011_2012_m, cchs2003_m, cchs2005_m, cchs2007_2008_m, cchs2013_2014_m","cchs2003_m::SMKC_06C, cchs2005_m::SMKE_06C, [SMK_06C]","","cat","NA::b","3","Missing","missing","years","else","else","Yrs quit (fmr occ)","Years since stopped smoking daily - never daily","","3.0.0-alpha","2026-01-04","active","Master true continuous. New for v3.0.0.",""
"SMK_09C","N/A","cont","cchs2022_m, cchs2009_2010_m, cchs2011_2012_m, cchs2013_2014_m","DerivedVar::[SPU_25]","ICES altered","cat","Func::calculate_SMK_09A_cont","N/A","N/A","N/A","years","N/A","N/A","Yrs quit (fmr daily)","Years since stopped smoking daily - former daily","","3.0.0-alpha","2026-01-04","active","Master true continuous. New for v3.0.0.",""
"SMK_09C","N/A","cont","cchs2022_m, cchs2009_2010_m, cchs2011_2012_m, cchs2013_2014_m","DerivedVar::[SPU_25]","ICES altered","cat","1","3","3 to 5 years","converted years - 3 to 5 years","years","N/A","N/A","Yrs quit (fmr daily)","Years since stopped smoking daily - former daily","","3.0.0-alpha","2026-01-04","active","Master true continuous. New for v3.0.0.",""
"SMK_09C","N/A","cont","cchs2022_m, cchs2009_2010_m, cchs2011_2012_m, cchs2013_2014_m","DerivedVar::[SPU_25]","ICES altered","cat","2","3","6 to 10 years","converted years - 6 to 10 years","years","N/A","N/A","Yrs quit (fmr daily)","Years since stopped smoking daily - former daily","","3.0.0-alpha","2026-01-04","active","Master true continuous. New for v3.0.0.",""
"SMK_09C","N/A","cont","cchs2022_m, cchs2009_2010_m, cchs2011_2012_m, cchs2013_2014_m","DerivedVar::[SPU_25]","ICES altered","cat","3","3","11+ years","converted years - 11 or more years","years","N/A","N/A","Yrs quit (fmr daily)","Years since stopped smoking daily - former daily","","3.0.0-alpha","2026-01-04","active","Master true continuous. New for v3.0.0.",""
"SMK_09C","N/A","cont","cchs2022_m, cchs2009_2010_m, cchs2011_2012_m, cchs2013_2014_m","DerivedVar::[SPU_25]","ICES altered","cat","NA::a","3","Not applicable","not applicable","years","N/A","N/A","Yrs quit (fmr daily)","Years since stopped smoking daily - former daily","","3.0.0-alpha","2026-01-04","active","Master true continuous. New for v3.0.0.",""
"SMK_09C","N/A","cont","cchs2022_m, cchs2009_2010_m, cchs2011_2012_m, cchs2013_2014_m","DerivedVar::[SPU_25]","ICES altered","cat","NA::b","3","Missing","missing","years","N/A","N/A","Yrs quit (fmr daily)","Years since stopped smoking daily - former daily","","3.0.0-alpha","2026-01-04","active","Master true continuous. New for v3.0.0.",""
"SMK_09C","N/A","cont","cchs2009_2010_m, cchs2011_2012_m, cchs2003_m, cchs2005_m, cchs2007_2008_m, cchs2013_2014_m, cchs2015_2016_m, cchs2017_2018_m, cchs2019_2020_m, cchs2021_m","cchs2015_2016_m::SMK_090, cchs2017_2018_m::SMK_090, cchs2019_2020_m::SMK_090, cchs2021_m::SMK_090, cchs2003_m::SMKC_09C, cchs2005_m::SMKE_09C, [SMK_09C]","ICES altered","cat","1","3","3 to 5 years","3 to 5 years","years","[3,6)","3 to 5 years","Yrs quit (fmr daily)","Years since stopped smoking daily - former daily","","3.0.0-alpha","2026-01-04","active","Master true continuous. New for v3.0.0.",""
"SMK_09C","N/A","cont","cchs2009_2010_m, cchs2011_2012_m, cchs2003_m, cchs2005_m, cchs2007_2008_m, cchs2013_2014_m, cchs2015_2016_m, cchs2017_2018_m, cchs2019_2020_m, cchs2021_m","cchs2015_2016_m::SMK_090, cchs2017_2018_m::SMK_090, cchs2019_2020_m::SMK_090, cchs2021_m::SMK_090, cchs2003_m::SMKC_09C, cchs2005_m::SMKE_09C, [SMK_09C]","ICES altered","cat","2","3","6 to 10 years","6 to 10 years","years","[6,11)","6 to 10 years","Yrs quit (fmr daily)","Years since stopped smoking daily - former daily","","3.0.0-alpha","2026-01-04","active","Master true continuous. New for v3.0.0.",""
"SMK_09C","N/A","cont","cchs2009_2010_m, cchs2011_2012_m, cchs2003_m, cchs2005_m, cchs2007_2008_m, cchs2013_2014_m, cchs2015_2016_m, cchs2017_2018_m, cchs2019_2020_m, cchs2021_m","cchs2015_2016_m::SMK_090, cchs2017_2018_m::SMK_090, cchs2019_2020_m::SMK_090, cchs2021_m::SMK_090, cchs2003_m::SMKC_09C, cchs2005_m::SMKE_09C, [SMK_09C]","ICES altered","cat","3","3","11+ years","11 or more years","years","[11,82]","11 or more years","Yrs quit (fmr daily)","Years since stopped smoking daily - former daily","","3.0.0-alpha","2026-01-04","active","Master true continuous. New for v3.0.0.",""
"SMK_09C","N/A","cont","cchs2009_2010_m, cchs2011_2012_m, cchs2003_m, cchs2005_m, cchs2007_2008_m, cchs2013_2014_m, cchs2015_2016_m, cchs2017_2018_m, cchs2019_2020_m, cchs2021_m","cchs2015_2016_m::SMK_090, cchs2017_2018_m::SMK_090, cchs2019_2020_m::SMK_090, cchs2021_m::SMK_090, cchs2003_m::SMKC_09C, cchs2005_m::SMKE_09C, [SMK_09C]","ICES altered","cat","NA::a","3","Not applicable","not applicable","years","996","not applicable","Yrs quit (fmr daily)","Years since stopped smoking daily - former daily","","3.0.0-alpha","2026-01-04","active","Master true continuous. New for v3.0.0.",""
"SMK_09C","N/A","cont","cchs2009_2010_m, cchs2011_2012_m, cchs2003_m, cchs2005_m, cchs2007_2008_m, cchs2013_2014_m, cchs2015_2016_m, cchs2017_2018_m, cchs2019_2020_m, cchs2021_m","cchs2015_2016_m::SMK_090, cchs2017_2018_m::SMK_090, cchs2019_2020_m::SMK_090, cchs2021_m::SMK_090, cchs2003_m::SMKC_09C, cchs2005_m::SMKE_09C, [SMK_09C]","ICES altered","cat","NA::b","3","Missing","missing","years","[997,999]","don't know (997); refusal (998); not stated (999)","Yrs quit (fmr daily)","Years since stopped smoking daily - former daily","","3.0.0-alpha","2026-01-04","active","Master true continuous. New for v3.0.0.",""
"SMK_09C","N/A","cont","cchs2009_2010_m, cchs2011_2012_m, cchs2003_m, cchs2005_m, cchs2007_2008_m, cchs2013_2014_m, cchs2015_2016_m, cchs2017_2018_m, cchs2019_2020_m, cchs2021_m","cchs2015_2016_m::SMK_090, cchs2017_2018_m::SMK_090, cchs2019_2020_m::SMK_090, cchs2021_m::SMK_090, cchs2003_m::SMKC_09C, cchs2005_m::SMKE_09C, [SMK_09C]","ICES altered","cat","NA::b","3","Missing","missing","years","else","else","Yrs quit (fmr daily)","Years since stopped smoking daily - former daily","","3.0.0-alpha","2026-01-04","active","Master true continuous. New for v3.0.0.",""
"SMK_09C","N/A","cont","cchs2022_m, cchs2009_2010_m, cchs2011_2012_m, cchs2013_2014_m","DerivedVar::[SPU_25]","ICES altered","cat","Func::calculate_SMK_09A_cont","N/A","N/A","N/A","years","N/A","N/A","Yrs quit (fmr daily)","Years since stopped smoking daily - former daily","","3.0.0-alpha","2026-01-04","active","Master true continuous. New for v3.0.0.",""
"SMK_09C","N/A","cont","cchs2022_m, cchs2009_2010_m, cchs2011_2012_m, cchs2013_2014_m","DerivedVar::[SPU_25]","ICES altered","cat","1","3","3 to 5 years","converted years - 3 to 5 years","years","N/A","N/A","Yrs quit (fmr daily)","Years since stopped smoking daily - former daily","","3.0.0-alpha","2026-01-04","active","Master true continuous. New for v3.0.0.",""
"SMK_09C","N/A","cont","cchs2022_m, cchs2009_2010_m, cchs2011_2012_m, cchs2013_2014_m","DerivedVar::[SPU_25]","ICES altered","cat","2","3","6 to 10 years","converted years - 6 to 10 years","years","N/A","N/A","Yrs quit (fmr daily)","Years since stopped smoking daily - former daily","","3.0.0-alpha","2026-01-04","active","Master true continuous. New for v3.0.0.",""
"SMK_09C","N/A","cont","cchs2022_m, cchs2009_2010_m, cchs2011_2012_m, cchs2013_2014_m","DerivedVar::[SPU_25]","ICES altered","cat","3","3","11+ years","converted years - 11 or more years","years","N/A","N/A","Yrs quit (fmr daily)","Years since stopped smoking daily - former daily","","3.0.0-alpha","2026-01-04","active","Master true continuous. New for v3.0.0.",""
"SMK_09C","N/A","cont","cchs2022_m, cchs2009_2010_m, cchs2011_2012_m, cchs2013_2014_m","DerivedVar::[SPU_25]","ICES altered","cat","NA::a","3","Not applicable","not applicable","years","N/A","N/A","Yrs quit (fmr daily)","Years since stopped smoking daily - former daily","","3.0.0-alpha","2026-01-04","active","Master true continuous. New for v3.0.0.",""
"SMK_09C","N/A","cont","cchs2022_m, cchs2009_2010_m, cchs2011_2012_m, cchs2013_2014_m","DerivedVar::[SPU_25]","ICES altered","cat","NA::b","3","Missing","missing","years","N/A","N/A","Yrs quit (fmr daily)","Years since stopped smoking daily - former daily","","3.0.0-alpha","2026-01-04","active","Master true continuous. New for v3.0.0.",""
"SMK_09C","N/A","cont","cchs2009_2010_m, cchs2011_2012_m, cchs2003_m, cchs2005_m, cchs2007_2008_m, cchs2013_2014_m, cchs2015_2016_m, cchs2017_2018_m, cchs2019_2020_m, cchs2021_m","cchs2015_2016_m::SMK_090, cchs2017_2018_m::SMK_090, cchs2019_2020_m::SMK_090, cchs2021_m::SMK_090, cchs2003_m::SMKC_09C, cchs2005_m::SMKE_09C, [SMK_09C]","ICES altered","cat","1","3","3 to 5 years","3 to 5 years","years","[3,6)","3 to 5 years","Yrs quit (fmr daily)","Years since stopped smoking daily - former daily","","3.0.0-alpha","2026-01-04","active","Master true continuous. New for v3.0.0.",""
"SMK_09C","N/A","cont","cchs2009_2010_m, cchs2011_2012_m, cchs2003_m, cchs2005_m, cchs2007_2008_m, cchs2013_2014_m, cchs2015_2016_m, cchs2017_2018_m, cchs2019_2020_m, cchs2021_m","cchs2015_2016_m::SMK_090, cchs2017_2018_m::SMK_090, cchs2019_2020_m::SMK_090, cchs2021_m::SMK_090, cchs2003_m::SMKC_09C, cchs2005_m::SMKE_09C, [SMK_09C]","ICES altered","cat","2","3","6 to 10 years","6 to 10 years","years","[6,11)","6 to 10 years","Yrs quit (fmr daily)","Years since stopped smoking daily - former daily","","3.0.0-alpha","2026-01-04","active","Master true continuous. New for v3.0.0.",""
"SMK_09C","N/A","cont","cchs2009_2010_m, cchs2011_2012_m, cchs2003_m, cchs2005_m, cchs2007_2008_m, cchs2013_2014_m, cchs2015_2016_m, cchs2017_2018_m, cchs2019_2020_m, cchs2021_m","cchs2015_2016_m::SMK_090, cchs2017_2018_m::SMK_090, cchs2019_2020_m::SMK_090, cchs2021_m::SMK_090, cchs2003_m::SMKC_09C, cchs2005_m::SMKE_09C, [SMK_09C]","ICES altered","cat","3","3","11+ years","11 or more years","years","[11,82]","11 or more years","Yrs quit (fmr daily)","Years since stopped smoking daily - former daily","","3.0.0-alpha","2026-01-04","active","Master true continuous. New for v3.0.0.",""
"SMK_09C","N/A","cont","cchs2009_2010_m, cchs2011_2012_m, cchs2003_m, cchs2005_m, cchs2007_2008_m, cchs2013_2014_m, cchs2015_2016_m, cchs2017_2018_m, cchs2019_2020_m, cchs2021_m","cchs2015_2016_m::SMK_090, cchs2017_2018_m::SMK_090, cchs2019_2020_m::SMK_090, cchs2021_m::SMK_090, cchs2003_m::SMKC_09C, cchs2005_m::SMKE_09C, [SMK_09C]","ICES altered","cat","NA::a","3","Not applicable","not applicable","years","996","not applicable","Yrs quit (fmr daily)","Years since stopped smoking daily - former daily","","3.0.0-alpha","2026-01-04","active","Master true continuous. New for v3.0.0.",""
"SMK_09C","N/A","cont","cchs2009_2010_m, cchs2011_2012_m, cchs2003_m, cchs2005_m, cchs2007_2008_m, cchs2013_2014_m, cchs2015_2016_m, cchs2017_2018_m, cchs2019_2020_m, cchs2021_m","cchs2015_2016_m::SMK_090, cchs2017_2018_m::SMK_090, cchs2019_2020_m::SMK_090, cchs2021_m::SMK_090, cchs2003_m::SMKC_09C, cchs2005_m::SMKE_09C, [SMK_09C]","ICES altered","cat","NA::b","3","Missing","missing","years","[997,999]","don't know (997); refusal (998); not stated (999)","Yrs quit (fmr daily)","Years since stopped smoking daily - former daily","","3.0.0-alpha","2026-01-04","active","Master true continuous. New for v3.0.0.",""
"SMK_09C","N/A","cont","cchs2009_2010_m, cchs2011_2012_m, cchs2003_m, cchs2005_m, cchs2007_2008_m, cchs2013_2014_m, cchs2015_2016_m, cchs2017_2018_m, cchs2019_2020_m, cchs2021_m","cchs2015_2016_m::SMK_090, cchs2017_2018_m::SMK_090, cchs2019_2020_m::SMK_090, cchs2021_m::SMK_090, cchs2003_m::SMKC_09C, cchs2005_m::SMKE_09C, [SMK_09C]","ICES altered","cat","NA::b","3","Missing","missing","years","else","else","Yrs quit (fmr daily)","Years since stopped smoking daily - former daily","","3.0.0-alpha","2026-01-04","active","Master true continuous. New for v3.0.0.",""
"SMK_09A_cont","N/A","cont","cchs2001_p, cchs2001_m, cchs2019_2020_p, cchs2021_p, cchs2022_p, cchs2023_p, cchs2009_2010_m, cchs2011_2012_m, cchs2013_2014_m","cchs2001_p::SMKA_09A","","cat","0.5","N/A","<1 year","converted age - Less than one year ago","years","1","Less than one year ago","Stop age (fmr daily)","When did you stop smoking daily - former daily","","3.0.0-alpha","2026-01-04","active","Restored from inst/extdata. Has both PUMF and Master. Extended PUMF to 2019-2023 (2021_p, 2023_p need DDI confirmation).",""
"SMK_09A_cont","N/A","cont","cchs2001_p, cchs2001_m, cchs2019_2020_p, cchs2021_p, cchs2022_p, cchs2023_p, cchs2009_2010_m, cchs2011_2012_m, cchs2013_2014_m","cchs2001_p::SMKA_09A","","cat","1.5","N/A","1 to <2 years","converted age - 1 year to 2 years ago","years","2","1 year to 2 years ago","Stop age (fmr daily)","When did you stop smoking daily - former daily","","3.0.0-alpha","2026-01-04","active","Restored from inst/extdata. Has both PUMF and Master. Extended PUMF to 2019-2023 (2021_p, 2023_p need DDI confirmation).",""
"SMK_09A_cont","N/A","cont","cchs2001_p, cchs2001_m, cchs2019_2020_p, cchs2021_p, cchs2022_p, cchs2023_p, cchs2009_2010_m, cchs2011_2012_m, cchs2013_2014_m","cchs2001_p::SMKA_09A","","cat","4","N/A","3 to 5 years","converted age - 3 years to 5 years ago","years","3","3 years to 5 years ago","Stop age (fmr daily)","When did you stop smoking daily - former daily","","3.0.0-alpha","2026-01-04","active","Restored from inst/extdata. Has both PUMF and Master. Extended PUMF to 2019-2023 (2021_p, 2023_p need DDI confirmation).",""
"SMK_09A_cont","N/A","cont","cchs2001_p, cchs2001_m, cchs2019_2020_p, cchs2021_p, cchs2022_p, cchs2023_p, cchs2009_2010_m, cchs2011_2012_m, cchs2013_2014_m","cchs2001_p::SMKA_09A","","cat","6","N/A","> 5 years","converted age - More than 5 years ago","years","4","More than 5 years ago","Stop age (fmr daily)","When did you stop smoking daily - former daily","","3.0.0-alpha","2026-01-04","active","Restored from inst/extdata. Has both PUMF and Master. Extended PUMF to 2019-2023 (2021_p, 2023_p need DDI confirmation).",""
"SMK_09A_cont","N/A","cont","cchs2001_p, cchs2001_m, cchs2019_2020_p, cchs2021_p, cchs2022_p, cchs2023_p, cchs2009_2010_m, cchs2011_2012_m, cchs2013_2014_m","cchs2001_p::SMKA_09A","","cat","NA::a","N/A","Not applicable","not applicable","years","6","not applicable","Stop age (fmr daily)","When did you stop smoking daily - former daily","","3.0.0-alpha","2026-01-04","active","Restored from inst/extdata. Has both PUMF and Master. Extended PUMF to 2019-2023 (2021_p, 2023_p need DDI confirmation).",""
"SMK_09A_cont","N/A","cont","cchs2001_p, cchs2001_m, cchs2019_2020_p, cchs2021_p, cchs2022_p, cchs2023_p, cchs2009_2010_m, cchs2011_2012_m, cchs2013_2014_m","cchs2001_p::SMKA_09A","","cat","NA::b","N/A","Missing","missing","years","[7,9]","don't know (7); refusal (8); not stated (9)","Stop age (fmr daily)","When did you stop smoking daily - former daily","","3.0.0-alpha","2026-01-04","active","Restored from inst/extdata. Has both PUMF and Master. Extended PUMF to 2019-2023 (2021_p, 2023_p need DDI confirmation).",""
"SMK_09A_cont","N/A","cont","cchs2001_p, cchs2001_m, cchs2019_2020_p, cchs2021_p, cchs2022_p, cchs2023_p, cchs2009_2010_m, cchs2011_2012_m, cchs2013_2014_m","cchs2001_p::SMKA_09A","","cat","NA::b","N/A","Missing","missing","years","else","else","Stop age (fmr daily)","When did you stop smoking daily - former daily","","3.0.0-alpha","2026-01-04","active","Restored from inst/extdata. Has both PUMF and Master. Extended PUMF to 2019-2023 (2021_p, 2023_p need DDI confirmation).",""
"SMK_09A_cont","N/A","cont","cchs2003_p, cchs2005_p, cchs2007_2008_p, cchs2009_2010_p, cchs2011_2012_p, cchs2013_2014_p, cchs2015_2016_p, cchs2017_2018_p, cchs2009_2010_m, cchs2011_2012_m, cchs2003_m, cchs2005_m, cchs2007_2008_m, cchs2013_2014_m, cchs2015_2016_m, cchs2017_2018_m, cchs2019_2020_m, cchs2021_m, cchs2021_p, cchs2023_p","cchs2015_2016_m::SMK_080, cchs2017_2018_m::SMK_080, cchs2019_2020_m::SMK_080, cchs2021_m::SMK_080, cchs2003_m::SMKC_09A, cchs2005_m::SMKE_09A, cchs2003_p::SMKC_09A, cchs2005_p::SMKE_09A, cchs2015_2016_p::SMK_080, cchs2017_2018_p::SMK_080, [SMK_09A]","","cat","0.5","N/A","<1 year","converted age - Less than one year ago","years","1","Less than 1 year","Stop age (fmr daily)","When did you stop smoking daily - former daily","","3.0.0-alpha","2026-01-04","active","Restored from inst/extdata. Has both PUMF and Master. Extended PUMF to 2019-2023 (2021_p, 2023_p need DDI confirmation).",""
"SMK_09A_cont","N/A","cont","cchs2003_p, cchs2005_p, cchs2007_2008_p, cchs2009_2010_p, cchs2011_2012_p, cchs2013_2014_p, cchs2015_2016_p, cchs2017_2018_p, cchs2009_2010_m, cchs2011_2012_m, cchs2003_m, cchs2005_m, cchs2007_2008_m, cchs2013_2014_m, cchs2015_2016_m, cchs2017_2018_m, cchs2019_2020_m, cchs2021_m, cchs2021_p, cchs2023_p","cchs2015_2016_m::SMK_080, cchs2017_2018_m::SMK_080, cchs2019_2020_m::SMK_080, cchs2021_m::SMK_080, cchs2003_m::SMKC_09A, cchs2005_m::SMKE_09A, cchs2003_p::SMKC_09A, cchs2005_p::SMKE_09A, cchs2015_2016_p::SMK_080, cchs2017_2018_p::SMK_080, [SMK_09A]","","cat","1.5","N/A","1 to <2 years","converted age - 1 year to less than 2 years ago","years","2","1 to <2 years","Stop age (fmr daily)","When did you stop smoking daily - former daily","","3.0.0-alpha","2026-01-04","active","Restored from inst/extdata. Has both PUMF and Master. Extended PUMF to 2019-2023 (2021_p, 2023_p need DDI confirmation).",""
"SMK_09A_cont","N/A","cont","cchs2003_p, cchs2005_p, cchs2007_2008_p, cchs2009_2010_p, cchs2011_2012_p, cchs2013_2014_p, cchs2015_2016_p, cchs2017_2018_p, cchs2009_2010_m, cchs2011_2012_m, cchs2003_m, cchs2005_m, cchs2007_2008_m, cchs2013_2014_m, cchs2015_2016_m, cchs2017_2018_m, cchs2019_2020_m, cchs2021_m, cchs2021_p, cchs2023_p","cchs2015_2016_m::SMK_080, cchs2017_2018_m::SMK_080, cchs2019_2020_m::SMK_080, cchs2021_m::SMK_080, cchs2003_m::SMKC_09A, cchs2005_m::SMKE_09A, cchs2003_p::SMKC_09A, cchs2005_p::SMKE_09A, cchs2015_2016_p::SMK_080, cchs2017_2018_p::SMK_080, [SMK_09A]","","cat","2.5","N/A","2 to <3 years","converted age - 2 years to less than 3 years ago","years","3","2 to <3 years","Stop age (fmr daily)","When did you stop smoking daily - former daily","","3.0.0-alpha","2026-01-04","active","Restored from inst/extdata. Has both PUMF and Master. Extended PUMF to 2019-2023 (2021_p, 2023_p need DDI confirmation).",""
"SMK_09A_cont","N/A","cont","cchs2003_p, cchs2005_p, cchs2007_2008_p, cchs2009_2010_p, cchs2011_2012_p, cchs2013_2014_p, cchs2015_2016_p, cchs2017_2018_p, cchs2009_2010_m, cchs2011_2012_m, cchs2003_m, cchs2005_m, cchs2007_2008_m, cchs2013_2014_m, cchs2015_2016_m, cchs2017_2018_m, cchs2019_2020_m, cchs2021_m, cchs2021_p, cchs2023_p","cchs2015_2016_m::SMK_080, cchs2017_2018_m::SMK_080, cchs2019_2020_m::SMK_080, cchs2021_m::SMK_080, cchs2003_m::SMKC_09A, cchs2005_m::SMKE_09A, cchs2003_p::SMKC_09A, cchs2005_p::SMKE_09A, cchs2015_2016_p::SMK_080, cchs2017_2018_p::SMK_080, [SMK_09A]","","cat","4","N/A","3 or more years","converted age - 3 or more years ago","years","4","3 years or more","Stop age (fmr daily)","When did you stop smoking daily - former daily","","3.0.0-alpha","2026-01-04","active","Restored from inst/extdata. Has both PUMF and Master. Extended PUMF to 2019-2023 (2021_p, 2023_p need DDI confirmation).",""
"SMK_09A_cont","N/A","cont","cchs2003_p, cchs2005_p, cchs2007_2008_p, cchs2009_2010_p, cchs2011_2012_p, cchs2013_2014_p, cchs2015_2016_p, cchs2017_2018_p, cchs2009_2010_m, cchs2011_2012_m, cchs2003_m, cchs2005_m, cchs2007_2008_m, cchs2013_2014_m, cchs2015_2016_m, cchs2017_2018_m, cchs2019_2020_m, cchs2021_m, cchs2021_p, cchs2023_p","cchs2015_2016_m::SMK_080, cchs2017_2018_m::SMK_080, cchs2019_2020_m::SMK_080, cchs2021_m::SMK_080, cchs2003_m::SMKC_09A, cchs2005_m::SMKE_09A, cchs2003_p::SMKC_09A, cchs2005_p::SMKE_09A, cchs2015_2016_p::SMK_080, cchs2017_2018_p::SMK_080, [SMK_09A]","","cat","NA::a","N/A","Not applicable","not applicable","years","6","not applicable","Stop age (fmr daily)","When did you stop smoking daily - former daily","","3.0.0-alpha","2026-01-04","active","Restored from inst/extdata. Has both PUMF and Master. Extended PUMF to 2019-2023 (2021_p, 2023_p need DDI confirmation).",""
"SMK_09A_cont","N/A","cont","cchs2003_p, cchs2005_p, cchs2007_2008_p, cchs2009_2010_p, cchs2011_2012_p, cchs2013_2014_p, cchs2015_2016_p, cchs2017_2018_p, cchs2009_2010_m, cchs2011_2012_m, cchs2003_m, cchs2005_m, cchs2007_2008_m, cchs2013_2014_m, cchs2015_2016_m, cchs2017_2018_m, cchs2019_2020_m, cchs2021_m, cchs2021_p, cchs2023_p","cchs2015_2016_m::SMK_080, cchs2017_2018_m::SMK_080, cchs2019_2020_m::SMK_080, cchs2021_m::SMK_080, cchs2003_m::SMKC_09A, cchs2005_m::SMKE_09A, cchs2003_p::SMKC_09A, cchs2005_p::SMKE_09A, cchs2015_2016_p::SMK_080, cchs2017_2018_p::SMK_080, [SMK_09A]","","cat","NA::b","N/A","Missing","missing","years","[7,9]","don't know (7); refusal (8); not stated (9)","Stop age (fmr daily)","When did you stop smoking daily - former daily","","3.0.0-alpha","2026-01-04","active","Restored from inst/extdata. Has both PUMF and Master. Extended PUMF to 2019-2023 (2021_p, 2023_p need DDI confirmation).",""
"SMK_09A_cont","N/A","cont","cchs2003_p, cchs2005_p, cchs2007_2008_p, cchs2009_2010_p, cchs2011_2012_p, cchs2013_2014_p, cchs2015_2016_p, cchs2017_2018_p, cchs2009_2010_m, cchs2011_2012_m, cchs2003_m, cchs2005_m, cchs2007_2008_m, cchs2013_2014_m, cchs2015_2016_m, cchs2017_2018_m, cchs2019_2020_m, cchs2021_m, cchs2021_p, cchs2023_p","cchs2015_2016_m::SMK_080, cchs2017_2018_m::SMK_080, cchs2019_2020_m::SMK_080, cchs2021_m::SMK_080, cchs2003_m::SMKC_09A, cchs2005_m::SMKE_09A, cchs2003_p::SMKC_09A, cchs2005_p::SMKE_09A, cchs2015_2016_p::SMK_080, cchs2017_2018_p::SMK_080, [SMK_09A]","","cat","NA::b","N/A","Missing","missing","years","else","else","Stop age (fmr daily)","When did you stop smoking daily - former daily","","3.0.0-alpha","2026-01-04","active","Restored from inst/extdata. Has both PUMF and Master. Extended PUMF to 2019-2023 (2021_p, 2023_p need DDI confirmation).",""
"SMK_09A_cont","N/A","cont","cchs2022_m, cchs2009_2010_m, cchs2011_2012_m, cchs2013_2014_m","DerivedVar::[SPU_25]","","N/A","Func::calculate_SMK_09A_cont","N/A","N/A","N/A","years","N/A","N/A","Stop age (fmr daily)","When did you stop smoking daily - former daily","","3.0.0-alpha","2026-01-04","active","Restored from inst/extdata. Has both PUMF and Master.","recStart and other columns N/A"
"SMK_09A_cont","N/A","cont","cchs2022_m, cchs2009_2010_m, cchs2011_2012_m, cchs2013_2014_m","DerivedVar::[SPU_25]","","N/A","0.5","N/A","<1 year","converted age - Less than one year ago","years","N/A","N/A","Stop age (fmr daily)","When did you stop smoking daily - former daily","","3.0.0-alpha","2026-01-04","active","Restored from inst/extdata. Has both PUMF and Master.","recStart and other columns N/A"
"SMK_09A_cont","N/A","cont","cchs2022_m, cchs2009_2010_m, cchs2011_2012_m, cchs2013_2014_m","DerivedVar::[SPU_25]","","N/A","1.5","N/A","1 to <2 years","converted age - 1 year to less than 2 years ago","years","N/A","N/A","Stop age (fmr daily)","When did you stop smoking daily - former daily","","3.0.0-alpha","2026-01-04","active","Restored from inst/extdata. Has both PUMF and Master.","recStart and other columns N/A"
"SMK_09A_cont","N/A","cont","cchs2022_m, cchs2009_2010_m, cchs2011_2012_m, cchs2013_2014_m","DerivedVar::[SPU_25]","","N/A","2.5","N/A","2 to <3 years","converted age - 2 years to less than 3 years ago","years","N/A","N/A","Stop age (fmr daily)","When did you stop smoking daily - former daily","","3.0.0-alpha","2026-01-04","active","Restored from inst/extdata. Has both PUMF and Master.","recStart and other columns N/A"
"SMK_09A_cont","N/A","cont","cchs2022_m, cchs2009_2010_m, cchs2011_2012_m, cchs2013_2014_m","DerivedVar::[SPU_25]","","N/A","4","N/A","3 or more years","converted age - 3 or more years ago","years","N/A","N/A","Stop age (fmr daily)","When did you stop smoking daily - former daily","","3.0.0-alpha","2026-01-04","active","Restored from inst/extdata. Has both PUMF and Master.","recStart and other columns N/A"
"SMK_09A_cont","N/A","cont","cchs2022_m, cchs2009_2010_m, cchs2011_2012_m, cchs2013_2014_m","DerivedVar::[SPU_25]","","N/A","NA::a","N/A","Not applicable","not applicable","years","N/A","N/A","Stop age (fmr daily)","When did you stop smoking daily - former daily","","3.0.0-alpha","2026-01-04","active","Restored from inst/extdata. Has both PUMF and Master.","recStart and other columns N/A"
"SMK_09A_cont","N/A","cont","cchs2022_m, cchs2009_2010_m, cchs2011_2012_m, cchs2013_2014_m","DerivedVar::[SPU_25]","","N/A","NA::b","N/A","Missing","missing","years","N/A","N/A","Stop age (fmr daily)","When did you stop smoking daily - former daily","","3.0.0-alpha","2026-01-04","active","Restored from inst/extdata. Has both PUMF and Master.","recStart and other columns N/A"
"SMKG06C","SMKG06C_cat3_1","cat","cchs2003_p, cchs2005_p, cchs2007_2008_p, cchs2009_2010_p, cchs2011_2012_p, cchs2013_2014_p, cchs2021_p, cchs2023_p","cchs2003_p::SMKCG06C, cchs2005_p::SMKEG06C, [SMKG06C]","","cat","1","3","3 to 5 years","3 to 5 years","years","1","3 to 5 years","Yrs quit (fmr occ)","Years since stopped smoking daily - never daily","","3.0.0-alpha","2026-01-04","active","Restored from inst/extdata. Has both PUMF and Master. Extended PUMF to 2019-2023 (2021_p, 2023_p need DDI confirmation).",""
"SMKG06C","SMKG06C_cat3_2","cat","cchs2003_p, cchs2005_p, cchs2007_2008_p, cchs2009_2010_p, cchs2011_2012_p, cchs2013_2014_p, cchs2021_p, cchs2023_p","cchs2003_p::SMKCG06C, cchs2005_p::SMKEG06C, [SMKG06C]","","cat","2","3","6 to 10 years","6 to 10 years","years","2","6 to 10 years","Yrs quit (fmr occ)","Years since stopped smoking daily - never daily","","3.0.0-alpha","2026-01-04","active","Restored from inst/extdata. Has both PUMF and Master. Extended PUMF to 2019-2023 (2021_p, 2023_p need DDI confirmation).",""
"SMKG06C","SMKG06C_cat3_3","cat","cchs2003_p, cchs2005_p, cchs2007_2008_p, cchs2009_2010_p, cchs2011_2012_p, cchs2013_2014_p, cchs2021_p, cchs2023_p","cchs2003_p::SMKCG06C, cchs2005_p::SMKEG06C, [SMKG06C]","","cat","3","3","11+ years","11 or more years","years","3","11 or more years","Yrs quit (fmr occ)","Years since stopped smoking daily - never daily","","3.0.0-alpha","2026-01-04","active","Restored from inst/extdata. Has both PUMF and Master. Extended PUMF to 2019-2023 (2021_p, 2023_p need DDI confirmation).",""
"SMKG06C","SMKG06C_cat3_NAa","cat","cchs2003_p, cchs2005_p, cchs2007_2008_p, cchs2009_2010_p, cchs2011_2012_p, cchs2013_2014_p, cchs2021_p, cchs2023_p","cchs2003_p::SMKCG06C, cchs2005_p::SMKEG06C, [SMKG06C]","","cat","NA::a","3","Not applicable","not applicable","years","6","not applicable","Yrs quit (fmr occ)","Years since stopped smoking daily - never daily","","3.0.0-alpha","2026-01-04","active","Restored from inst/extdata. Has both PUMF and Master. Extended PUMF to 2019-2023 (2021_p, 2023_p need DDI confirmation).",""
"SMKG06C","SMKG06C_cat3_NAb","cat","cchs2003_p, cchs2005_p, cchs2007_2008_p, cchs2009_2010_p, cchs2011_2012_p, cchs2013_2014_p, cchs2021_p, cchs2023_p","cchs2003_p::SMKCG06C, cchs2005_p::SMKEG06C, [SMKG06C]","","cat","NA::b","3","Missing","missing","years","[7,9]","don't know (7); refusal (8); not stated (9)","Yrs quit (fmr occ)","Years since stopped smoking daily - never daily","","3.0.0-alpha","2026-01-04","active","Restored from inst/extdata. Has both PUMF and Master. Extended PUMF to 2019-2023 (2021_p, 2023_p need DDI confirmation).",""
"SMKG06C","SMKG06C_cat3_NAb","cat","cchs2003_p, cchs2005_p, cchs2007_2008_p, cchs2009_2010_p, cchs2011_2012_p, cchs2013_2014_p, cchs2021_p, cchs2023_p","cchs2003_p::SMKCG06C, cchs2005_p::SMKEG06C, [SMKG06C]","","cat","NA::b","3","Missing","missing","years","else","else","Yrs quit (fmr occ)","Years since stopped smoking daily - never daily","","3.0.0-alpha","2026-01-04","active","Restored from inst/extdata. Has both PUMF and Master. Extended PUMF to 2019-2023 (2021_p, 2023_p need DDI confirmation).",""
"SMKG06C","SMKG06C_cat3_1","cat","cchs2009_2010_m, cchs2011_2012_m, cchs2003_m, cchs2005_m, cchs2007_2008_m, cchs2013_2014_m","cchs2003_m::SMKC_06C, cchs2005_m::SMKE_06C, [SMK_06C]","","cat","1","3","3 to 5 years","3 to 5 years","years","[3,6)","3 to 5 years","Yrs quit (fmr occ)","Years since stopped smoking daily - never daily","","3.0.0-alpha","2026-01-04","active","Restored from inst/extdata. Has both PUMF and Master.",""
"SMKG06C","SMKG06C_cat3_2","cat","cchs2009_2010_m, cchs2011_2012_m, cchs2003_m, cchs2005_m, cchs2007_2008_m, cchs2013_2014_m","cchs2003_m::SMKC_06C, cchs2005_m::SMKE_06C, [SMK_06C]","","cat","2","3","6 to 10 years","6 to 10 years","years","[6,11)","6 to 10 years","Yrs quit (fmr occ)","Years since stopped smoking daily - never daily","","3.0.0-alpha","2026-01-04","active","Restored from inst/extdata. Has both PUMF and Master.",""
"SMKG06C","SMKG06C_cat3_3","cat","cchs2009_2010_m, cchs2011_2012_m, cchs2003_m, cchs2005_m, cchs2007_2008_m, cchs2013_2014_m","cchs2003_m::SMKC_06C, cchs2005_m::SMKE_06C, [SMK_06C]","","cat","3","3","11+ years","11 or more years","years","[11,82]","11 or more years","Yrs quit (fmr occ)","Years since stopped smoking daily - never daily","","3.0.0-alpha","2026-01-04","active","Restored from inst/extdata. Has both PUMF and Master.",""
"SMKG06C","SMKG06C_cat3_NAa","cat","cchs2009_2010_m, cchs2011_2012_m, cchs2003_m, cchs2005_m, cchs2007_2008_m, cchs2013_2014_m","cchs2003_m::SMKC_06C, cchs2005_m::SMKE_06C, [SMK_06C]","","cat","NA::a","3","Not applicable","not applicable","years","996","not applicable","Yrs quit (fmr occ)","Years since stopped smoking daily - never daily","","3.0.0-alpha","2026-01-04","active","Restored from inst/extdata. Has both PUMF and Master.",""
"SMKG06C","SMKG06C_cat3_NAb","cat","cchs2009_2010_m, cchs2011_2012_m, cchs2003_m, cchs2005_m, cchs2007_2008_m, cchs2013_2014_m","cchs2003_m::SMKC_06C, cchs2005_m::SMKE_06C, [SMK_06C]","","cat","NA::b","3","Missing","missing","years","[997,999]","don't know (997); refusal (998); not stated (999)","Yrs quit (fmr occ)","Years since stopped smoking daily - never daily","","3.0.0-alpha","2026-01-04","active","Restored from inst/extdata. Has both PUMF and Master.",""
"SMKG06C","SMKG06C_cat3_NAb","cat","cchs2009_2010_m, cchs2011_2012_m, cchs2003_m, cchs2005_m, cchs2007_2008_m, cchs2013_2014_m","cchs2003_m::SMKC_06C, cchs2005_m::SMKE_06C, [SMK_06C]","","cat","NA::b","3","Missing","missing","years","else","else","Yrs quit (fmr occ)","Years since stopped smoking daily - never daily","","3.0.0-alpha","2026-01-04","active","Restored from inst/extdata. Has both PUMF and Master.",""
"SMKG09C","SMKG09C_cat3_1","cat","cchs2003_p, cchs2005_p, cchs2007_2008_p, cchs2009_2010_p, cchs2011_2012_p, cchs2013_2014_p, cchs2015_2016_p, cchs2017_2018_p, cchs2021_p, cchs2023_p","cchs2003_p::SMKCG09C, cchs2005_p::SMKEG09C, cchs2015_2016_p::SMKG090, cchs2017_2018_p::SMKG090, [SMKG09C]","ICES altered","cat","4","3","3 to 5 years","3 to 5 years","years","1","3 to 5 years","Yrs quit (fmr daily)","Years since stopped smoking daily - former daily","","3.0.0-alpha","2026-01-04","active","Restored from inst/extdata. Has both PUMF and Master. Extended PUMF to 2019-2023 (2021_p, 2023_p need DDI confirmation).",""
"SMKG09C","SMKG09C_cat3_2","cat","cchs2003_p, cchs2005_p, cchs2007_2008_p, cchs2009_2010_p, cchs2011_2012_p, cchs2013_2014_p, cchs2015_2016_p, cchs2017_2018_p, cchs2021_p, cchs2023_p","cchs2003_p::SMKCG09C, cchs2005_p::SMKEG09C, cchs2015_2016_p::SMKG090, cchs2017_2018_p::SMKG090, [SMKG09C]","ICES altered","cat","8","3","6 to 10 years","6 to 10 years","years","2","6 to 10 years","Yrs quit (fmr daily)","Years since stopped smoking daily - former daily","","3.0.0-alpha","2026-01-04","active","Restored from inst/extdata. Has both PUMF and Master. Extended PUMF to 2019-2023 (2021_p, 2023_p need DDI confirmation).",""
"SMKG09C","SMKG09C_cat3_3","cat","cchs2003_p, cchs2005_p, cchs2007_2008_p, cchs2009_2010_p, cchs2011_2012_p, cchs2013_2014_p, cchs2015_2016_p, cchs2017_2018_p, cchs2021_p, cchs2023_p","cchs2003_p::SMKCG09C, cchs2005_p::SMKEG09C, cchs2015_2016_p::SMKG090, cchs2017_2018_p::SMKG090, [SMKG09C]","ICES altered","cat","12","3","11+ years","11 or more years","years","3","11 or more years","Yrs quit (fmr daily)","Years since stopped smoking daily - former daily","","3.0.0-alpha","2026-01-04","active","Restored from inst/extdata. Has both PUMF and Master. Extended PUMF to 2019-2023 (2021_p, 2023_p need DDI confirmation).",""
"SMKG09C","SMKG09C_cat3_NAa","cat","cchs2003_p, cchs2005_p, cchs2007_2008_p, cchs2009_2010_p, cchs2011_2012_p, cchs2013_2014_p, cchs2015_2016_p, cchs2017_2018_p, cchs2021_p, cchs2023_p","cchs2003_p::SMKCG09C, cchs2005_p::SMKEG09C, cchs2015_2016_p::SMKG090, cchs2017_2018_p::SMKG090, [SMKG09C]","ICES altered","cat","NA::a","3","Not applicable","not applicable","years","6","not applicable","Yrs quit (fmr daily)","Years since stopped smoking daily - former daily","","3.0.0-alpha","2026-01-04","active","Restored from inst/extdata. Has both PUMF and Master. Extended PUMF to 2019-2023 (2021_p, 2023_p need DDI confirmation).",""
"SMKG09C","SMKG09C_cat3_NAb","cat","cchs2003_p, cchs2005_p, cchs2007_2008_p, cchs2009_2010_p, cchs2011_2012_p, cchs2013_2014_p, cchs2015_2016_p, cchs2017_2018_p, cchs2021_p, cchs2023_p","cchs2003_p::SMKCG09C, cchs2005_p::SMKEG09C, cchs2015_2016_p::SMKG090, cchs2017_2018_p::SMKG090, [SMKG09C]","ICES altered","cat","NA::b","3","Missing","missing","years","[7,9]","don't know (7); refusal (8); not stated (9)","Yrs quit (fmr daily)","Years since stopped smoking daily - former daily","Don't know (7) and refusal (8) not included in CCHS 2015-2016 and CCHS 2017-2018","3.0.0-alpha","2026-01-04","active","Restored from inst/extdata. Has both PUMF and Master. Extended PUMF to 2019-2023 (2021_p, 2023_p need DDI confirmation).",""
"SMKG09C","SMKG09C_cat3_NAb","cat","cchs2003_p, cchs2005_p, cchs2007_2008_p, cchs2009_2010_p, cchs2011_2012_p, cchs2013_2014_p, cchs2015_2016_p, cchs2017_2018_p, cchs2021_p, cchs2023_p","cchs2003_p::SMKCG09C, cchs2005_p::SMKEG09C, cchs2015_2016_p::SMKG090, cchs2017_2018_p::SMKG090, [SMKG09C]","ICES altered","cat","NA::b","3","Missing","missing","years","else","else","Yrs quit (fmr daily)","Years since stopped smoking daily - former daily","","3.0.0-alpha","2026-01-04","active","Restored from inst/extdata. Has both PUMF and Master. Extended PUMF to 2019-2023 (2021_p, 2023_p need DDI confirmation).",""
"SMKG09C","N/A","cat","cchs2022_m, cchs2009_2010_m, cchs2011_2012_m, cchs2013_2014_m","DerivedVar::[SPU_25]","ICES altered","cat","Func::calculate_SMK_09A_cont","N/A","N/A","N/A","years","N/A","N/A","Yrs quit (fmr daily)","Years since stopped smoking daily - former daily","","3.0.0-alpha","2026-01-04","active","Restored from inst/extdata. Has both PUMF and Master.",""
"SMKG09C","SMKG09C_cat3_1","cat","cchs2022_m, cchs2009_2010_m, cchs2011_2012_m, cchs2013_2014_m","DerivedVar::[SPU_25]","ICES altered","cat","1","3","3 to 5 years","converted years - 3 to 5 years","years","N/A","N/A","Yrs quit (fmr daily)","Years since stopped smoking daily - former daily","","3.0.0-alpha","2026-01-04","active","Restored from inst/extdata. Has both PUMF and Master.",""
"SMKG09C","SMKG09C_cat3_2","cat","cchs2022_m, cchs2009_2010_m, cchs2011_2012_m, cchs2013_2014_m","DerivedVar::[SPU_25]","ICES altered","cat","2","3","6 to 10 years","converted years - 6 to 10 years","years","N/A","N/A","Yrs quit (fmr daily)","Years since stopped smoking daily - former daily","","3.0.0-alpha","2026-01-04","active","Restored from inst/extdata. Has both PUMF and Master.",""
"SMKG09C","SMKG09C_cat3_3","cat","cchs2022_m, cchs2009_2010_m, cchs2011_2012_m, cchs2013_2014_m","DerivedVar::[SPU_25]","ICES altered","cat","3","3","11+ years","converted years - 11 or more years","years","N/A","N/A","Yrs quit (fmr daily)","Years since stopped smoking daily - former daily","","3.0.0-alpha","2026-01-04","active","Restored from inst/extdata. Has both PUMF and Master.",""
"SMKG09C","SMKG09C_cat3_NAa","cat","cchs2022_m, cchs2009_2010_m, cchs2011_2012_m, cchs2013_2014_m","DerivedVar::[SPU_25]","ICES altered","cat","NA::a","3","Not applicable","not applicable","years","N/A","N/A","Yrs quit (fmr daily)","Years since stopped smoking daily - former daily","","3.0.0-alpha","2026-01-04","active","Restored from inst/extdata. Has both PUMF and Master.",""
"SMKG09C","SMKG09C_cat3_NAb","cat","cchs2022_m, cchs2009_2010_m, cchs2011_2012_m, cchs2013_2014_m","DerivedVar::[SPU_25]","ICES altered","cat","NA::b","3","Missing","missing","years","N/A","N/A","Yrs quit (fmr daily)","Years since stopped smoking daily - former daily","","3.0.0-alpha","2026-01-04","active","Restored from inst/extdata. Has both PUMF and Master.",""
"SMKG09C","SMKG09C_cat3_1","cat","cchs2009_2010_m, cchs2011_2012_m, cchs2003_m, cchs2005_m, cchs2007_2008_m, cchs2013_2014_m, cchs2015_2016_m, cchs2017_2018_m, cchs2019_2020_m, cchs2021_m","cchs2015_2016_m::SMK_090, cchs2017_2018_m::SMK_090, cchs2019_2020_m::SMK_090, cchs2021_m::SMK_090, cchs2003_m::SMKC_09C, cchs2005_m::SMKE_09C, [SMK_09C]","ICES altered","cat","1","3","3 to 5 years","3 to 5 years","years","[3,6)","3 to 5 years","Yrs quit (fmr daily)","Years since stopped smoking daily - former daily","","3.0.0-alpha","2026-01-04","active","Restored from inst/extdata. Has both PUMF and Master.",""
"SMKG09C","SMKG09C_cat3_2","cat","cchs2009_2010_m, cchs2011_2012_m, cchs2003_m, cchs2005_m, cchs2007_2008_m, cchs2013_2014_m, cchs2015_2016_m, cchs2017_2018_m, cchs2019_2020_m, cchs2021_m","cchs2015_2016_m::SMK_090, cchs2017_2018_m::SMK_090, cchs2019_2020_m::SMK_090, cchs2021_m::SMK_090, cchs2003_m::SMKC_09C, cchs2005_m::SMKE_09C, [SMK_09C]","ICES altered","cat","2","3","6 to 10 years","6 to 10 years","years","[6,11)","6 to 10 years","Yrs quit (fmr daily)","Years since stopped smoking daily - former daily","","3.0.0-alpha","2026-01-04","active","Restored from inst/extdata. Has both PUMF and Master.",""
"SMKG09C","SMKG09C_cat3_3","cat","cchs2009_2010_m, cchs2011_2012_m, cchs2003_m, cchs2005_m, cchs2007_2008_m, cchs2013_2014_m, cchs2015_2016_m, cchs2017_2018_m, cchs2019_2020_m, cchs2021_m","cchs2015_2016_m::SMK_090, cchs2017_2018_m::SMK_090, cchs2019_2020_m::SMK_090, cchs2021_m::SMK_090, cchs2003_m::SMKC_09C, cchs2005_m::SMKE_09C, [SMK_09C]","ICES altered","cat","3","3","11+ years","11 or more years","years","[11,82]","11 or more years","Yrs quit (fmr daily)","Years since stopped smoking daily - former daily","","3.0.0-alpha","2026-01-04","active","Restored from inst/extdata. Has both PUMF and Master.",""
"SMKG09C","SMKG09C_cat3_NAa","cat","cchs2009_2010_m, cchs2011_2012_m, cchs2003_m, cchs2005_m, cchs2007_2008_m, cchs2013_2014_m, cchs2015_2016_m, cchs2017_2018_m, cchs2019_2020_m, cchs2021_m","cchs2015_2016_m::SMK_090, cchs2017_2018_m::SMK_090, cchs2019_2020_m::SMK_090, cchs2021_m::SMK_090, cchs2003_m::SMKC_09C, cchs2005_m::SMKE_09C, [SMK_09C]","ICES altered","cat","NA::a","3","Not applicable","not applicable","years","996","not applicable","Yrs quit (fmr daily)","Years since stopped smoking daily - former daily","","3.0.0-alpha","2026-01-04","active","Restored from inst/extdata. Has both PUMF and Master.",""
"SMKG09C","SMKG09C_cat3_NAb","cat","cchs2009_2010_m, cchs2011_2012_m, cchs2003_m, cchs2005_m, cchs2007_2008_m, cchs2013_2014_m, cchs2015_2016_m, cchs2017_2018_m, cchs2019_2020_m, cchs2021_m","cchs2015_2016_m::SMK_090, cchs2017_2018_m::SMK_090, cchs2019_2020_m::SMK_090, cchs2021_m::SMK_090, cchs2003_m::SMKC_09C, cchs2005_m::SMKE_09C, [SMK_09C]","ICES altered","cat","NA::b","3","Missing","missing","years","[997,999]","don't know (997); refusal (998); not stated (999)","Yrs quit (fmr daily)","Years since stopped smoking daily - former daily","","3.0.0-alpha","2026-01-04","active","Restored from inst/extdata. Has both PUMF and Master.",""
"SMKG09C","SMKG09C_cat3_NAb","cat","cchs2009_2010_m, cchs2011_2012_m, cchs2003_m, cchs2005_m, cchs2007_2008_m, cchs2013_2014_m, cchs2015_2016_m, cchs2017_2018_m, cchs2019_2020_m, cchs2021_m","cchs2015_2016_m::SMK_090, cchs2017_2018_m::SMK_090, cchs2019_2020_m::SMK_090, cchs2021_m::SMK_090, cchs2003_m::SMKC_09C, cchs2005_m::SMKE_09C, [SMK_09C]","ICES altered","cat","NA::b","3","Missing","missing","years","else","else","Yrs quit (fmr daily)","Years since stopped smoking daily - former daily","","3.0.0-alpha","2026-01-04","active","Restored from inst/extdata. Has both PUMF and Master.",""
"SMKG09C_cont","SMKG09C_cat3_1","cat","cchs2003_p, cchs2005_p, cchs2007_2008_p, cchs2009_2010_p, cchs2011_2012_p, cchs2013_2014_p, cchs2015_2016_p, cchs2017_2018_p, cchs2021_p, cchs2023_p","cchs2003_p::SMKCG09C, cchs2005_p::SMKEG09C, cchs2015_2016_p::SMKG090, cchs2017_2018_p::SMKG090, [SMKG09C]","ICES altered","cat","4","3","3 to 5 years","3 to 5 years","years","1","3 to 5 years","Yrs quit (fmr daily)","Years since stopped smoking daily - former daily","","3.0.0-alpha","2026-01-04","active","Restored from inst/extdata. Has both PUMF and Master. Extended PUMF to 2019-2023 (2021_p, 2023_p need DDI confirmation).",""
"SMKG09C_cont","SMKG09C_cat3_2","cat","cchs2003_p, cchs2005_p, cchs2007_2008_p, cchs2009_2010_p, cchs2011_2012_p, cchs2013_2014_p, cchs2015_2016_p, cchs2017_2018_p, cchs2021_p, cchs2023_p","cchs2003_p::SMKCG09C, cchs2005_p::SMKEG09C, cchs2015_2016_p::SMKG090, cchs2017_2018_p::SMKG090, [SMKG09C]","ICES altered","cat","8","3","6 to 10 years","6 to 10 years","years","2","6 to 10 years","Yrs quit (fmr daily)","Years since stopped smoking daily - former daily","","3.0.0-alpha","2026-01-04","active","Restored from inst/extdata. Has both PUMF and Master. Extended PUMF to 2019-2023 (2021_p, 2023_p need DDI confirmation).",""
"SMKG09C_cont","SMKG09C_cat3_3","cat","cchs2003_p, cchs2005_p, cchs2007_2008_p, cchs2009_2010_p, cchs2011_2012_p, cchs2013_2014_p, cchs2015_2016_p, cchs2017_2018_p, cchs2021_p, cchs2023_p","cchs2003_p::SMKCG09C, cchs2005_p::SMKEG09C, cchs2015_2016_p::SMKG090, cchs2017_2018_p::SMKG090, [SMKG09C]","ICES altered","cat","12","3","11+ years","11 or more years","years","3","11 or more years","Yrs quit (fmr daily)","Years since stopped smoking daily - former daily","","3.0.0-alpha","2026-01-04","active","Restored from inst/extdata. Has both PUMF and Master. Extended PUMF to 2019-2023 (2021_p, 2023_p need DDI confirmation).",""
"SMKG09C_cont","SMKG09C_cat3_NAa","cat","cchs2003_p, cchs2005_p, cchs2007_2008_p, cchs2009_2010_p, cchs2011_2012_p, cchs2013_2014_p, cchs2015_2016_p, cchs2017_2018_p, cchs2021_p, cchs2023_p","cchs2003_p::SMKCG09C, cchs2005_p::SMKEG09C, cchs2015_2016_p::SMKG090, cchs2017_2018_p::SMKG090, [SMKG09C]","ICES altered","cat","NA::a","3","Not applicable","not applicable","years","6","not applicable","Yrs quit (fmr daily)","Years since stopped smoking daily - former daily","","3.0.0-alpha","2026-01-04","active","Restored from inst/extdata. Has both PUMF and Master. Extended PUMF to 2019-2023 (2021_p, 2023_p need DDI confirmation).",""
"SMKG09C_cont","SMKG09C_cat3_NAb","cat","cchs2003_p, cchs2005_p, cchs2007_2008_p, cchs2009_2010_p, cchs2011_2012_p, cchs2013_2014_p, cchs2015_2016_p, cchs2017_2018_p, cchs2021_p, cchs2023_p","cchs2003_p::SMKCG09C, cchs2005_p::SMKEG09C, cchs2015_2016_p::SMKG090, cchs2017_2018_p::SMKG090, [SMKG09C]","ICES altered","cat","NA::b","3","Missing","missing","years","[7,9]","don't know (7); refusal (8); not stated (9)","Yrs quit (fmr daily)","Years since stopped smoking daily - former daily","Don't know (7) and refusal (8) not included in CCHS 2015-2016 and CCHS 2017-2018","3.0.0-alpha","2026-01-04","active","Restored from inst/extdata. Has both PUMF and Master. Extended PUMF to 2019-2023 (2021_p, 2023_p need DDI confirmation).",""
"SMKG09C_cont","SMKG09C_cat3_NAb","cat","cchs2003_p, cchs2005_p, cchs2007_2008_p, cchs2009_2010_p, cchs2011_2012_p, cchs2013_2014_p, cchs2015_2016_p, cchs2017_2018_p, cchs2021_p, cchs2023_p","cchs2003_p::SMKCG09C, cchs2005_p::SMKEG09C, cchs2015_2016_p::SMKG090, cchs2017_2018_p::SMKG090, [SMKG09C]","ICES altered","cat","NA::b","3","Missing","missing","years","else","else","Yrs quit (fmr daily)","Years since stopped smoking daily - former daily","","3.0.0-alpha","2026-01-04","active","Restored from inst/extdata. Has both PUMF and Master. Extended PUMF to 2019-2023 (2021_p, 2023_p need DDI confirmation).",""
"SMKG09C_cont","N/A","cat","cchs2022_m, cchs2009_2010_m, cchs2011_2012_m, cchs2013_2014_m","DerivedVar::[SPU_25]","ICES altered","cat","Func::calculate_SMK_09A_cont","N/A","N/A","N/A","years","N/A","N/A","Yrs quit (fmr daily)","Years since stopped smoking daily - former daily","","3.0.0-alpha","2026-01-04","active","Restored from inst/extdata. Has both PUMF and Master.",""
"SMKG09C_cont","SMKG09C_cat3_1","cat","cchs2022_m, cchs2009_2010_m, cchs2011_2012_m, cchs2013_2014_m","DerivedVar::[SPU_25]","ICES altered","cat","4","3","3 to 5 years","converted years - 3 to 5 years","years","N/A","N/A","Yrs quit (fmr daily)","Years since stopped smoking daily - former daily","","3.0.0-alpha","2026-01-04","active","Restored from inst/extdata. Has both PUMF and Master.",""
"SMKG09C_cont","SMKG09C_cat3_2","cat","cchs2022_m, cchs2009_2010_m, cchs2011_2012_m, cchs2013_2014_m","DerivedVar::[SPU_25]","ICES altered","cat","8","3","6 to 10 years","converted years - 6 to 10 years","years","N/A","N/A","Yrs quit (fmr daily)","Years since stopped smoking daily - former daily","","3.0.0-alpha","2026-01-04","active","Restored from inst/extdata. Has both PUMF and Master.",""
"SMKG09C_cont","SMKG09C_cat3_3","cat","cchs2022_m, cchs2009_2010_m, cchs2011_2012_m, cchs2013_2014_m","DerivedVar::[SPU_25]","ICES altered","cat","12","3","11+ years","converted years - 11 or more years","years","N/A","N/A","Yrs quit (fmr daily)","Years since stopped smoking daily - former daily","","3.0.0-alpha","2026-01-04","active","Restored from inst/extdata. Has both PUMF and Master.",""
"SMKG09C_cont","SMKG09C_cat3_NAa","cat","cchs2022_m, cchs2009_2010_m, cchs2011_2012_m, cchs2013_2014_m","DerivedVar::[SPU_25]","ICES altered","cat","NA::a","3","Not applicable","not applicable","years","N/A","N/A","Yrs quit (fmr daily)","Years since stopped smoking daily - former daily","","3.0.0-alpha","2026-01-04","active","Restored from inst/extdata. Has both PUMF and Master.",""
"SMKG09C_cont","SMKG09C_cat3_NAb","cat","cchs2022_m, cchs2009_2010_m, cchs2011_2012_m, cchs2013_2014_m","DerivedVar::[SPU_25]","ICES altered","cat","NA::b","3","Missing","missing","years","N/A","N/A","Yrs quit (fmr daily)","Years since stopped smoking daily - former daily","","3.0.0-alpha","2026-01-04","active","Restored from inst/extdata. Has both PUMF and Master.",""
"SMKG09C_cont","SMKG09C_cat3_1","cat","cchs2009_2010_m, cchs2011_2012_m, cchs2003_m, cchs2005_m, cchs2007_2008_m, cchs2013_2014_m, cchs2015_2016_m, cchs2017_2018_m, cchs2019_2020_m, cchs2021_m","cchs2015_2016_m::SMK_090, cchs2017_2018_m::SMK_090, cchs2019_2020_m::SMK_090, cchs2021_m::SMK_090, cchs2003_m::SMKC_09C, cchs2005_m::SMKE_09C, [SMK_09C]","ICES altered","cat","4","3","3 to 5 years","3 to 5 years","years","[3,6)","3 to 5 years","Yrs quit (fmr daily)","Years since stopped smoking daily - former daily","","3.0.0-alpha","2026-01-04","active","Restored from inst/extdata. Has both PUMF and Master.",""
"SMKG09C_cont","SMKG09C_cat3_2","cat","cchs2009_2010_m, cchs2011_2012_m, cchs2003_m, cchs2005_m, cchs2007_2008_m, cchs2013_2014_m, cchs2015_2016_m, cchs2017_2018_m, cchs2019_2020_m, cchs2021_m","cchs2015_2016_m::SMK_090, cchs2017_2018_m::SMK_090, cchs2019_2020_m::SMK_090, cchs2021_m::SMK_090, cchs2003_m::SMKC_09C, cchs2005_m::SMKE_09C, [SMK_09C]","ICES altered","cat","8","3","6 to 10 years","6 to 10 years","years","[6,11)","6 to 10 years","Yrs quit (fmr daily)","Years since stopped smoking daily - former daily","","3.0.0-alpha","2026-01-04","active","Restored from inst/extdata. Has both PUMF and Master.",""
"SMKG09C_cont","SMKG09C_cat3_3","cat","cchs2009_2010_m, cchs2011_2012_m, cchs2003_m, cchs2005_m, cchs2007_2008_m, cchs2013_2014_m, cchs2015_2016_m, cchs2017_2018_m, cchs2019_2020_m, cchs2021_m","cchs2015_2016_m::SMK_090, cchs2017_2018_m::SMK_090, cchs2019_2020_m::SMK_090, cchs2021_m::SMK_090, cchs2003_m::SMKC_09C, cchs2005_m::SMKE_09C, [SMK_09C]","ICES altered","cat","12","3","11+ years","11 or more years","years","[11,82]","11 or more years","Yrs quit (fmr daily)","Years since stopped smoking daily - former daily","","3.0.0-alpha","2026-01-04","active","Restored from inst/extdata. Has both PUMF and Master.",""
"SMKG09C_cont","SMKG09C_cat3_NAa","cat","cchs2009_2010_m, cchs2011_2012_m, cchs2003_m, cchs2005_m, cchs2007_2008_m, cchs2013_2014_m, cchs2015_2016_m, cchs2017_2018_m, cchs2019_2020_m, cchs2021_m","cchs2015_2016_m::SMK_090, cchs2017_2018_m::SMK_090, cchs2019_2020_m::SMK_090, cchs2021_m::SMK_090, cchs2003_m::SMKC_09C, cchs2005_m::SMKE_09C, [SMK_09C]","ICES altered","cat","NA::a","3","Not applicable","not applicable","years","996","not applicable","Yrs quit (fmr daily)","Years since stopped smoking daily - former daily","","3.0.0-alpha","2026-01-04","active","Restored from inst/extdata. Has both PUMF and Master.",""
"SMKG09C_cont","SMKG09C_cat3_NAb","cat","cchs2009_2010_m, cchs2011_2012_m, cchs2003_m, cchs2005_m, cchs2007_2008_m, cchs2013_2014_m, cchs2015_2016_m, cchs2017_2018_m, cchs2019_2020_m, cchs2021_m","cchs2015_2016_m::SMK_090, cchs2017_2018_m::SMK_090, cchs2019_2020_m::SMK_090, cchs2021_m::SMK_090, cchs2003_m::SMKC_09C, cchs2005_m::SMKE_09C, [SMK_09C]","ICES altered","cat","NA::b","3","Missing","missing","years","[997,999]","don't know (997); refusal (998); not stated (999)","Yrs quit (fmr daily)","Years since stopped smoking daily - former daily","","3.0.0-alpha","2026-01-04","active","Restored from inst/extdata. Has both PUMF and Master.",""
"SMKG09C_cont","SMKG09C_cat3_NAb","cat","cchs2009_2010_m, cchs2011_2012_m, cchs2003_m, cchs2005_m, cchs2007_2008_m, cchs2013_2014_m, cchs2015_2016_m, cchs2017_2018_m, cchs2019_2020_m, cchs2021_m","cchs2015_2016_m::SMK_090, cchs2017_2018_m::SMK_090, cchs2019_2020_m::SMK_090, cchs2021_m::SMK_090, cchs2003_m::SMKC_09C, cchs2005_m::SMKE_09C, [SMK_09C]","ICES altered","cat","NA::b","3","Missing","missing","years","else","else","Yrs quit (fmr daily)","Years since stopped smoking daily - former daily","","3.0.0-alpha","2026-01-04","active","Restored from inst/extdata. Has both PUMF and Master.",""
"SMKG09C","SMKG09C_cat3_1","cat","cchs2003_p, cchs2005_p, cchs2007_2008_p, cchs2009_2010_p, cchs2011_2012_p, cchs2013_2014_p, cchs2015_2016_p, cchs2017_2018_p, cchs2021_p, cchs2023_p","cchs2003_p::SMKCG09C, cchs2005_p::SMKEG09C, cchs2015_2016_p::SMKG090, cchs2017_2018_p::SMKG090, [SMKG09C]","ICES altered","cat","1","3","3 to 5 years","3 to 5 years","years","1","3 to 5 years","Yrs quit (fmr daily)","Years since stopped smoking daily - former daily","","3.0.0-alpha","2026-01-04","active","Restored from inst/extdata. Has both PUMF and Master. Extended PUMF to 2019-2023 (2021_p, 2023_p need DDI confirmation).",""
"SMKG09C","SMKG09C_cat3_2","cat","cchs2003_p, cchs2005_p, cchs2007_2008_p, cchs2009_2010_p, cchs2011_2012_p, cchs2013_2014_p, cchs2015_2016_p, cchs2017_2018_p, cchs2021_p, cchs2023_p","cchs2003_p::SMKCG09C, cchs2005_p::SMKEG09C, cchs2015_2016_p::SMKG090, cchs2017_2018_p::SMKG090, [SMKG09C]","ICES altered","cat","2","3","6 to 10 years","6 to 10 years","years","2","6 to 10 years","Yrs quit (fmr daily)","Years since stopped smoking daily - former daily","","3.0.0-alpha","2026-01-04","active","Restored from inst/extdata. Has both PUMF and Master. Extended PUMF to 2019-2023 (2021_p, 2023_p need DDI confirmation).",""
"SMKG09C","SMKG09C_cat3_3","cat","cchs2003_p, cchs2005_p, cchs2007_2008_p, cchs2009_2010_p, cchs2011_2012_p, cchs2013_2014_p, cchs2015_2016_p, cchs2017_2018_p, cchs2021_p, cchs2023_p","cchs2003_p::SMKCG09C, cchs2005_p::SMKEG09C, cchs2015_2016_p::SMKG090, cchs2017_2018_p::SMKG090, [SMKG09C]","ICES altered","cat","3","3","11+ years","11 or more years","years","3","11 or more years","Yrs quit (fmr daily)","Years since stopped smoking daily - former daily","","3.0.0-alpha","2026-01-04","active","Restored from inst/extdata. Has both PUMF and Master. Extended PUMF to 2019-2023 (2021_p, 2023_p need DDI confirmation).",""
"SMKG09C","SMKG09C_cat3_NAa","cat","cchs2003_p, cchs2005_p, cchs2007_2008_p, cchs2009_2010_p, cchs2011_2012_p, cchs2013_2014_p, cchs2015_2016_p, cchs2017_2018_p, cchs2021_p, cchs2023_p","cchs2003_p::SMKCG09C, cchs2005_p::SMKEG09C, cchs2015_2016_p::SMKG090, cchs2017_2018_p::SMKG090, [SMKG09C]","ICES altered","cat","NA::a","3","Not applicable","not applicable","years","6","not applicable","Yrs quit (fmr daily)","Years since stopped smoking daily - former daily","","3.0.0-alpha","2026-01-04","active","Restored from inst/extdata. Has both PUMF and Master. Extended PUMF to 2019-2023 (2021_p, 2023_p need DDI confirmation).",""
"SMKG09C","SMKG09C_cat3_NAb","cat","cchs2003_p, cchs2005_p, cchs2007_2008_p, cchs2009_2010_p, cchs2011_2012_p, cchs2013_2014_p, cchs2015_2016_p, cchs2017_2018_p, cchs2021_p, cchs2023_p","cchs2003_p::SMKCG09C, cchs2005_p::SMKEG09C, cchs2015_2016_p::SMKG090, cchs2017_2018_p::SMKG090, [SMKG09C]","ICES altered","cat","NA::b","3","Missing","missing","years","[7,9]","don't know (7); refusal (8); not stated (9)","Yrs quit (fmr daily)","Years since stopped smoking daily - former daily","Don't know (7) and refusal (8) not included in CCHS 2015-2016 and CCHS 2017-2018","3.0.0-alpha","2026-01-04","active","Restored from inst/extdata. Has both PUMF and Master. Extended PUMF to 2019-2023 (2021_p, 2023_p need DDI confirmation).",""
"SMKG09C","SMKG09C_cat3_NAb","cat","cchs2003_p, cchs2005_p, cchs2007_2008_p, cchs2009_2010_p, cchs2011_2012_p, cchs2013_2014_p, cchs2015_2016_p, cchs2017_2018_p, cchs2021_p, cchs2023_p","cchs2003_p::SMKCG09C, cchs2005_p::SMKEG09C, cchs2015_2016_p::SMKG090, cchs2017_2018_p::SMKG090, [SMKG09C]","ICES altered","cat","NA::b","3","Missing","missing","years","else","else","Yrs quit (fmr daily)","Years since stopped smoking daily - former daily","","3.0.0-alpha","2026-01-04","active","Restored from inst/extdata. Has both PUMF and Master. Extended PUMF to 2019-2023 (2021_p, 2023_p need DDI confirmation).",""
"SMKG09C","N/A","cat","cchs2022_m, cchs2009_2010_m, cchs2011_2012_m, cchs2013_2014_m","DerivedVar::[SPU_25]","ICES altered","cat","Func::calculate_SMK_09A_cont","N/A","N/A","N/A","years","N/A","N/A","Yrs quit (fmr daily)","Years since stopped smoking daily - former daily","","3.0.0-alpha","2026-01-04","active","Restored from inst/extdata. Has both PUMF and Master.",""
"SMKG09C","SMKG09C_cat3_1","cat","cchs2022_m, cchs2009_2010_m, cchs2011_2012_m, cchs2013_2014_m","DerivedVar::[SPU_25]","ICES altered","cat","1","3","3 to 5 years","converted years - 3 to 5 years","years","N/A","N/A","Yrs quit (fmr daily)","Years since stopped smoking daily - former daily","","3.0.0-alpha","2026-01-04","active","Restored from inst/extdata. Has both PUMF and Master.",""
"SMKG09C","SMKG09C_cat3_2","cat","cchs2022_m, cchs2009_2010_m, cchs2011_2012_m, cchs2013_2014_m","DerivedVar::[SPU_25]","ICES altered","cat","2","3","6 to 10 years","converted years - 6 to 10 years","years","N/A","N/A","Yrs quit (fmr daily)","Years since stopped smoking daily - former daily","","3.0.0-alpha","2026-01-04","active","Restored from inst/extdata. Has both PUMF and Master.",""
"SMKG09C","SMKG09C_cat3_3","cat","cchs2022_m, cchs2009_2010_m, cchs2011_2012_m, cchs2013_2014_m","DerivedVar::[SPU_25]","ICES altered","cat","3","3","11+ years","converted years - 11 or more years","years","N/A","N/A","Yrs quit (fmr daily)","Years since stopped smoking daily - former daily","","3.0.0-alpha","2026-01-04","active","Restored from inst/extdata. Has both PUMF and Master.",""
"SMKG09C","SMKG09C_cat3_NAa","cat","cchs2022_m, cchs2009_2010_m, cchs2011_2012_m, cchs2013_2014_m","DerivedVar::[SPU_25]","ICES altered","cat","NA::a","3","Not applicable","not applicable","years","N/A","N/A","Yrs quit (fmr daily)","Years since stopped smoking daily - former daily","","3.0.0-alpha","2026-01-04","active","Restored from inst/extdata. Has both PUMF and Master.",""
"SMKG09C","SMKG09C_cat3_NAb","cat","cchs2022_m, cchs2009_2010_m, cchs2011_2012_m, cchs2013_2014_m","DerivedVar::[SPU_25]","ICES altered","cat","NA::b","3","Missing","missing","years","N/A","N/A","Yrs quit (fmr daily)","Years since stopped smoking daily - former daily","","3.0.0-alpha","2026-01-04","active","Restored from inst/extdata. Has both PUMF and Master.",""
"SMKG09C","SMKG09C_cat3_1","cat","cchs2009_2010_m, cchs2011_2012_m, cchs2003_m, cchs2005_m, cchs2007_2008_m, cchs2013_2014_m, cchs2015_2016_m, cchs2017_2018_m, cchs2019_2020_m, cchs2021_m","cchs2015_2016_m::SMK_090, cchs2017_2018_m::SMK_090, cchs2019_2020_m::SMK_090, cchs2021_m::SMK_090, cchs2003_m::SMKC_09C, cchs2005_m::SMKE_09C, [SMK_09C]","ICES altered","cat","1","3","3 to 5 years","3 to 5 years","years","[3,6)","3 to 5 years","Yrs quit (fmr daily)","Years since stopped smoking daily - former daily","","3.0.0-alpha","2026-01-04","active","Restored from inst/extdata. Has both PUMF and Master.",""
"SMKG09C","SMKG09C_cat3_2","cat","cchs2009_2010_m, cchs2011_2012_m, cchs2003_m, cchs2005_m, cchs2007_2008_m, cchs2013_2014_m, cchs2015_2016_m, cchs2017_2018_m, cchs2019_2020_m, cchs2021_m","cchs2015_2016_m::SMK_090, cchs2017_2018_m::SMK_090, cchs2019_2020_m::SMK_090, cchs2021_m::SMK_090, cchs2003_m::SMKC_09C, cchs2005_m::SMKE_09C, [SMK_09C]","ICES altered","cat","2","3","6 to 10 years","6 to 10 years","years","[6,11)","6 to 10 years","Yrs quit (fmr daily)","Years since stopped smoking daily - former daily","","3.0.0-alpha","2026-01-04","active","Restored from inst/extdata. Has both PUMF and Master.",""
"SMKG09C","SMKG09C_cat3_3","cat","cchs2009_2010_m, cchs2011_2012_m, cchs2003_m, cchs2005_m, cchs2007_2008_m, cchs2013_2014_m, cchs2015_2016_m, cchs2017_2018_m, cchs2019_2020_m, cchs2021_m","cchs2015_2016_m::SMK_090, cchs2017_2018_m::SMK_090, cchs2019_2020_m::SMK_090, cchs2021_m::SMK_090, cchs2003_m::SMKC_09C, cchs2005_m::SMKE_09C, [SMK_09C]","ICES altered","cat","3","3","11+ years","11 or more years","years","[11,82]","11 or more years","Yrs quit (fmr daily)","Years since stopped smoking daily - former daily","","3.0.0-alpha","2026-01-04","active","Restored from inst/extdata. Has both PUMF and Master.",""
"SMKG09C","SMKG09C_cat3_NAa","cat","cchs2009_2010_m, cchs2011_2012_m, cchs2003_m, cchs2005_m, cchs2007_2008_m, cchs2013_2014_m, cchs2015_2016_m, cchs2017_2018_m, cchs2019_2020_m, cchs2021_m","cchs2015_2016_m::SMK_090, cchs2017_2018_m::SMK_090, cchs2019_2020_m::SMK_090, cchs2021_m::SMK_090, cchs2003_m::SMKC_09C, cchs2005_m::SMKE_09C, [SMK_09C]","ICES altered","cat","NA::a","3","Not applicable","not applicable","years","996","not applicable","Yrs quit (fmr daily)","Years since stopped smoking daily - former daily","","3.0.0-alpha","2026-01-04","active","Restored from inst/extdata. Has both PUMF and Master.",""
"SMKG09C","SMKG09C_cat3_NAb","cat","cchs2009_2010_m, cchs2011_2012_m, cchs2003_m, cchs2005_m, cchs2007_2008_m, cchs2013_2014_m, cchs2015_2016_m, cchs2017_2018_m, cchs2019_2020_m, cchs2021_m","cchs2015_2016_m::SMK_090, cchs2017_2018_m::SMK_090, cchs2019_2020_m::SMK_090, cchs2021_m::SMK_090, cchs2003_m::SMKC_09C, cchs2005_m::SMKE_09C, [SMK_09C]","ICES altered","cat","NA::b","3","Missing","missing","years","[997,999]","don't know (997); refusal (998); not stated (999)","Yrs quit (fmr daily)","Years since stopped smoking daily - former daily","","3.0.0-alpha","2026-01-04","active","Restored from inst/extdata. Has both PUMF and Master.",""
"SMKG09C","SMKG09C_cat3_NAb","cat","cchs2009_2010_m, cchs2011_2012_m, cchs2003_m, cchs2005_m, cchs2007_2008_m, cchs2013_2014_m, cchs2015_2016_m, cchs2017_2018_m, cchs2019_2020_m, cchs2021_m","cchs2015_2016_m::SMK_090, cchs2017_2018_m::SMK_090, cchs2019_2020_m::SMK_090, cchs2021_m::SMK_090, cchs2003_m::SMKC_09C, cchs2005_m::SMKE_09C, [SMK_09C]","ICES altered","cat","NA::b","3","Missing","missing","years","else","else","Yrs quit (fmr daily)","Years since stopped smoking daily - former daily","","3.0.0-alpha","2026-01-04","active","Restored from inst/extdata. Has both PUMF and Master.",""
"SMKG09C_cont","N/A","cont","cchs2003_p, cchs2005_p, cchs2007_2008_p, cchs2009_2010_p, cchs2011_2012_p, cchs2013_2014_p, cchs2015_2016_p, cchs2017_2018_p, cchs2021_p, cchs2023_p","cchs2003_p::SMKCG09C, cchs2005_p::SMKEG09C, cchs2015_2016_p::SMKG090, cchs2017_2018_p::SMKG090, [SMKG09C]","ICES altered","cat","12","3","11+ years","11 or more years","years","3","11 or more years","Yrs quit (cat)","Years since stopped smoking daily - former daily","","3.0.0-alpha","2026-01-04","active","Restored from inst/extdata. Has both PUMF and Master. Extended PUMF to 2019-2023 (2021_p, 2023_p need DDI confirmation).",""
"SMKG09C_cont","N/A","cont","cchs2003_p, cchs2005_p, cchs2007_2008_p, cchs2009_2010_p, cchs2011_2012_p, cchs2013_2014_p, cchs2015_2016_p, cchs2017_2018_p, cchs2021_p, cchs2023_p","cchs2003_p::SMKCG09C, cchs2005_p::SMKEG09C, cchs2015_2016_p::SMKG090, cchs2017_2018_p::SMKG090, [SMKG09C]","ICES altered","cat","4","3","3 to 5 years","3 to 5 years","years","1","3 to 5 years","Yrs quit (cat)","Years since stopped smoking daily - former daily","","3.0.0-alpha","2026-01-04","active","Restored from inst/extdata. Has both PUMF and Master. Extended PUMF to 2019-2023 (2021_p, 2023_p need DDI confirmation).",""
"SMKG09C_cont","N/A","cont","cchs2003_p, cchs2005_p, cchs2007_2008_p, cchs2009_2010_p, cchs2011_2012_p, cchs2013_2014_p, cchs2015_2016_p, cchs2017_2018_p, cchs2021_p, cchs2023_p","cchs2003_p::SMKCG09C, cchs2005_p::SMKEG09C, cchs2015_2016_p::SMKG090, cchs2017_2018_p::SMKG090, [SMKG09C]","ICES altered","cat","8","3","6 to 10 years","6 to 10 years","years","2","6 to 10 years","Yrs quit (cat)","Years since stopped smoking daily - former daily","","3.0.0-alpha","2026-01-04","active","Restored from inst/extdata. Has both PUMF and Master. Extended PUMF to 2019-2023 (2021_p, 2023_p need DDI confirmation).",""
"SMKG09C_cont","N/A","cont","cchs2009_2010_m, cchs2011_2012_m, cchs2013_2014_m","[SMK_09C]","ICES altered","cont","copy","N/A","copy","Copy continuous values from SPU_25","years","[0,121]","Valid range","Stop age - former daily","Years since stopped smoking daily - former daily","","3.0.0-alpha","2026-01-04","active","Restored from inst/extdata. Has both PUMF and Master.",""
"SMKG09C_cont","N/A","cont","cchs2009_2010_m, cchs2011_2012_m, cchs2003_m, cchs2005_m, cchs2007_2008_m, cchs2013_2014_m, cchs2015_2016_m, cchs2017_2018_m, cchs2019_2020_m, cchs2021_m","cchs2015_2016_m::SMK_090, cchs2017_2018_m::SMK_090, cchs2019_2020_m::SMK_090, cchs2021_m::SMK_090, cchs2003_m::SMKC_09C, cchs2005_m::SMKE_09C, [SMK_09C]","ICES altered","cat","NA::a","3","Not applicable","not applicable","years","996","not applicable","Yrs quit (cat)","Years since stopped smoking daily - former daily","","3.0.0-alpha","2026-01-04","active","Restored from inst/extdata. Has both PUMF and Master.",""
"SMKG09C_cont","N/A","cont","cchs2003_p, cchs2005_p, cchs2007_2008_p, cchs2009_2010_p, cchs2011_2012_p, cchs2013_2014_p, cchs2015_2016_p, cchs2017_2018_p, cchs2021_p, cchs2023_p","cchs2003_p::SMKCG09C, cchs2005_p::SMKEG09C, cchs2015_2016_p::SMKG090, cchs2017_2018_p::SMKG090, [SMKG09C]","ICES altered","cat","NA::a","3","Not applicable","not applicable","years","6","not applicable","Yrs quit (cat)","Years since stopped smoking daily - former daily","","3.0.0-alpha","2026-01-04","active","Restored from inst/extdata. Has both PUMF and Master. Extended PUMF to 2019-2023 (2021_p, 2023_p need DDI confirmation).",""
"SMKG09C_cont","N/A","cont","cchs2009_2010_m, cchs2011_2012_m, cchs2003_m, cchs2005_m, cchs2007_2008_m, cchs2013_2014_m, cchs2015_2016_m, cchs2017_2018_m, cchs2019_2020_m, cchs2021_m","cchs2015_2016_m::SMK_090, cchs2017_2018_m::SMK_090, cchs2019_2020_m::SMK_090, cchs2021_m::SMK_090, cchs2003_m::SMKC_09C, cchs2005_m::SMKE_09C, [SMK_09C]","ICES altered","cat","NA::b","3","Missing","missing","years","[997,999]","don't know (997); refusal (998); not stated (999)","Yrs quit (cat)","Years since stopped smoking daily - former daily","","3.0.0-alpha","2026-01-04","active","Restored from inst/extdata. Has both PUMF and Master.",""
"SMKG09C_cont","N/A","cont","cchs2009_2010_m, cchs2011_2012_m, cchs2003_m, cchs2005_m, cchs2007_2008_m, cchs2013_2014_m, cchs2015_2016_m, cchs2017_2018_m, cchs2019_2020_m, cchs2021_m","cchs2015_2016_m::SMK_090, cchs2017_2018_m::SMK_090, cchs2019_2020_m::SMK_090, cchs2021_m::SMK_090, cchs2003_m::SMKC_09C, cchs2005_m::SMKE_09C, [SMK_09C]","ICES altered","cat","NA::b","3","Missing","missing","years","else","else","Yrs quit (cat)","Years since stopped smoking daily - former daily","","3.0.0-alpha","2026-01-04","active","Restored from inst/extdata. Has both PUMF and Master.",""
"SMKG09C_cont","N/A","cont","cchs2003_p, cchs2005_p, cchs2007_2008_p, cchs2009_2010_p, cchs2011_2012_p, cchs2013_2014_p, cchs2015_2016_p, cchs2017_2018_p, cchs2021_p, cchs2023_p","cchs2003_p::SMKCG09C, cchs2005_p::SMKEG09C, cchs2015_2016_p::SMKG090, cchs2017_2018_p::SMKG090, [SMKG09C]","ICES altered","cat","NA::b","3","Missing","missing","years","[7,9]","don't know (7); refusal (8); not stated (9)","Yrs quit (cat)","Years since stopped smoking daily - former daily","Don't know (7) and refusal (8) not included in CCHS 2015-2016 and CCHS 2017-2018 - Continuous NA mapping from categorical SMKG09C","3.0.0-alpha","2026-01-04","active","Restored from inst/extdata. Has both PUMF and Master. Extended PUMF to 2019-2023 (2021_p, 2023_p need DDI confirmation).",""
"SMKG09C_cont","N/A","cont","cchs2003_p, cchs2005_p, cchs2007_2008_p, cchs2009_2010_p, cchs2011_2012_p, cchs2013_2014_p, cchs2015_2016_p, cchs2017_2018_p, cchs2021_p, cchs2023_p","cchs2003_p::SMKCG09C, cchs2005_p::SMKEG09C, cchs2015_2016_p::SMKG090, cchs2017_2018_p::SMKG090, [SMKG09C]","ICES altered","cat","NA::b","3","Missing","missing","years","else","else","Yrs quit (cat)","Years since stopped smoking daily - former daily","","3.0.0-alpha","2026-01-04","active","Restored from inst/extdata. Has both PUMF and Master. Extended PUMF to 2019-2023 (2021_p, 2023_p need DDI confirmation).",""
"SMKG09C_cont","N/A","cont","cchs2009_2010_m, cchs2011_2012_m, cchs2013_2014_m","[SMK_09C]","ICES altered","cont","NA::a","N/A","Not applicable","not applicable","years","996","not applicable","Stop age - former daily","Years since stopped smoking daily - former daily","","3.0.0-alpha","2026-01-04","active","Restored from inst/extdata. Has both PUMF and Master.",""
"SMKG09C_cont","N/A","cont","cchs2009_2010_m, cchs2011_2012_m, cchs2013_2014_m","[SMK_09C]","ICES altered","cont","NA::b","N/A","Missing","missing","years","[997,999]","missing","Stop age - former daily","Years since stopped smoking daily - former daily","","3.0.0-alpha","2026-01-04","active","Restored from inst/extdata. Has both PUMF and Master.",""
"SMKG09C_cont","N/A","cont","cchs2003_p, cchs2005_p, cchs2007_2008_p, cchs2009_2010_p, cchs2011_2012_p, cchs2013_2014_p, cchs2015_2016_p, cchs2017_2018_p, cchs2021_p, cchs2023_p","cchs2003_p::SMKCG09C, cchs2005_p::SMKEG09C, cchs2015_2016_p::SMKG090, cchs2017_2018_p::SMKG090, [SMKG09C]","ICES altered","cont","copy","N/A","valid range","Valid continuous range","years","[0,121]","Valid range","Stop age - former daily","Years since stopped smoking daily - former daily","","3.0.0-alpha","2026-01-04","active","Restored from inst/extdata. Has both PUMF and Master. Extended PUMF to 2019-2023 (2021_p, 2023_p need DDI confirmation).",""
"SMKG09C_cont","N/A","cont","cchs2009_2010_m, cchs2011_2012_m, cchs2003_m, cchs2005_m, cchs2007_2008_m, cchs2013_2014_m, cchs2015_2016_m, cchs2017_2018_m, cchs2019_2020_m, cchs2021_m","cchs2015_2016_m::SMK_090, cchs2017_2018_m::SMK_090, cchs2019_2020_m::SMK_090, cchs2021_m::SMK_090, cchs2003_m::SMKC_09C, cchs2005_m::SMKE_09C, [SMK_09C]","ICES altered","cont","copy","N/A","valid range","Valid continuous range","years","[0,121]","Valid range","Stop age - former daily","Years since stopped smoking daily - former daily","","3.0.0-alpha","2026-01-04","active","Restored from inst/extdata. Has both PUMF and Master.",""
"SMK_10A_A","SMK_10A_A_cat4_1","cat","cchs2003_p, cchs2003_m, cchs2005_p, cchs2005_m, cchs2007_2008_p, cchs2007_2008_m, cchs2009_2010_p, cchs2009_2010_m, cchs2011_2012_p, cchs2011_2012_m, cchs2013_2014_p, cchs2013_2014_m","cchs2003_p::SMKC_10A, cchs2005_p::SMKE_10A, cchs2003_m::SMKC_10A, cchs2005_m::SMKE_10A, [SMK_10A]","","cat","1","4","<1 year","Less than one year ago","years","1","Less than one year ago","Quit time reducer (A)","When quit completely - former daily continued occasional (pre-2015)","","3.0.0-alpha","2026-01-05","active","New for v3.0.0. SMK_10A for reducers (former daily who continued occasional). Pre-2015 categories.",""
"SMK_10A_A","SMK_10A_A_cat4_2","cat","cchs2003_p, cchs2003_m, cchs2005_p, cchs2005_m, cchs2007_2008_p, cchs2007_2008_m, cchs2009_2010_p, cchs2009_2010_m, cchs2011_2012_p, cchs2011_2012_m, cchs2013_2014_p, cchs2013_2014_m","cchs2003_p::SMKC_10A, cchs2005_p::SMKE_10A, cchs2003_m::SMKC_10A, cchs2005_m::SMKE_10A, [SMK_10A]","","cat","2","4","1 to 2 years","1 year to 2 years ago","years","2","1 year to 2 years ago","Quit time reducer (A)","When quit completely - former daily continued occasional (pre-2015)","","3.0.0-alpha","2026-01-05","active","New for v3.0.0. SMK_10A for reducers (former daily who continued occasional). Pre-2015 categories.",""
"SMK_10A_A","SMK_10A_A_cat4_3","cat","cchs2003_p, cchs2003_m, cchs2005_p, cchs2005_m, cchs2007_2008_p, cchs2007_2008_m, cchs2009_2010_p, cchs2009_2010_m, cchs2011_2012_p, cchs2011_2012_m, cchs2013_2014_p, cchs2013_2014_m","cchs2003_p::SMKC_10A, cchs2005_p::SMKE_10A, cchs2003_m::SMKC_10A, cchs2005_m::SMKE_10A, [SMK_10A]","","cat","3","4","3 to 5 years","3 years to 5 years ago","years","3","3 years to 5 years ago","Quit time reducer (A)","When quit completely - former daily continued occasional (pre-2015)","","3.0.0-alpha","2026-01-05","active","New for v3.0.0. SMK_10A for reducers (former daily who continued occasional). Pre-2015 categories.",""
"SMK_10A_A","SMK_10A_A_cat4_4","cat","cchs2003_p, cchs2003_m, cchs2005_p, cchs2005_m, cchs2007_2008_p, cchs2007_2008_m, cchs2009_2010_p, cchs2009_2010_m, cchs2011_2012_p, cchs2011_2012_m, cchs2013_2014_p, cchs2013_2014_m","cchs2003_p::SMKC_10A, cchs2005_p::SMKE_10A, cchs2003_m::SMKC_10A, cchs2005_m::SMKE_10A, [SMK_10A]","","cat","4","4",">5 years","More than 5 years ago","years","4","More than 5 years ago","Quit time reducer (A)","When quit completely - former daily continued occasional (pre-2015)","","3.0.0-alpha","2026-01-05","active","New for v3.0.0. SMK_10A for reducers (former daily who continued occasional). Pre-2015 categories.",""
"SMK_10A_A","SMK_10A_A_cat4_NAa","cat","cchs2003_p, cchs2003_m, cchs2005_p, cchs2005_m, cchs2007_2008_p, cchs2007_2008_m, cchs2009_2010_p, cchs2009_2010_m, cchs2011_2012_p, cchs2011_2012_m, cchs2013_2014_p, cchs2013_2014_m","cchs2003_p::SMKC_10A, cchs2005_p::SMKE_10A, cchs2003_m::SMKC_10A, cchs2005_m::SMKE_10A, [SMK_10A]","","cat","NA::a","4","Not applicable","not applicable","years","6","not applicable","Quit time reducer (A)","When quit completely - former daily continued occasional (pre-2015)","","3.0.0-alpha","2026-01-05","active","New for v3.0.0. SMK_10A for reducers (former daily who continued occasional). Pre-2015 categories.",""
"SMK_10A_A","SMK_10A_A_cat4_NAb","cat","cchs2003_p, cchs2003_m, cchs2005_p, cchs2005_m, cchs2007_2008_p, cchs2007_2008_m, cchs2009_2010_p, cchs2009_2010_m, cchs2011_2012_p, cchs2011_2012_m, cchs2013_2014_p, cchs2013_2014_m","cchs2003_p::SMKC_10A, cchs2005_p::SMKE_10A, cchs2003_m::SMKC_10A, cchs2005_m::SMKE_10A, [SMK_10A]","","cat","NA::b","4","Missing","missing","years","[7,9]","don't know (7); refusal (8); not stated (9)","Quit time reducer (A)","When quit completely - former daily continued occasional (pre-2015)","","3.0.0-alpha","2026-01-05","active","New for v3.0.0. SMK_10A for reducers (former daily who continued occasional). Pre-2015 categories.",""
"SMK_10A_A","SMK_10A_A_cat4_NAb","cat","cchs2003_p, cchs2003_m, cchs2005_p, cchs2005_m, cchs2007_2008_p, cchs2007_2008_m, cchs2009_2010_p, cchs2009_2010_m, cchs2011_2012_p, cchs2011_2012_m, cchs2013_2014_p, cchs2013_2014_m","cchs2003_p::SMKC_10A, cchs2005_p::SMKE_10A, cchs2003_m::SMKC_10A, cchs2005_m::SMKE_10A, [SMK_10A]","","cat","NA::b","4","Missing","missing","years","else","else","Quit time reducer (A)","When quit completely - former daily continued occasional (pre-2015)","","3.0.0-alpha","2026-01-05","active","New for v3.0.0. SMK_10A for reducers (former daily who continued occasional). Pre-2015 categories.",""
"SMK_10A_B","SMK_10A_B_cat4_1","cat","cchs2015_2016_p, cchs2017_2018_p, cchs2015_2016_m, cchs2017_2018_m, cchs2019_2020_m, cchs2021_m, cchs2023_m","cchs2015_2016_p::SMK_100, cchs2017_2018_p::SMK_100, cchs2015_2016_m::SMK_100, cchs2017_2018_m::SMK_100, cchs2019_2020_m::SMK_100, cchs2021_m::SMK_100, cchs2023_m::SPU_35","","cat","1","4","<1 year","Less than one year ago","years","1","Less than one year","Quit time reducer (B)","When quit completely - former daily continued occasional (2015+)","","3.0.0-alpha","2026-01-05","active","New for v3.0.0. SMK_10A for reducers (former daily who continued occasional). 2015+ categories.",""
"SMK_10A_B","SMK_10A_B_cat4_2","cat","cchs2015_2016_p, cchs2017_2018_p, cchs2015_2016_m, cchs2017_2018_m, cchs2019_2020_m, cchs2021_m, cchs2023_m","cchs2015_2016_p::SMK_100, cchs2017_2018_p::SMK_100, cchs2015_2016_m::SMK_100, cchs2017_2018_m::SMK_100, cchs2019_2020_m::SMK_100, cchs2021_m::SMK_100, cchs2023_m::SPU_35","","cat","2","4","1 to <2 years","1 year to less than 2 years ago","years","2","1 year to <2 years","Quit time reducer (B)","When quit completely - former daily continued occasional (2015+)","","3.0.0-alpha","2026-01-05","active","New for v3.0.0. SMK_10A for reducers (former daily who continued occasional). 2015+ categories.",""
"SMK_10A_B","SMK_10A_B_cat4_3","cat","cchs2015_2016_p, cchs2017_2018_p, cchs2015_2016_m, cchs2017_2018_m, cchs2019_2020_m, cchs2021_m, cchs2023_m","cchs2015_2016_p::SMK_100, cchs2017_2018_p::SMK_100, cchs2015_2016_m::SMK_100, cchs2017_2018_m::SMK_100, cchs2019_2020_m::SMK_100, cchs2021_m::SMK_100, cchs2023_m::SPU_35","","cat","3","4","2 to <3 years","2 years to less than 3 years ago","years","3","2 years to <3 years","Quit time reducer (B)","When quit completely - former daily continued occasional (2015+)","","3.0.0-alpha","2026-01-05","active","New for v3.0.0. SMK_10A for reducers (former daily who continued occasional). 2015+ categories.",""
"SMK_10A_B","SMK_10A_B_cat4_4","cat","cchs2015_2016_p, cchs2017_2018_p, cchs2015_2016_m, cchs2017_2018_m, cchs2019_2020_m, cchs2021_m, cchs2023_m","cchs2015_2016_p::SMK_100, cchs2017_2018_p::SMK_100, cchs2015_2016_m::SMK_100, cchs2017_2018_m::SMK_100, cchs2019_2020_m::SMK_100, cchs2021_m::SMK_100, cchs2023_m::SPU_35","","cat","4","4",">=3 years","3 or more years ago","years","4","3 or more years","Quit time reducer (B)","When quit completely - former daily continued occasional (2015+)","","3.0.0-alpha","2026-01-05","active","New for v3.0.0. SMK_10A for reducers (former daily who continued occasional). 2015+ categories.",""
"SMK_10A_B","SMK_10A_B_cat4_NAa","cat","cchs2015_2016_p, cchs2017_2018_p, cchs2015_2016_m, cchs2017_2018_m, cchs2019_2020_m, cchs2021_m, cchs2023_m","cchs2015_2016_p::SMK_100, cchs2017_2018_p::SMK_100, cchs2015_2016_m::SMK_100, cchs2017_2018_m::SMK_100, cchs2019_2020_m::SMK_100, cchs2021_m::SMK_100, cchs2023_m::SPU_35","","cat","NA::a","4","Not applicable","not applicable","years","6","not applicable","Quit time reducer (B)","When quit completely - former daily continued occasional (2015+)","","3.0.0-alpha","2026-01-05","active","New for v3.0.0. SMK_10A for reducers (former daily who continued occasional). 2015+ categories.",""
"SMK_10A_B","SMK_10A_B_cat4_NAb","cat","cchs2015_2016_p, cchs2017_2018_p, cchs2015_2016_m, cchs2017_2018_m, cchs2019_2020_m, cchs2021_m, cchs2023_m","cchs2015_2016_p::SMK_100, cchs2017_2018_p::SMK_100, cchs2015_2016_m::SMK_100, cchs2017_2018_m::SMK_100, cchs2019_2020_m::SMK_100, cchs2021_m::SMK_100, cchs2023_m::SPU_35","","cat","NA::b","4","Missing","missing","years","[7,9]","don't know (7); refusal (8); not stated (9)","Quit time reducer (B)","When quit completely - former daily continued occasional (2015+)","","3.0.0-alpha","2026-01-05","active","New for v3.0.0. SMK_10A for reducers (former daily who continued occasional). 2015+ categories.",""
"SMK_10A_B","SMK_10A_B_cat4_NAb","cat","cchs2015_2016_p, cchs2017_2018_p, cchs2015_2016_m, cchs2017_2018_m, cchs2019_2020_m, cchs2021_m, cchs2023_m","cchs2015_2016_p::SMK_100, cchs2017_2018_p::SMK_100, cchs2015_2016_m::SMK_100, cchs2017_2018_m::SMK_100, cchs2019_2020_m::SMK_100, cchs2021_m::SMK_100, cchs2023_m::SPU_35","","cat","NA::b","4","Missing","missing","years","else","else","Quit time reducer (B)","When quit completely - former daily continued occasional (2015+)","","3.0.0-alpha","2026-01-05","active","New for v3.0.0. SMK_10A for reducers (former daily who continued occasional). 2015+ categories.",""
"cigs_per_day","N/A","cont","cchs2001_p, cchs2003_p, cchs2005_p, cchs2007_2008_p, cchs2009_2010_p, cchs2010_p, cchs2011_2012_p, cchs2012_p, cchs2013_2014_p, cchs2014_p, cchs2015_2016_p, cchs2017_2018_p, cchs2009_m, cchs2010_m, cchs2012_m, cchs2001_m, cchs2003_m, cchs2005_m, cchs2007_2008_m, cchs2009_2010_m, cchs2011_2012_m, cchs2013_2014_m, cchs2015_2016_m, cchs2017_2018_m, cchs2019_2020_m, cchs2021_m, cchs2022_m, cchs2023_m, cchs2019_2020_p, cchs2021_p, cchs2022_p, cchs2023_p, cchs2010_m, cchs2012_m, cchs2014_m","DerivedVar::[SMK_204, SMK_208, SMKDSTY_A]","","cont","copy","N/A","Cigs/day (unified)","Cigarettes per day when smoking daily - unified","cigarettes","[1,99]","Cigarettes per day (1-99)","Cigs/day (unified)","Cigarettes per day when smoking daily - ever-daily smokers","Universe: ever-daily smokers (SMKDSTY_A 1, 2, 4). Routes SMK_204 for status 1, SMK_208 for status 2/4.","3.0.0-alpha","2026-01-09","active","Created for unified daily intensity variable",NA
"cigs_per_day","N/A","cont","cchs2001_p, cchs2003_p, cchs2005_p, cchs2007_2008_p, cchs2009_2010_p, cchs2010_p, cchs2011_2012_p, cchs2012_p, cchs2013_2014_p, cchs2014_p, cchs2015_2016_p, cchs2017_2018_p, cchs2009_m, cchs2010_m, cchs2012_m, cchs2001_m, cchs2003_m, cchs2005_m, cchs2007_2008_m, cchs2009_2010_m, cchs2011_2012_m, cchs2013_2014_m, cchs2015_2016_m, cchs2017_2018_m, cchs2019_2020_m, cchs2021_m, cchs2022_m, cchs2023_m, cchs2019_2020_p, cchs2021_p, cchs2022_p, cchs2023_p, cchs2010_m, cchs2012_m, cchs2014_m","DerivedVar::[SMK_204, SMK_208, SMKDSTY_A]","","cont","NA::a","N/A","not applicable","not applicable","cigarettes","SMKDSTY_A in (3,5,6)","never-daily smokers (SMKDSTY_A 3, 5, 6)","Cigs/day (unified)","Cigarettes per day when smoking daily - ever-daily smokers","Universe: ever-daily smokers (SMKDSTY_A 1, 2, 4). Routes SMK_204 for status 1, SMK_208 for status 2/4.","3.0.0-alpha","2026-01-09","active","Created for unified daily intensity variable",NA
"cigs_per_day","N/A","cont","cchs2001_p, cchs2003_p, cchs2005_p, cchs2007_2008_p, cchs2009_2010_p, cchs2010_p, cchs2011_2012_p, cchs2012_p, cchs2013_2014_p, cchs2014_p, cchs2015_2016_p, cchs2017_2018_p, cchs2009_m, cchs2010_m, cchs2012_m, cchs2001_m, cchs2003_m, cchs2005_m, cchs2007_2008_m, cchs2009_2010_m, cchs2011_2012_m, cchs2013_2014_m, cchs2015_2016_m, cchs2017_2018_m, cchs2019_2020_m, cchs2021_m, cchs2022_m, cchs2023_m, cchs2019_2020_p, cchs2021_p, cchs2022_p, cchs2023_p, cchs2010_m, cchs2012_m, cchs2014_m","DerivedVar::[SMK_204, SMK_208, SMKDSTY_A]","","cont","NA::b","N/A","Missing","missing","cigarettes","is.na(SMK_204) & is.na(SMK_208)","missing source data","Cigs/day (unified)","Cigarettes per day when smoking daily - ever-daily smokers","Universe: ever-daily smokers (SMKDSTY_A 1, 2, 4). Routes SMK_204 for status 1, SMK_208 for status 2/4.","3.0.0-alpha","2026-01-09","active","Created for unified daily intensity variable",NA
"cigs_per_day","N/A","cont","cchs2001_p, cchs2003_p, cchs2005_p, cchs2007_2008_p, cchs2009_2010_p, cchs2010_p, cchs2011_2012_p, cchs2012_p, cchs2013_2014_p, cchs2014_p, cchs2015_2016_p, cchs2017_2018_p, cchs2009_m, cchs2010_m, cchs2012_m, cchs2001_m, cchs2003_m, cchs2005_m, cchs2007_2008_m, cchs2009_2010_m, cchs2011_2012_m, cchs2013_2014_m, cchs2015_2016_m, cchs2017_2018_m, cchs2019_2020_m, cchs2021_m, cchs2022_m, cchs2023_m, cchs2019_2020_p, cchs2021_p, cchs2022_p, cchs2023_p, cchs2010_m, cchs2012_m, cchs2014_m","DerivedVar::[SMK_204, SMK_208, SMKDSTY_A]","","cont","NA::b","N/A","Missing","missing","cigarettes","else","else","Cigs/day (unified)","Cigarettes per day when smoking daily - ever-daily smokers","Universe: ever-daily smokers (SMKDSTY_A 1, 2, 4). Routes SMK_204 for status 1, SMK_208 for status 2/4.","3.0.0-alpha","2026-01-09","active","Created for unified daily intensity variable",NA
"SMK_204","N/A","cont","cchs2001_p, cchs2003_p, cchs2005_p, cchs2007_2008_p, cchs2009_2010_p, cchs2010_p, cchs2011_2012_p, cchs2012_p, cchs2013_2014_p, cchs2014_p, cchs2015_2016_p, cchs2017_2018_p, cchs2009_m, cchs2010_m, cchs2012_m, cchs2001_m, cchs2003_m, cchs2005_m, cchs2007_2008_m, cchs2009_2010_m, cchs2011_2012_m, cchs2013_2014_m, cchs2015_2016_m, cchs2017_2018_m, cchs2019_2020_m, cchs2021_m, cchs2021_p, cchs2023_p, cchs2014_m","cchs2015_2016_m::SMK_040, cchs2017_2018_m::SMK_040, cchs2019_2020_m::SMK_040, cchs2021_m::SMK_040, cchs2001_m::SMKA_204, cchs2003_m::SMKC_204, cchs2005_m::SMKE_204, cchs2001_p::SMKA_204, cchs2003_p::SMKC_204, cchs2005_p::SMKE_204, cchs2015_2016_p::SMK_045, cchs2017_2018_p::SMK_045, [SMK_204]","ICES confirmed","cont","copy","N/A","Cigs/day - daily","# of cigarettes smoked daily - daily smoker","cigarettes","[1,99]","# of cigarettes smoked daily - daily smoker","Cigarettes/day - daily","# of cigarettes smoked daily - daily smoker","","3.0.0-alpha","2026-01-04","active","Migrated from production. Converted deprecated _i suffix to _m. Extended PUMF to 2019-2023 (2021_p, 2023_p need DDI confirmation).",NA
"SMK_204","N/A","cont","cchs2001_p, cchs2003_p, cchs2005_p, cchs2007_2008_p, cchs2009_2010_p, cchs2010_p, cchs2011_2012_p, cchs2012_p, cchs2013_2014_p, cchs2014_p, cchs2015_2016_p, cchs2017_2018_p, cchs2009_m, cchs2010_m, cchs2012_m, cchs2001_m, cchs2003_m, cchs2005_m, cchs2007_2008_m, cchs2009_2010_m, cchs2011_2012_m, cchs2013_2014_m, cchs2015_2016_m, cchs2017_2018_m, cchs2019_2020_m, cchs2021_m, cchs2021_p, cchs2023_p, cchs2014_m","cchs2015_2016_m::SMK_040, cchs2017_2018_m::SMK_040, cchs2019_2020_m::SMK_040, cchs2021_m::SMK_040, cchs2001_m::SMKA_204, cchs2003_m::SMKC_204, cchs2005_m::SMKE_204, cchs2001_p::SMKA_204, cchs2003_p::SMKC_204, cchs2005_p::SMKE_204, cchs2015_2016_p::SMK_045, cchs2017_2018_p::SMK_045, [SMK_204]","ICES confirmed","cont","NA::a","N/A","not applicable","not applicable","cigarettes","996","not applicable","Cigarettes/day - daily","# of cigarettes smoked daily - daily smoker","","3.0.0-alpha","2026-01-04","active","Migrated from production. Converted deprecated _i suffix to _m. Extended PUMF to 2019-2023 (2021_p, 2023_p need DDI confirmation).",NA
"SMK_204","N/A","cont","cchs2001_p, cchs2003_p, cchs2005_p, cchs2007_2008_p, cchs2009_2010_p, cchs2010_p, cchs2011_2012_p, cchs2012_p, cchs2013_2014_p, cchs2014_p, cchs2015_2016_p, cchs2017_2018_p, cchs2009_m, cchs2010_m, cchs2012_m, cchs2001_m, cchs2003_m, cchs2005_m, cchs2007_2008_m, cchs2009_2010_m, cchs2011_2012_m, cchs2013_2014_m, cchs2015_2016_m, cchs2017_2018_m, cchs2019_2020_m, cchs2021_m, cchs2021_p, cchs2023_p, cchs2014_m","cchs2015_2016_m::SMK_040, cchs2017_2018_m::SMK_040, cchs2019_2020_m::SMK_040, cchs2021_m::SMK_040, cchs2001_m::SMKA_204, cchs2003_m::SMKC_204, cchs2005_m::SMKE_204, cchs2001_p::SMKA_204, cchs2003_p::SMKC_204, cchs2005_p::SMKE_204, cchs2015_2016_p::SMK_045, cchs2017_2018_p::SMK_045, [SMK_204]","ICES confirmed","cont","NA::b","N/A","Missing","missing","cigarettes","[997,999]","don't know (997); refusal (998); not stated (999)","Cigarettes/day - daily","# of cigarettes smoked daily - daily smoker","","3.0.0-alpha","2026-01-04","active","Migrated from production. Converted deprecated _i suffix to _m. Extended PUMF to 2019-2023 (2021_p, 2023_p need DDI confirmation).",NA
"SMK_204","N/A","cont","cchs2001_p, cchs2003_p, cchs2005_p, cchs2007_2008_p, cchs2009_2010_p, cchs2010_p, cchs2011_2012_p, cchs2012_p, cchs2013_2014_p, cchs2014_p, cchs2015_2016_p, cchs2017_2018_p, cchs2009_m, cchs2010_m, cchs2012_m, cchs2001_m, cchs2003_m, cchs2005_m, cchs2007_2008_m, cchs2009_2010_m, cchs2011_2012_m, cchs2013_2014_m, cchs2015_2016_m, cchs2017_2018_m, cchs2019_2020_m, cchs2021_m, cchs2021_p, cchs2023_p, cchs2014_m","cchs2015_2016_m::SMK_040, cchs2017_2018_m::SMK_040, cchs2019_2020_m::SMK_040, cchs2021_m::SMK_040, cchs2001_m::SMKA_204, cchs2003_m::SMKC_204, cchs2005_m::SMKE_204, cchs2001_p::SMKA_204, cchs2003_p::SMKC_204, cchs2005_p::SMKE_204, cchs2015_2016_p::SMK_045, cchs2017_2018_p::SMK_045, [SMK_204]","ICES confirmed","cont","NA::b","N/A","Missing","missing","cigarettes","else","else","Cigarettes/day - daily","# of cigarettes smoked daily - daily smoker","","3.0.0-alpha","2026-01-04","active","Migrated from production. Converted deprecated _i suffix to _m. Extended PUMF to 2019-2023 (2021_p, 2023_p need DDI confirmation).",NA
"SMK_05B","N/A","cont","cchs2001_p, cchs2003_p, cchs2005_p, cchs2007_2008_p, cchs2009_2010_p, cchs2010_p, cchs2011_2012_p, cchs2012_p, cchs2013_2014_p, cchs2014_p, cchs2015_2016_p, cchs2017_2018_p, cchs2009_m, cchs2010_m, cchs2012_m, cchs2001_m, cchs2003_m, cchs2005_m, cchs2007_2008_m, cchs2009_2010_m, cchs2011_2012_m, cchs2013_2014_m, cchs2015_2016_m, cchs2017_2018_m, cchs2019_2020_m, cchs2021_m, cchs2021_p, cchs2023_p, cchs2014_m","cchs2015_2016_m::SMK_030, cchs2017_2018_m::SMK_030, cchs2019_2020_m::SMK_030, cchs2021_m::SMK_030, cchs2001_m::SMKA_05B, cchs2003_m::SMKC_05B, cchs2005_m::SMKE_05B, cchs2001_p::SMKA_05B, cchs2003_p::SMKC_05B, cchs2005_p::SMKE_05B, cchs2015_2016_p::SMK_050, cchs2017_2018_p::SMK_050, [SMK_05B]","ICES confirmed","cont","copy","N/A","Cigs/day - occ","# of cigarettes smoked daily - daily smoker","cigarettes","[1,99]","# of cigarettes smoked daily - occasional smoker","Cigs/day - occ","# of cigarettes smoked daily - occasional smoker","","3.0.0-alpha","2026-01-04","active","Migrated from production. Converted deprecated _i suffix to _m. Extended PUMF to 2019-2023 (2021_p, 2023_p need DDI confirmation).",NA
"SMK_05B","N/A","cont","cchs2001_p, cchs2003_p, cchs2005_p, cchs2007_2008_p, cchs2009_2010_p, cchs2010_p, cchs2011_2012_p, cchs2012_p, cchs2013_2014_p, cchs2014_p, cchs2015_2016_p, cchs2017_2018_p, cchs2009_m, cchs2010_m, cchs2012_m, cchs2001_m, cchs2003_m, cchs2005_m, cchs2007_2008_m, cchs2009_2010_m, cchs2011_2012_m, cchs2013_2014_m, cchs2015_2016_m, cchs2017_2018_m, cchs2019_2020_m, cchs2021_m, cchs2021_p, cchs2023_p, cchs2014_m","cchs2015_2016_m::SMK_030, cchs2017_2018_m::SMK_030, cchs2019_2020_m::SMK_030, cchs2021_m::SMK_030, cchs2001_m::SMKA_05B, cchs2003_m::SMKC_05B, cchs2005_m::SMKE_05B, cchs2001_p::SMKA_05B, cchs2003_p::SMKC_05B, cchs2005_p::SMKE_05B, cchs2015_2016_p::SMK_050, cchs2017_2018_p::SMK_050, [SMK_05B]","ICES confirmed","cont","NA::a","N/A","not applicable","not applicable","cigarettes","996","not applicable","Cigs/day - occ","# of cigarettes smoked daily - occasional smoker","","3.0.0-alpha","2026-01-04","active","Migrated from production. Converted deprecated _i suffix to _m. Extended PUMF to 2019-2023 (2021_p, 2023_p need DDI confirmation).",NA
"SMK_05B","N/A","cont","cchs2001_p, cchs2003_p, cchs2005_p, cchs2007_2008_p, cchs2009_2010_p, cchs2010_p, cchs2011_2012_p, cchs2012_p, cchs2013_2014_p, cchs2014_p, cchs2015_2016_p, cchs2017_2018_p, cchs2009_m, cchs2010_m, cchs2012_m, cchs2001_m, cchs2003_m, cchs2005_m, cchs2007_2008_m, cchs2009_2010_m, cchs2011_2012_m, cchs2013_2014_m, cchs2015_2016_m, cchs2017_2018_m, cchs2019_2020_m, cchs2021_m, cchs2021_p, cchs2023_p, cchs2014_m","cchs2015_2016_m::SMK_030, cchs2017_2018_m::SMK_030, cchs2019_2020_m::SMK_030, cchs2021_m::SMK_030, cchs2001_m::SMKA_05B, cchs2003_m::SMKC_05B, cchs2005_m::SMKE_05B, cchs2001_p::SMKA_05B, cchs2003_p::SMKC_05B, cchs2005_p::SMKE_05B, cchs2015_2016_p::SMK_050, cchs2017_2018_p::SMK_050, [SMK_05B]","ICES confirmed","cont","NA::b","N/A","Missing","missing","cigarettes","[997,999]","don't know (997); refusal (998); not stated (999)","Cigs/day - occ","# of cigarettes smoked daily - occasional smoker","","3.0.0-alpha","2026-01-04","active","Migrated from production. Converted deprecated _i suffix to _m. Extended PUMF to 2019-2023 (2021_p, 2023_p need DDI confirmation).",NA
"SMK_05B","N/A","cont","cchs2001_p, cchs2003_p, cchs2005_p, cchs2007_2008_p, cchs2009_2010_p, cchs2010_p, cchs2011_2012_p, cchs2012_p, cchs2013_2014_p, cchs2014_p, cchs2015_2016_p, cchs2017_2018_p, cchs2009_m, cchs2010_m, cchs2012_m, cchs2001_m, cchs2003_m, cchs2005_m, cchs2007_2008_m, cchs2009_2010_m, cchs2011_2012_m, cchs2013_2014_m, cchs2015_2016_m, cchs2017_2018_m, cchs2019_2020_m, cchs2021_m, cchs2021_p, cchs2023_p, cchs2014_m","cchs2015_2016_m::SMK_030, cchs2017_2018_m::SMK_030, cchs2019_2020_m::SMK_030, cchs2021_m::SMK_030, cchs2001_m::SMKA_05B, cchs2003_m::SMKC_05B, cchs2005_m::SMKE_05B, cchs2001_p::SMKA_05B, cchs2003_p::SMKC_05B, cchs2005_p::SMKE_05B, cchs2015_2016_p::SMK_050, cchs2017_2018_p::SMK_050, [SMK_05B]","ICES confirmed","cont","NA::b","N/A","Missing","missing","cigarettes","else","else","Cigs/day - occ","# of cigarettes smoked daily - occasional smoker","","3.0.0-alpha","2026-01-04","active","Migrated from production. Converted deprecated _i suffix to _m. Extended PUMF to 2019-2023 (2021_p, 2023_p need DDI confirmation).",NA
"SMK_208","N/A","cont","cchs2001_p, cchs2003_p, cchs2005_p, cchs2007_2008_p, cchs2009_2010_p, cchs2010_p, cchs2011_2012_p, cchs2012_p, cchs2013_2014_p, cchs2014_p, cchs2015_2016_p, cchs2017_2018_p, cchs2009_m, cchs2010_m, cchs2012_m, cchs2001_m, cchs2003_m, cchs2005_m, cchs2007_2008_m, cchs2009_2010_m, cchs2011_2012_m, cchs2013_2014_m, cchs2015_2016_m, cchs2017_2018_m, cchs2019_2020_m, cchs2021_m, cchs2021_p, cchs2023_p, cchs2014_m","cchs2015_2016_m::SMK_045, cchs2017_2018_m::SMK_045, cchs2019_2020_m::SMK_045, cchs2021_m::SMK_045, cchs2001_m::SMKA_208, cchs2003_m::SMKC_208, cchs2005_m::SMKE_208, cchs2001_p::SMKA_208, cchs2003_p::SMKC_208, cchs2005_p::SMKE_208, cchs2015_2016_p::SMK_075, cchs2017_2018_p::SMK_075, [SMK_208]","ICES confirmed","cont","copy","N/A","Cigs/day - fmr daily","Cigarettes/day - former daily","cigarettes","[1,99]","# of cigarettes smoke each day - former daily","Cigarettes/day - former","# of cigarettes smoked each day - former daily smoker","","3.0.0-alpha","2026-01-04","active","Migrated from production. Converted deprecated _i suffix to _m. Extended PUMF to 2019-2023 (2021_p, 2023_p need DDI confirmation).",NA
"SMK_208","N/A","cont","cchs2001_p, cchs2003_p, cchs2005_p, cchs2007_2008_p, cchs2009_2010_p, cchs2010_p, cchs2011_2012_p, cchs2012_p, cchs2013_2014_p, cchs2014_p, cchs2015_2016_p, cchs2017_2018_p, cchs2009_m, cchs2010_m, cchs2012_m, cchs2001_m, cchs2003_m, cchs2005_m, cchs2007_2008_m, cchs2009_2010_m, cchs2011_2012_m, cchs2013_2014_m, cchs2015_2016_m, cchs2017_2018_m, cchs2019_2020_m, cchs2021_m, cchs2021_p, cchs2023_p, cchs2014_m","cchs2015_2016_m::SMK_045, cchs2017_2018_m::SMK_045, cchs2019_2020_m::SMK_045, cchs2021_m::SMK_045, cchs2001_m::SMKA_208, cchs2003_m::SMKC_208, cchs2005_m::SMKE_208, cchs2001_p::SMKA_208, cchs2003_p::SMKC_208, cchs2005_p::SMKE_208, cchs2015_2016_p::SMK_075, cchs2017_2018_p::SMK_075, [SMK_208]","ICES confirmed","cont","NA::a","N/A","not applicable","not applicable","cigarettes","996","not applicable","Cigarettes/day - former","# of cigarettes smoked each day - former daily smoker","","3.0.0-alpha","2026-01-04","active","Migrated from production. Converted deprecated _i suffix to _m. Extended PUMF to 2019-2023 (2021_p, 2023_p need DDI confirmation).",NA
"SMK_208","N/A","cont","cchs2001_p, cchs2003_p, cchs2005_p, cchs2007_2008_p, cchs2009_2010_p, cchs2010_p, cchs2011_2012_p, cchs2012_p, cchs2013_2014_p, cchs2014_p, cchs2015_2016_p, cchs2017_2018_p, cchs2009_m, cchs2010_m, cchs2012_m, cchs2001_m, cchs2003_m, cchs2005_m, cchs2007_2008_m, cchs2009_2010_m, cchs2011_2012_m, cchs2013_2014_m, cchs2015_2016_m, cchs2017_2018_m, cchs2019_2020_m, cchs2021_m, cchs2021_p, cchs2023_p, cchs2014_m","cchs2015_2016_m::SMK_045, cchs2017_2018_m::SMK_045, cchs2019_2020_m::SMK_045, cchs2021_m::SMK_045, cchs2001_m::SMKA_208, cchs2003_m::SMKC_208, cchs2005_m::SMKE_208, cchs2001_p::SMKA_208, cchs2003_p::SMKC_208, cchs2005_p::SMKE_208, cchs2015_2016_p::SMK_075, cchs2017_2018_p::SMK_075, [SMK_208]","ICES confirmed","cont","NA::b","N/A","Missing","missing","cigarettes","[997,999]","don't know (997); refusal (998); not stated (999)","Cigarettes/day - former","# of cigarettes smoked each day - former daily smoker","","3.0.0-alpha","2026-01-04","active","Migrated from production. Converted deprecated _i suffix to _m. Extended PUMF to 2019-2023 (2021_p, 2023_p need DDI confirmation).",NA
"SMK_208","N/A","cont","cchs2001_p, cchs2003_p, cchs2005_p, cchs2007_2008_p, cchs2009_2010_p, cchs2010_p, cchs2011_2012_p, cchs2012_p, cchs2013_2014_p, cchs2014_p, cchs2015_2016_p, cchs2017_2018_p, cchs2009_m, cchs2010_m, cchs2012_m, cchs2001_m, cchs2003_m, cchs2005_m, cchs2007_2008_m, cchs2009_2010_m, cchs2011_2012_m, cchs2013_2014_m, cchs2015_2016_m, cchs2017_2018_m, cchs2019_2020_m, cchs2021_m, cchs2021_p, cchs2023_p, cchs2014_m","cchs2015_2016_m::SMK_045, cchs2017_2018_m::SMK_045, cchs2019_2020_m::SMK_045, cchs2021_m::SMK_045, cchs2001_m::SMKA_208, cchs2003_m::SMKC_208, cchs2005_m::SMKE_208, cchs2001_p::SMKA_208, cchs2003_p::SMKC_208, cchs2005_p::SMKE_208, cchs2015_2016_p::SMK_075, cchs2017_2018_p::SMK_075, [SMK_208]","ICES confirmed","cont","NA::b","N/A","Missing","missing","cigarettes","else","else","Cigarettes/day - former","# of cigarettes smoked each day - former daily smoker","","3.0.0-alpha","2026-01-04","active","Migrated from production. Converted deprecated _i suffix to _m. Extended PUMF to 2019-2023 (2021_p, 2023_p need DDI confirmation).",NA
"SMK_05C","N/A","cont","cchs2001_p, cchs2003_p, cchs2005_p, cchs2007_2008_p, cchs2009_2010_p, cchs2010_p, cchs2011_2012_p, cchs2012_p, cchs2013_2014_p, cchs2014_p, cchs2015_2016_p, cchs2017_2018_p, cchs2009_m, cchs2010_m, cchs2012_m, cchs2001_m, cchs2003_m, cchs2005_m, cchs2007_2008_m, cchs2009_2010_m, cchs2011_2012_m, cchs2013_2014_m, cchs2015_2016_m, cchs2017_2018_m, cchs2019_2020_m, cchs2021_m, cchs2021_p, cchs2023_p, cchs2014_m","cchs2015_2016_m::SMK_035, cchs2017_2018_m::SMK_035, cchs2019_2020_m::SMK_035, cchs2021_m::SMK_035, cchs2001_m::SMKA_05C, cchs2003_m::SMKC_05C, cchs2005_m::SMKE_05C, cchs2001_p::SMKA_05C, cchs2003_p::SMKC_05C, cchs2005_p::SMKE_05C, cchs2015_2016_p::SMK_055, cchs2017_2018_p::SMK_055, [SMK_05C]","ICES confirmed","cont","copy","N/A","Days smoked >= 1 cig","# days smoked at least 1 cigarette","days","[0,31]","# days smoked at least 1 cigarette","Days smoked - past month","In the past month, on how many days have you smoked 1 or more cigarettes?","","3.0.0-alpha","2026-01-04","active","Migrated from production. Converted deprecated _i suffix to _m. Extended PUMF to 2019-2023 (2021_p, 2023_p need DDI confirmation).",NA
"SMK_05C","N/A","cont","cchs2001_p, cchs2003_p, cchs2005_p, cchs2007_2008_p, cchs2009_2010_p, cchs2010_p, cchs2011_2012_p, cchs2012_p, cchs2013_2014_p, cchs2014_p, cchs2015_2016_p, cchs2017_2018_p, cchs2009_m, cchs2010_m, cchs2012_m, cchs2001_m, cchs2003_m, cchs2005_m, cchs2007_2008_m, cchs2009_2010_m, cchs2011_2012_m, cchs2013_2014_m, cchs2015_2016_m, cchs2017_2018_m, cchs2019_2020_m, cchs2021_m, cchs2021_p, cchs2023_p, cchs2014_m","cchs2015_2016_m::SMK_035, cchs2017_2018_m::SMK_035, cchs2019_2020_m::SMK_035, cchs2021_m::SMK_035, cchs2001_m::SMKA_05C, cchs2003_m::SMKC_05C, cchs2005_m::SMKE_05C, cchs2001_p::SMKA_05C, cchs2003_p::SMKC_05C, cchs2005_p::SMKE_05C, cchs2015_2016_p::SMK_055, cchs2017_2018_p::SMK_055, [SMK_05C]","ICES confirmed","cont","NA::a","N/A","not applicable","not applicable","days","96","not applicable","Days smoked - past month","In the past month, on how many days have you smoked 1 or more cigarettes?","","3.0.0-alpha","2026-01-04","active","Migrated from production. Converted deprecated _i suffix to _m. Extended PUMF to 2019-2023 (2021_p, 2023_p need DDI confirmation).",NA
"SMK_05C","N/A","cont","cchs2001_p, cchs2003_p, cchs2005_p, cchs2007_2008_p, cchs2009_2010_p, cchs2010_p, cchs2011_2012_p, cchs2012_p, cchs2013_2014_p, cchs2014_p, cchs2015_2016_p, cchs2017_2018_p, cchs2009_m, cchs2010_m, cchs2012_m, cchs2001_m, cchs2003_m, cchs2005_m, cchs2007_2008_m, cchs2009_2010_m, cchs2011_2012_m, cchs2013_2014_m, cchs2015_2016_m, cchs2017_2018_m, cchs2019_2020_m, cchs2021_m, cchs2021_p, cchs2023_p, cchs2014_m","cchs2015_2016_m::SMK_035, cchs2017_2018_m::SMK_035, cchs2019_2020_m::SMK_035, cchs2021_m::SMK_035, cchs2001_m::SMKA_05C, cchs2003_m::SMKC_05C, cchs2005_m::SMKE_05C, cchs2001_p::SMKA_05C, cchs2003_p::SMKC_05C, cchs2005_p::SMKE_05C, cchs2015_2016_p::SMK_055, cchs2017_2018_p::SMK_055, [SMK_05C]","ICES confirmed","cont","NA::b","N/A","Missing","missing","days","[97,99]","don't know (97); refusal (98); not stated (99)","Days smoked - past month","In the past month, on how many days have you smoked 1 or more cigarettes?","","3.0.0-alpha","2026-01-04","active","Migrated from production. Converted deprecated _i suffix to _m. Extended PUMF to 2019-2023 (2021_p, 2023_p need DDI confirmation).",NA
"SMK_05C","N/A","cont","cchs2001_p, cchs2003_p, cchs2005_p, cchs2007_2008_p, cchs2009_2010_p, cchs2010_p, cchs2011_2012_p, cchs2012_p, cchs2013_2014_p, cchs2014_p, cchs2015_2016_p, cchs2017_2018_p, cchs2009_m, cchs2010_m, cchs2012_m, cchs2001_m, cchs2003_m, cchs2005_m, cchs2007_2008_m, cchs2009_2010_m, cchs2011_2012_m, cchs2013_2014_m, cchs2015_2016_m, cchs2017_2018_m, cchs2019_2020_m, cchs2021_m, cchs2021_p, cchs2023_p, cchs2014_m","cchs2015_2016_m::SMK_035, cchs2017_2018_m::SMK_035, cchs2019_2020_m::SMK_035, cchs2021_m::SMK_035, cchs2001_m::SMKA_05C, cchs2003_m::SMKC_05C, cchs2005_m::SMKE_05C, cchs2001_p::SMKA_05C, cchs2003_p::SMKC_05C, cchs2005_p::SMKE_05C, cchs2015_2016_p::SMK_055, cchs2017_2018_p::SMK_055, [SMK_05C]","ICES confirmed","cont","NA::b","N/A","Missing","missing","days","else","else","Days smoked - past month","In the past month, on how many days have you smoked 1 or more cigarettes?","","3.0.0-alpha","2026-01-04","active","Migrated from production. Converted deprecated _i suffix to _m. Extended PUMF to 2019-2023 (2021_p, 2023_p need DDI confirmation).",NA
"pack_years_der","N/A","cont","cchs2001_p, cchs2003_p, cchs2005_p, cchs2007_2008_p, cchs2009_2010_p, cchs2011_2012_p, cchs2013_2014_p, cchs2015_2016_p, cchs2017_2018_p, cchs2019_2020_p, cchs2021_p, cchs2022_p, cchs2023_p","DerivedVar::[SMKDSTY_A, DHHGAGE_cont, SMKG203_cont, SMKG207_cont, SMKG01C_cont, time_quit_smoking, SMK_204, SMK_208, SMK_05B, SMK_05C, SMK_01A]",NA,"N/A","Func::calculate_pack_years","N/A","N/A","N/A","pack-years","[0,165]","Pack-years (PUMF)","Pack-years","Cumulative smoking exposure in pack-years","PUMF wrapper using midpoint-derived age variables. Valid output range: 0-165 pack-years (evidence-based from ATBC and Pain & Health studies).","3.0.0-alpha","2026-01-04","active","Clearer labels. Added Master 2001-2023, PUMF 2001-2018. Evidence-based range [0,165]. Extended PUMF to 2019-2023 (2021_p, 2023_p need DDI confirmation).",NA
"pack_years_der","N/A","cont","cchs2001_p, cchs2003_p, cchs2005_p, cchs2007_2008_p, cchs2009_2010_p, cchs2011_2012_p, cchs2013_2014_p, cchs2015_2016_p, cchs2017_2018_p, cchs2019_2020_p, cchs2021_p, cchs2022_p, cchs2023_p","DerivedVar::[SMKDSTY_A, DHHGAGE_cont, SMKG203_cont, SMKG207_cont, SMKG01C_cont, time_quit_smoking, SMK_204, SMK_208, SMK_05B, SMK_05C, SMK_01A]",NA,"N/A","NA::a","N/A","Not applicable","Not applicable (never smoker)","pack-years","N/A","Not applicable","Pack-years","Cumulative smoking exposure in pack-years","Valid skip - never smoker (SMKDSTY_A=6)","3.0.0-alpha","2026-01-04","active","Clearer labels. Added Master 2001-2023, PUMF 2001-2018. Evidence-based range [0,165]. Extended PUMF to 2019-2023 (2021_p, 2023_p need DDI confirmation).",NA
"pack_years_der","N/A","cont","cchs2001_p, cchs2003_p, cchs2005_p, cchs2007_2008_p, cchs2009_2010_p, cchs2011_2012_p, cchs2013_2014_p, cchs2015_2016_p, cchs2017_2018_p, cchs2019_2020_p, cchs2021_p, cchs2022_p, cchs2023_p","DerivedVar::[SMKDSTY_A, DHHGAGE_cont, SMKG203_cont, SMKG207_cont, SMKG01C_cont, time_quit_smoking, SMK_204, SMK_208, SMK_05B, SMK_05C, SMK_01A]",NA,"N/A","NA::b","N/A","Missing","Missing input data","pack-years","N/A","Missing","Pack-years","Cumulative smoking exposure in pack-years","Missing required input(s): status, age, initiation, or intensity","3.0.0-alpha","2026-01-04","active","Clearer labels. Added Master 2001-2023, PUMF 2001-2018. Evidence-based range [0,165]. Extended PUMF to 2019-2023 (2021_p, 2023_p need DDI confirmation).",NA
"pack_years_der","N/A","cont","cchs2001_m, cchs2003_m, cchs2005_m, cchs2007_2008_m, cchs2009_2010_m, cchs2011_2012_m, cchs2013_2014_m, cchs2015_2016_m, cchs2017_2018_m, cchs2019_2020_m, cchs2021_m, cchs2022_m, cchs2023_m","DerivedVar::[SMKDSTY_A, DHH_AGE, SMK_203, SMK_207, SMK_01C, time_quit_smoking, SMK_204, SMK_208, SMK_05B, SMK_05C, SMK_01A]",NA,"N/A","Func::calculate_pack_years","N/A","N/A","N/A","pack-years","[0,165]","Pack-years (Master)","Pack-years","Cumulative smoking exposure in pack-years","Master wrapper using true continuous age variables. Valid output range: 0-165 pack-years (evidence-based from ATBC and Pain & Health studies).","3.0.0-alpha","2026-01-04","active","Clearer labels. Added Master 2001-2023, PUMF 2001-2018. Evidence-based range [0,165].",NA
"pack_years_der","N/A","cont","cchs2001_m, cchs2003_m, cchs2005_m, cchs2007_2008_m, cchs2009_2010_m, cchs2011_2012_m, cchs2013_2014_m, cchs2015_2016_m, cchs2017_2018_m, cchs2019_2020_m, cchs2021_m, cchs2022_m, cchs2023_m","DerivedVar::[SMKDSTY_A, DHH_AGE, SMK_203, SMK_207, SMK_01C, time_quit_smoking, SMK_204, SMK_208, SMK_05B, SMK_05C, SMK_01A]",NA,"N/A","NA::a","N/A","Not applicable","Not applicable (never smoker)","pack-years","N/A","Not applicable","Pack-years","Cumulative smoking exposure in pack-years","Valid skip - never smoker (SMKDSTY_A=6)","3.0.0-alpha","2026-01-04","active","Clearer labels. Added Master 2001-2023, PUMF 2001-2018. Evidence-based range [0,165].",NA
"pack_years_der","N/A","cont","cchs2001_m, cchs2003_m, cchs2005_m, cchs2007_2008_m, cchs2009_2010_m, cchs2011_2012_m, cchs2013_2014_m, cchs2015_2016_m, cchs2017_2018_m, cchs2019_2020_m, cchs2021_m, cchs2022_m, cchs2023_m","DerivedVar::[SMKDSTY_A, DHH_AGE, SMK_203, SMK_207, SMK_01C, time_quit_smoking, SMK_204, SMK_208, SMK_05B, SMK_05C, SMK_01A]",NA,"N/A","NA::b","N/A","Missing","Missing input data","pack-years","N/A","Missing","Pack-years","Cumulative smoking exposure in pack-years","Missing required input(s): status, age, initiation, or intensity","3.0.0-alpha","2026-01-04","active","Clearer labels. Added Master 2001-2023, PUMF 2001-2018. Evidence-based range [0,165].",NA
"pack_years_cat","N/A","cat","cchs2001_p, cchs2003_p, cchs2005_p, cchs2007_2008_p, cchs2009_2010_p, cchs2011_2012_p, cchs2013_2014_p, cchs2015_2016_p, cchs2017_2018_p, cchs2001_m, cchs2003_m, cchs2005_m, cchs2007_2008_m, cchs2009_2010_m, cchs2011_2012_m, cchs2013_2014_m, cchs2015_2016_m, cchs2017_2018_m, cchs2019_2020_m, cchs2021_m, cchs2022_m, cchs2023_m, cchs2019_2020_p, cchs2021_p, cchs2022_p, cchs2023_p","DerivedVar::[pack_years_der]",NA,"N/A","Func::calculate_pack_years_categorical","5","N/A","N/A","N/A","N/A","Pack-years category","Pack-years (5-cat)","Cumulative smoking exposure in pack-years (5-category)","DEFERRED: Category boundaries pending epidemiological review.","3.0.0-alpha","2026-01-04","pending_review","Category cut-points (0, <10, 10-20, 20-30, 30+) require validation against epidemiological literature before activation. Extended PUMF to 2019-2023 (2021_p, 2023_p need DDI confirmation).",NA
"pack_years_cat","pack_years_cat_0","cat","cchs2001_p, cchs2003_p, cchs2005_p, cchs2007_2008_p, cchs2009_2010_p, cchs2011_2012_p, cchs2013_2014_p, cchs2015_2016_p, cchs2017_2018_p, cchs2001_m, cchs2003_m, cchs2005_m, cchs2007_2008_m, cchs2009_2010_m, cchs2011_2012_m, cchs2013_2014_m, cchs2015_2016_m, cchs2017_2018_m, cchs2019_2020_m, cchs2021_m, cchs2022_m, cchs2023_m, cchs2019_2020_p, cchs2021_p, cchs2022_p, cchs2023_p","DerivedVar::[pack_years_der]",NA,"N/A","0","5","Never smoker","Never smoker (0 pack-years)","","0","Never smoker","Pack-years (5-cat)","Cumulative smoking exposure in pack-years (5-category)","pack_years_der == 0","3.0.0-alpha","2026-01-04","pending_review","Clearer labels. 5-category. Status=pending: cut-points need epi review. Extended PUMF to 2019-2023 (2021_p, 2023_p need DDI confirmation).",NA
"pack_years_cat","pack_years_cat_1","cat","cchs2001_p, cchs2003_p, cchs2005_p, cchs2007_2008_p, cchs2009_2010_p, cchs2011_2012_p, cchs2013_2014_p, cchs2015_2016_p, cchs2017_2018_p, cchs2001_m, cchs2003_m, cchs2005_m, cchs2007_2008_m, cchs2009_2010_m, cchs2011_2012_m, cchs2013_2014_m, cchs2015_2016_m, cchs2017_2018_m, cchs2019_2020_m, cchs2021_m, cchs2022_m, cchs2023_m, cchs2019_2020_p, cchs2021_p, cchs2022_p, cchs2023_p","DerivedVar::[pack_years_der]",NA,"N/A","1","5","Light (<10)","Light smoker (less than 10 pack-years)","","[0.001,9.999]","Light","Pack-years (5-cat)","Cumulative smoking exposure in pack-years (5-category)","pack_years_der > 0 & pack_years_der < 10","3.0.0-alpha","2026-01-04","pending_review","Clearer labels. 5-category. Status=pending: cut-points need epi review. Extended PUMF to 2019-2023 (2021_p, 2023_p need DDI confirmation).",NA
"pack_years_cat","pack_years_cat_2","cat","cchs2001_p, cchs2003_p, cchs2005_p, cchs2007_2008_p, cchs2009_2010_p, cchs2011_2012_p, cchs2013_2014_p, cchs2015_2016_p, cchs2017_2018_p, cchs2001_m, cchs2003_m, cchs2005_m, cchs2007_2008_m, cchs2009_2010_m, cchs2011_2012_m, cchs2013_2014_m, cchs2015_2016_m, cchs2017_2018_m, cchs2019_2020_m, cchs2021_m, cchs2022_m, cchs2023_m, cchs2019_2020_p, cchs2021_p, cchs2022_p, cchs2023_p","DerivedVar::[pack_years_der]",NA,"N/A","2","5","Moderate (10-20)","Moderate smoker (10 to less than 20 pack-years)","","[10,19.999]","Moderate","Pack-years (5-cat)","Cumulative smoking exposure in pack-years (5-category)","pack_years_der >= 10 & pack_years_der < 20","3.0.0-alpha","2026-01-04","pending_review","Clearer labels. 5-category. Status=pending: cut-points need epi review. Extended PUMF to 2019-2023 (2021_p, 2023_p need DDI confirmation).",NA
"pack_years_cat","pack_years_cat_3","cat","cchs2001_p, cchs2003_p, cchs2005_p, cchs2007_2008_p, cchs2009_2010_p, cchs2011_2012_p, cchs2013_2014_p, cchs2015_2016_p, cchs2017_2018_p, cchs2001_m, cchs2003_m, cchs2005_m, cchs2007_2008_m, cchs2009_2010_m, cchs2011_2012_m, cchs2013_2014_m, cchs2015_2016_m, cchs2017_2018_m, cchs2019_2020_m, cchs2021_m, cchs2022_m, cchs2023_m, cchs2019_2020_p, cchs2021_p, cchs2022_p, cchs2023_p","DerivedVar::[pack_years_der]",NA,"N/A","3","5","Heavy (20-30)","Heavy smoker (20 to less than 30 pack-years)","","[20,29.999]","Heavy","Pack-years (5-cat)","Cumulative smoking exposure in pack-years (5-category)","pack_years_der >= 20 & pack_years_der < 30","3.0.0-alpha","2026-01-04","pending_review","Clearer labels. 5-category. Status=pending: cut-points need epi review. Extended PUMF to 2019-2023 (2021_p, 2023_p need DDI confirmation).",NA
"pack_years_cat","pack_years_cat_4","cat","cchs2001_p, cchs2003_p, cchs2005_p, cchs2007_2008_p, cchs2009_2010_p, cchs2011_2012_p, cchs2013_2014_p, cchs2015_2016_p, cchs2017_2018_p, cchs2001_m, cchs2003_m, cchs2005_m, cchs2007_2008_m, cchs2009_2010_m, cchs2011_2012_m, cchs2013_2014_m, cchs2015_2016_m, cchs2017_2018_m, cchs2019_2020_m, cchs2021_m, cchs2022_m, cchs2023_m, cchs2019_2020_p, cchs2021_p, cchs2022_p, cchs2023_p","DerivedVar::[pack_years_der]",NA,"N/A","4","5","Very heavy (30+)","Very heavy smoker (30 or more pack-years)","","[30,165]","Very heavy","Pack-years (5-cat)","Cumulative smoking exposure in pack-years (5-category)","pack_years_der >= 30 & pack_years_der <= 165","3.0.0-alpha","2026-01-04","pending_review","Clearer labels. 5-category. Status=pending: cut-points need epi review. Extended PUMF to 2019-2023 (2021_p, 2023_p need DDI confirmation).",NA
"pack_years_cat","pack_years_cat_NAa","cat","cchs2001_p, cchs2003_p, cchs2005_p, cchs2007_2008_p, cchs2009_2010_p, cchs2011_2012_p, cchs2013_2014_p, cchs2015_2016_p, cchs2017_2018_p, cchs2001_m, cchs2003_m, cchs2005_m, cchs2007_2008_m, cchs2009_2010_m, cchs2011_2012_m, cchs2013_2014_m, cchs2015_2016_m, cchs2017_2018_m, cchs2019_2020_m, cchs2021_m, cchs2022_m, cchs2023_m, cchs2019_2020_p, cchs2021_p, cchs2022_p, cchs2023_p","DerivedVar::[pack_years_der]",NA,"N/A","NA::a","5","Not applicable","Not applicable (never smoker)","","N/A","Not applicable","Pack-years (5-cat)","Cumulative smoking exposure in pack-years (5-category)","pack_years_der is NA::a","3.0.0-alpha","2026-01-04","pending_review","Clearer labels. 5-category. Status=pending: cut-points need epi review. Extended PUMF to 2019-2023 (2021_p, 2023_p need DDI confirmation).",NA
"pack_years_cat","pack_years_cat_NAb","cat","cchs2001_p, cchs2003_p, cchs2005_p, cchs2007_2008_p, cchs2009_2010_p, cchs2011_2012_p, cchs2013_2014_p, cchs2015_2016_p, cchs2017_2018_p, cchs2001_m, cchs2003_m, cchs2005_m, cchs2007_2008_m, cchs2009_2010_m, cchs2011_2012_m, cchs2013_2014_m, cchs2015_2016_m, cchs2017_2018_m, cchs2019_2020_m, cchs2021_m, cchs2022_m, cchs2023_m, cchs2019_2020_p, cchs2021_p, cchs2022_p, cchs2023_p","DerivedVar::[pack_years_der]",NA,"N/A","NA::b","5","Missing","Missing input data","","N/A","Missing","Pack-years (5-cat)","Cumulative smoking exposure in pack-years (5-category)","pack_years_der is NA::b","3.0.0-alpha","2026-01-04","pending_review","Clearer labels. 5-category. Status=pending: cut-points need epi review. Extended PUMF to 2019-2023 (2021_p, 2023_p need DDI confirmation).",NA
