variable,label,labelLong,variableType,databaseStart,variableStart,subject,section,units,notes,description,version,lastUpdated,reviewNotes,ICES.confirmation,Observation..MD.,status,versionNotes
active_transport,Daily active transportation,Time spent - active transportation daily,Continuous,"cchs2001_p, cchs2003_p, cchs2005_p, cchs2007_2008_p, cchs2009_2010_p, cchs2010_p, cchs2011_2012_p, cchs2012_p, cchs2013_2014_p, cchs2014_p, cchs2015_2016_p, cchs2017_2018_p, cchs2009_s, cchs2010_s, cchs2012_s","DerivedVar::[PAC_4A_cont, PAC_4B_cont], DerivedVar::[PAC_7, PAC_7A, PAC_7B_cont, PAC_8, PAC_8A, PAC_8B_cont], DerivedVar::[PAYDVTTR, PAADVTRV]",Exercise,Health behaviour,mins,,,2.2.0,2025-06-30,Variable metadata completed,,,active,
ADL_01,Help preparing meals,Needs help - preparing meals,Categorical,"cchs2001_p, cchs2003_p, cchs2005_p, cchs2007_2008_p, cchs2009_2010_p, cchs2010_p, cchs2011_2012_p, cchs2012_p, cchs2013_2014_p, cchs2014_p, cchs2015_2016_p, cchs2017_2018_p, cchs2009_s, cchs2010_s, cchs2012_s","cchs2001_p::RACA_6A, cchs2003_p::RACC_6A, cchs2005_p::RACE_6A, cchs2007_2008_p::RAC_6A, cchs2015_2016_p::ADL_005, cchs2017_2018_p::ADL_005, [ADL_01]",ADL,Health status,N/A,,,2.2.0,2025-06-30,Variable metadata completed,,,active,
ADL_01_A,Help preparing meals,Needs help - preparing meals,Categorical,"cchs2015_2016_p, cchs2017_2018_p",[ADL_005],ADL,Health status,N/A,,"For 2015 onwards, question was reword to 'Because of any physical condition, mental condition or health problem, do you have any difficulty with preparing meals?' If they needed help from another person, it is indicated in the answer categories (Yes need help or Yes no help). In the universe, respondents must said yes to ""Activities of daily living"" before answering this question, therefore the sample size is small.",2.2.0,2025-06-30,Variable metadata completed,,,active,
ADL_02,Help appointments/errands,Needs help - getting to appointments/errands,Categorical,"cchs2001_p, cchs2003_p, cchs2005_p, cchs2007_2008_p, cchs2009_2010_p, cchs2010_p, cchs2011_2012_p, cchs2012_p, cchs2013_2014_p, cchs2014_p, cchs2015_2016_p, cchs2017_2018_p, cchs2009_s, cchs2010_s, cchs2012_s","cchs2001_p::RACA_6B, cchs2003_p::RACC_6B1, cchs2005_p::RACE_6B1, cchs2007_2008_p::RAC_6B1, cchs2015_2016_p::ADL_010, cchs2017_2018_p::ADL_010, [ADL_02]",ADL,Health status,N/A,,,2.2.0,2025-06-30,Variable metadata completed,,,active,
ADL_02_A,Help appointments/errands,Needs help - getting to appointments/errands,Categorical,"cchs2015_2016_p, cchs2017_2018_p",[ADL_010],ADL,Health status,N/A,,"For 2015 onwards, question was reword to 'Because of any physical condition, mental condition or health problem, do you have any difficulty with running errands such as shopping for groceries?' If they needed help from another person, it is indicated in the answer categories (Yes need help or Yes no help). In the universe, respondents must said yes to ""Activities of daily living"" before answering this question, therefore the sample size is small.",2.2.0,2025-06-30,Variable metadata completed,,,active,
ADL_03,Help housework,Needs help - doing housework,Categorical,"cchs2001_p, cchs2003_p, cchs2005_p, cchs2007_2008_p, cchs2009_2010_p, cchs2010_p, cchs2011_2012_p, cchs2012_p, cchs2013_2014_p, cchs2014_p, cchs2015_2016_p, cchs2017_2018_p, cchs2009_s, cchs2010_s, cchs2012_s","cchs2001_p::RACA_6C, cchs2003_p::RACC_6C, cchs2005_p::RACE_6C, cchs2007_2008_p::RAC_6C, cchs2015_2016_p::ADL_015, cchs2017_2018_p::ADL_015, [ADL_03]",ADL,Health status,N/A,,,2.2.0,2025-06-30,Variable metadata completed,,,active,
ADL_03_A,Help housework,Needs help - doing housework,Categorical,"cchs2015_2016_p, cchs2017_2018_p",[ADL_015],ADL,Health status,N/A,,,2.2.0,2025-06-30,Variable metadata completed,,,active,
ADL_04,Help personal care,Needs help - personal care,Categorical,"cchs2001_p, cchs2003_p, cchs2005_p, cchs2007_2008_p, cchs2009_2010_p, cchs2010_p, cchs2011_2012_p, cchs2012_p, cchs2013_2014_p, cchs2014_p, cchs2015_2016_p, cchs2017_2018_p, cchs2009_s, cchs2010_s, cchs2012_s","cchs2001_p::RACA_6E, cchs2003_p::RACC_6E, cchs2005_p::RACE_6E, cchs2007_2008_p::RAC_6E, cchs2015_2016_p::ADL_020, cchs2017_2018_p::ADL_020[ADL_04]",ADL,Health status,N/A,,,2.2.0,2025-06-30,Variable metadata completed,,,active,
ADL_04_A,Help personal care,Needs help - personal care,Categorical,"cchs2015_2016_p, cchs2017_2018_p",[ADL_020],ADL,Health status,N/A,,,2.2.0,2025-06-30,Variable metadata completed,,,active,
ADL_05,Help move inside house,Needs help - moving about inside house,Categorical,"cchs2001_p, cchs2003_p, cchs2005_p, cchs2007_2008_p, cchs2009_2010_p, cchs2010_p, cchs2011_2012_p, cchs2012_p, cchs2013_2014_p, cchs2014_p, cchs2015_2016_p, cchs2017_2018_p, cchs2009_s, cchs2010_s, cchs2012_s","cchs2001_p::RACA_6F, cchs2003_p::RACC_6F, cchs2005_p::RACE_6F, cchs2007_2008_p::RAC_6F, cchs2015_2016_p::ADL_025, cchs2017_2018_p::ADL_025, [ADL_05]",ADL,Health status,N/A,,,2.2.0,2025-06-30,Variable metadata completed,,,active,
ADL_05_A,Help move inside house,Needs help - moving about inside house,Categorical,"cchs2015_2016_p, cchs2017_2018_p",[ADL_025],ADL,Health status,N/A,,,2.2.0,2025-06-30,Variable metadata completed,,,active,
ADL_06,Help personal finances,Needs help - looking after finances,Categorical,"cchs2003_p, cchs2005_p, cchs2007_2008_p, cchs2009_2010_p, cchs2010_p, cchs2011_2012_p, cchs2012_p, cchs2013_2014_p, cchs2014_p, cchs2015_2016_p, cchs2017_2018_p, cchs2009_s, cchs2010_s, cchs2012_s","cchs2003_p::RACC_6G, cchs2005_p::RACE_6G, cchs2007_2008_p::RAC_6G, cchs2015_2016_p::ADL_030, cchs2017_2018_p::ADL_030, [ADL_06]",ADL,Health status,N/A,,,2.2.0,2025-06-30,Variable metadata completed,,,active,
ADL_06_A,Help personal finances,Needs help - looking after finances,Categorical,"cchs2015_2016_p, cchs2017_2018_p",[ADL_030],ADL,Health status,N/A,,,2.2.0,2025-06-30,Variable metadata completed,,,active,
ADL_07,Help heavy household chores,Needs help - heavy household chores,Categorical,"cchs2001_p, cchs2003_p, cchs2005_p","cchs2001_p::RACA_6D, cchs2003_p::RACC_6D, cchs2005_p::RACE_6D",ADL,Health status,N/A,,,2.2.0,2025-06-30,Variable metadata completed,,,active,
ADL_der,Derived help tasks,Derived needs help with tasks,Categorical,"cchs2001_p, cchs2003_p, cchs2005_p, cchs2007_2008_p, cchs2009_2010_p, cchs2010_p, cchs2011_2012_p, cchs2012_p, cchs2013_2014_p, cchs2014_p, cchs2015_2016_p, cchs2017_2018_p, cchs2009_s, cchs2010_s, cchs2012_s","DerivedVar::[ADL_01, ADL_02, ADL_03, ADL_04, ADL_05]",ADL,Health status,N/A,,,2.2.0,2025-06-30,Variable metadata completed,,,active,
ADL_score_5,ADL score,"Derived using the ADL variables common to all cycles from 2001 to 2014 (ADL_01,  ADL_02,  ADL_03,  ADL_04, ADL_05) to represent the number of tasks that an individual needs help with.",Categorical,"cchs2001_p, cchs2003_p, cchs2005_p, cchs2007_2008_p, cchs2009_2010_p, cchs2010_p, cchs2011_2012_p, cchs2012_p, cchs2013_2014_p, cchs2014_p, cchs2015_2016_p, cchs2017_2018_p, cchs2009_s, cchs2010_s, cchs2012_s","DerivedVar::[ADL_01, ADL_02, ADL_03, ADL_04, ADL_05]",ADL,Health status,N/A,,,2.2.0,2025-06-30,Variable metadata completed,,,active,
ADLF6R,Help tasks,Needs help with at least one task - (F),Categorical,"cchs2001_p, cchs2003_p, cchs2005_p, cchs2007_2008_p, cchs2009_2010_p, cchs2010_p, cchs2011_2012_p, cchs2012_p, cchs2013_2014_p, cchs2014_p, cchs2009_s, cchs2010_s, cchs2012_s","cchs2001_p::RACAF6, cchs2003_p::RACCF6R, cchs2005_p::RACEF6R, cchs2007_2008_p::RACF6R, [ADLF6R]",ADL,Health status,N/A,,,2.2.0,2025-06-30,Variable metadata completed,,,active,
ADM_RNO,Sequential record number,Sequential record number,Continuous,"cchs2001_p, cchs2003_p, cchs2005_p, cchs2007_2008_p, cchs2009_2010_p, cchs2010_p, cchs2011_2012_p, cchs2012_p, cchs2013_2014_p, cchs2014_p, cchs2015_2016_p, cchs2017_2018_p","cchs2001_p::ADMA_RNO, cchs2003_p::ADMC_RNO, cchs2005_p::ADME_RNO, [ADM_RNO]",N/A,N/A,N/A,,,2.2.0,2025-06-30,Variable metadata completed,,,active,
age_first_cigarette,Age 1st cig (ever)*,Age smoked first whole cigarette (unified),Continuous,"cchs2001_p, cchs2003_p, cchs2005_p, cchs2007_2008_p, cchs2009_2010_p, cchs2010_p, cchs2011_2012_p, cchs2012_p, cchs2013_2014_p, cchs2014_p, cchs2015_2016_p, cchs2017_2018_p, cchs2019_2020_p, cchs2001_m, cchs2003_m, cchs2005_m, cchs2007_2008_m, cchs2009_2010_m, cchs2009_m, cchs2010_m, cchs2011_2012_m, cchs2012_m, cchs2013_2014_m, cchs2014_m, cchs2015_2016_m, cchs2017_2018_m, cchs2019_2020_m, cchs2021_m, cchs2022_m, cchs2023_m","DerivedVar::[SMKG01C_cont, SMK_01C]",smoking,Health behaviour,years,{recommended:primary} {sub_subject:initiation} Universe: ever smoked 100+ cigarettes (SMK_01A == 1). Priority: SMK_01C (Master exact) > SMKG01C_cont (PUMF midpoint). PUMF: 2001-2021 via SMKG01C_cont. Master: 2001-2023 via SMK_01C.,Unified continuous age smoked first whole cigarette. Master: exact values; PUMF: category midpoint estimation.,3.0.0-alpha,2026-02-23,,,,active,
age_start_smoking,Age daily (ever)*,Age started smoking cigarettes daily (unified),Continuous,"cchs2001_p, cchs2003_p, cchs2005_p, cchs2007_2008_p, cchs2009_2010_p, cchs2010_p, cchs2011_2012_p, cchs2012_p, cchs2013_2014_p, cchs2014_p, cchs2015_2016_p, cchs2017_2018_p, cchs2019_2020_p, cchs2001_m, cchs2003_m, cchs2005_m, cchs2007_2008_m, cchs2009_2010_m, cchs2009_m, cchs2010_m, cchs2011_2012_m, cchs2012_m, cchs2013_2014_m, cchs2014_m, cchs2015_2016_m, cchs2017_2018_m, cchs2019_2020_m, cchs2021_m, cchs2022_m, cchs2023_m","DerivedVar::[SMKG040_cont, SMK_040]",smoking,Health behaviour,years,"{recommended:primary} {sub_subject:initiation} Universe: all ever-daily smokers (SMKDSTY 1, 2, 4). Priority: SMK_040 (Master exact) > SMKG040_cont (PUMF midpoint ~+/-3 years). PUMF: 2001-2021 via SMKG040_cont. Master: 2001-2023 via SMK_040.",Unified continuous age started smoking daily. Master: exact values; PUMF: category midpoint estimation.,3.0.0-alpha,2026-02-23,,,,active,
ALC_005,Alcohol in lifetime,"In lifetime, ever drank alcohol?",Categorical,"cchs2001_p, cchs2003_p, cchs2005_p, cchs2007_2008_p, cchs2015_2016_p, cchs2017_2018_p","cchs2001_p::ALCA_5B, cchs2003_p::ALCC_5B, cchs2005_p::ALCE_5B, cchs2007_2008_p::ALN_1, [ALC_005]",Alcohol,Health behaviour,N/A,,,2.2.0,2025-06-30,Variable metadata completed,,,active,
ALC_1,Alcohol past year,"Past year, have you drank alcohol",Categorical,"cchs2001_p, cchs2003_p, cchs2005_p, cchs2007_2008_p, cchs2009_2010_p, cchs2010_p, cchs2011_2012_p, cchs2012_p, cchs2013_2014_p, cchs2014_p, cchs2015_2016_p, cchs2017_2018_p, cchs2009_s, cchs2010_s, cchs2012_s","cchs2001_p::ALCA_1, cchs2003_p::ALCC_1, cchs2005_p::ALCE_1, cchs2015_2016_p::ALC_010, cchs2017_2018_p::ALC_010, [ALC_1]",Alcohol,Health behaviour,N/A,,,2.2.0,2025-06-30,Variable metadata completed,,,active,
ALCDTTM,Drinker type (last 12 months),Type of drinker (12 months),Categorical,"cchs2001_p, cchs2003_p, cchs2005_p, cchs2007_2008_p, cchs2009_2010_p, cchs2010_p, cchs2011_2012_p, cchs2012_p, cchs2013_2014_p, cchs2014_p, cchs2015_2016_p, cchs2017_2018_p, cchs2009_s, cchs2010_s, cchs2012_s","cchs2001_p::ALCADTYP, cchs2003_p::ALCCDTYP, cchs2005_p::ALCEDTYP, cchs2015_2016_p::ALCDVTTM, cchs2017_2018_p::ALCDVTTM, [ALCDTTM]",Alcohol,Health behaviour,N/A,,,2.2.0,2025-06-30,Variable metadata completed,,,active,
ALCDTYP,Drinker type,Type of drinker - (D),Categorical,"cchs2001_p, cchs2003_p, cchs2005_p, cchs2007_2008_p","cchs2001_p::ALCADTYP, cchs2003_p::ALCCDTYP, cchs2005_p::ALCEDTYP, [ALNDTYP]",Alcohol,Health behaviour,N/A,,,2.2.0,2025-06-30,Variable metadata completed,,,active,
ALW_1,Any alcohol past week,"Past week, had any alcohol",Categorical,"cchs2001_p, cchs2003_p, cchs2005_p, cchs2007_2008_p, cchs2009_2010_p, cchs2010_p, cchs2011_2012_p, cchs2012_p, cchs2013_2014_p, cchs2014_p, cchs2015_2016_p, cchs2017_2018_p, cchs2009_s,  cchs2010_s, cchs2012_s","cchs2001_p::ALCA_5, cchs2003_p::ALCC_5, cchs2005_p::ALCE_5, cchs2015_2016_p::ALW_005, cchs2017_2018_p::ALW_005, [ALW_1]",Alcohol,Health behaviour,N/A,,,2.2.0,2025-06-30,Variable metadata completed,,,active,
ALW_2A1,# of drinks - Sunday,Number of drinks on Sunday,Continuous,"cchs2001_p, cchs2003_p, cchs2005_p, cchs2007_2008_p, cchs2009_2010_p, cchs2010_p, cchs2011_2012_p, cchs2012_p, cchs2013_2014_p, cchs2014_p, cchs2015_2016_p, cchs2017_2018_p, cchs2009_s,  cchs2010_s, cchs2012_s","cchs2001_p::ALCA_5A1, cchs2003_p::ALCC_5A1, cchs2005_p::ALCE_5A1, cchs2015_2016_p::ALW_010, cchs2017_2018_p::ALW_010, [ALW_2A1]",Alcohol,Health behaviour,drinks,,,2.2.0,2025-06-30,Variable metadata completed,,,active,
ALW_2A2,# of drinks - Monday,Number of drinks on Monday,Continuous,"cchs2001_p, cchs2003_p, cchs2005_p, cchs2007_2008_p, cchs2009_2010_p, cchs2010_p, cchs2011_2012_p, cchs2012_p, cchs2013_2014_p, cchs2014_p, cchs2015_2016_p, cchs2017_2018_p, cchs2009_s,  cchs2010_s, cchs2012_s","cchs2001_p::ALCA_5A2, cchs2003_p::ALCC_5A2, cchs2005_p::ALCE_5A2, cchs2015_2016_p::ALW_015, cchs2017_2018_p::ALW_015, [ALW_2A2]",Alcohol,Health behaviour,drinks,,,2.2.0,2025-06-30,Variable metadata completed,,,active,
ALW_2A3,# of drinks - Tuesday,Number of drinks on Tuesday,Continuous,"cchs2001_p, cchs2003_p, cchs2005_p, cchs2007_2008_p, cchs2009_2010_p, cchs2010_p, cchs2011_2012_p, cchs2012_p, cchs2013_2014_p, cchs2014_p, cchs2015_2016_p, cchs2017_2018_p, cchs2009_s,  cchs2010_s, cchs2012_s","cchs2001_p::ALCA_5A3, cchs2003_p::ALCC_5A3, cchs2005_p::ALCE_5A3, cchs2015_2016_p::ALW_020, cchs2017_2018_p::ALW_020, [ALW_2A3]",Alcohol,Health behaviour,drinks,,,2.2.0,2025-06-30,Variable metadata completed,,,active,
ALW_2A4,# of drinks - Wednesday,Number of drinks on Wednesday,Continuous,"cchs2001_p, cchs2003_p, cchs2005_p, cchs2007_2008_p, cchs2009_2010_p, cchs2010_p, cchs2011_2012_p, cchs2012_p, cchs2013_2014_p, cchs2014_p, cchs2015_2016_p, cchs2017_2018_p, cchs2009_s,  cchs2010_s, cchs2012_s","cchs2001_p::ALCA_5A4, cchs2003_p::ALCC_5A4, cchs2005_p::ALCE_5A4, cchs2015_2016_p::ALW_025, cchs2017_2018_p::ALW_025, [ALW_2A4]",Alcohol,Health behaviour,drinks,,,2.2.0,2025-06-30,Variable metadata completed,,,active,
ALW_2A5,# of drinks - Thursday,Number of drinks on Thursday,Continuous,"cchs2001_p, cchs2003_p, cchs2005_p, cchs2007_2008_p, cchs2009_2010_p, cchs2010_p, cchs2011_2012_p, cchs2012_p, cchs2013_2014_p, cchs2014_p, cchs2015_2016_p, cchs2017_2018_p, cchs2009_s,  cchs2010_s, cchs2012_s","cchs2001_p::ALCA_5A5, cchs2003_p::ALCC_5A5, cchs2005_p::ALCE_5A5, cchs2015_2016_p::ALW_030, cchs2017_2018_p::ALW_030, [ALW_2A5]",Alcohol,Health behaviour,drinks,,,2.2.0,2025-06-30,Variable metadata completed,,,active,
ALW_2A6,# of drinks - Friday,Number of drinks on Friday,Continuous,"cchs2001_p, cchs2003_p, cchs2005_p, cchs2007_2008_p, cchs2009_2010_p, cchs2010_p, cchs2011_2012_p, cchs2012_p, cchs2013_2014_p, cchs2014_p, cchs2015_2016_p, cchs2017_2018_p, cchs2009_s,  cchs2010_s, cchs2012_s","cchs2001_p::ALCA_5A6, cchs2003_p::ALCC_5A6, cchs2005_p::ALCE_5A6, cchs2015_2016_p::ALW_035, cchs2017_2018_p::ALW_035, [ALW_2A6]",Alcohol,Health behaviour,drinks,,,2.2.0,2025-06-30,Variable metadata completed,,,active,
ALW_2A7,# of drinks - Saturday,Number of drinks on Saturday,Continuous,"cchs2001_p, cchs2003_p, cchs2005_p, cchs2007_2008_p, cchs2009_2010_p, cchs2010_p, cchs2011_2012_p, cchs2012_p, cchs2013_2014_p, cchs2014_p, cchs2015_2016_p, cchs2017_2018_p, cchs2009_s,  cchs2010_s, cchs2012_s","cchs2001_p::ALCA_5A7, cchs2003_p::ALCC_5A7, cchs2005_p::ALCE_5A7, cchs2015_2016_p::ALW_040, cchs2017_2018_p::ALW_040, [ALW_2A7]",Alcohol,Health behaviour,drinks,,,2.2.0,2025-06-30,Variable metadata completed,,,active,
ALWDDLY,Average daily consumption,Average daily alcohol consumption,Continuous,"cchs2001_p, cchs2003_p, cchs2005_p, cchs2007_2008_p, cchs2009_2010_p, cchs2010_p, cchs2011_2012_p, cchs2012_p, cchs2013_2014_p, cchs2014_p, cchs2015_2016_p, cchs2017_2018_p, cchs2009_s,  cchs2010_s, cchs2012_s","cchs2001_p::ALCADDLY , cchs2003_p::ALCCDDLY , cchs2005_p::ALCEDDLY, cchs2015_2016_p::ALWDVDLY, cchs2017_2018_p::ALWDVDLY, [ALWDDLY]",Alcohol,Health behaviour,drinks/day,,,2.2.0,2025-06-30,Variable metadata completed,,,active,
ALWDVLTR_der,Long Term Drinking Risk,Low drinking - Increased long term risks due to drinking,Categorical,"cchs2001_p, cchs2003_p, cchs2005_p, cchs2007_2008_p, cchs2009_2010_p, cchs2010_p, cchs2011_2012_p, cchs2012_p, cchs2013_2014_p, cchs2014_p, cchs2015_2016_p, cchs2017_2018_p, cchs2009_s,  cchs2010_s, cchs2012_s","DerivedVar::[DHH_SEX, ALWDWKY, ALC_1, ALW_1, ALW_2A1, ALW_2A2, ALW_2A3, ALW_2A4, ALW_2A5, ALW_2A6, ALW_2A7]",Alcohol,Health behaviour,N/A,,Risk based on Canada's Low Risk Alcohol Drinking Guidelines. Refer to https://osf.io/ykau5/ .,2.2.0,2025-06-30,Variable metadata completed,,,active,
ALWDVSTR_der,Short Term Drinking Risk,Low drinking - Increased short term risks due to drinking,Categorical,"cchs2001_p, cchs2003_p, cchs2005_p, cchs2007_2008_p, cchs2009_2010_p, cchs2010_p, cchs2011_2012_p, cchs2012_p, cchs2013_2014_p, cchs2014_p, cchs2015_2016_p, cchs2017_2018_p, cchs2009_s,  cchs2010_s, cchs2012_s","DerivedVar::[DHH_SEX, ALWDWKY, ALC_1, ALW_1, ALW_2A1, ALW_2A2, ALW_2A3, ALW_2A4, ALW_2A5, ALW_2A6, ALW_2A7]",Alcohol,Health behaviour,N/A,,Risk based on Canada's Low Risk Alcohol Drinking Guidelines. Refer to https://osf.io/ykau5/ .,2.2.0,2025-06-30,Variable metadata completed,,,active,
ALWDWKY,Drinks last week,Weekly consumption of alcohol,Continuous,"cchs2001_p, cchs2003_p, cchs2005_p, cchs2007_2008_p, cchs2009_2010_p, cchs2010_p, cchs2011_2012_p, cchs2012_p, cchs2013_2014_p, cchs2014_p, cchs2015_2016_p, cchs2017_2018_p, cchs2009_s,  cchs2010_s, cchs2012_s","cchs2001_p::ALCADWKY, cchs2003_p::ALCCDWKY, cchs2005_p::ALCEDWKY, cchs2015_2016_p::ALWDVWKY, cchs2017_2018_p::ALWDVWKY, [ALWDWKY]",Alcohol,Health behaviour,drinks/week,,,2.2.0,2025-06-30,Variable metadata completed,,,active,
binge_drinker,Binge Drinker,Binge Drinker,Categorical,"cchs2001_p, cchs2003_p, cchs2005_p, cchs2007_2008_p, cchs2009_2010_p, cchs2010_p, cchs2011_2012_p, cchs2012_p, cchs2013_2014_p, cchs2014_p, cchs2015_2016_p, cchs2017_2018_p, cchs2009_s,  cchs2010_s, cchs2012_s","DerivedVar::[DHH_SEX, ALW_1, ALW_2A1, ALW_2A2, ALW_2A3, ALW_2A4, ALW_2A5, ALW_2A6, ALW_2A7]",Alcohol,Health behaviour,N/A,,,2.2.0,2025-06-30,Variable metadata completed,,,active,
CCC_031,Asthma,Do you have asthma?,Categorical,"cchs2001_p, cchs2003_p, cchs2005_p, cchs2007_2008_p, cchs2009_2010_p, cchs2010_p, cchs2011_2012_p, cchs2012_p, cchs2013_2014_p, cchs2014_p, cchs2015_2016_p, cchs2017_2018_p, cchs2009_s,  cchs2010_s, cchs2012_s","cchs2001_p::CCCA_031, cchs2003_p::CCCC_031, cchs2005_p::CCCE_031, cchs2015_2016_p::CCC_015, cchs2017_2018_p::CCC_015, [CCC_031]",Chronic condition,Health status,N/A,,,2.2.0,2025-06-30,Variable metadata completed,,,active,
CCC_035,Asthma - had symptoms/ attacks,Have you had any asthma symptoms or asthma attacks in the past 12 months?,Categorical,"cchs2001_p, cchs2003_p, cchs2005_p, cchs2007_2008_p, cchs2009_2010_p, cchs2010_p, cchs2011_2012_p, cchs2012_p, cchs2013_2014_p, cchs2014_p, cchs2015_2016_p, cchs2017_2018_p, cchs2009_s,  cchs2010_s, cchs2012_s","cchs2001_p::CCCA_035, cchs2003_p::CCCC_035, cchs2005_p::CCCE_035, cchs2015_2016_p::CCC_020, cchs2017_2018_p::CCC_020, [CCC_035]",Chronic condition,Health status,N/A,,,2.2.0,2025-06-30,Variable metadata completed,,,active,
CCC_036,Asthma - took medication,"In the past 12 months, have you taken any medicine for asthma such as inhalers, nebulizers, pills, liquids or injections?",Categorical,"cchs2001_p, cchs2003_p, cchs2005_p, cchs2007_2008_p, cchs2009_2010_p, cchs2010_p, cchs2011_2012_p, cchs2012_p, cchs2013_2014_p, cchs2014_p, cchs2015_2016_p, cchs2017_2018_p, cchs2009_s,  cchs2010_s, cchs2012_s","cchs2001_p::CCCA_036, cchs2003_p::CCCC_036, cchs2005_p::CCCE_036, cchs2015_2016_p::CCC_025, cchs2017_2018_p::CCC_025, [CCC_036]",Chronic condition,Health status,N/A,,,2.2.0,2025-06-30,Variable metadata completed,,,active,
CCC_041,Fibromyalgia,Do you have Fibromyalgia?,Categorical,"cchs2001_p, cchs2003_p, cchs2005_p, cchs2014_p, cchs2015_2016_p, cchs2017_2018_p, cchs2010_s","cchs2001_p::CCCA_041, cchs2003_p::CCCC_041, cchs2005_p::CCCE_041, cchs2015_2016_p::CCC_045, cchs2017_2018_p::CCC_045, [CCC_041]",Chronic condition,Health status,N/A,,,2.2.0,2025-06-30,Variable metadata completed,,,active,
CCC_051,Arthritis/Rheumatism,Do you have arthritis or rheumatism?,Categorical,"cchs2001_p, cchs2003_p, cchs2005_p, cchs2007_2008_p, cchs2009_2010_p, cchs2010_p, cchs2011_2012_p, cchs2012_p, cchs2013_2014_p, cchs2014_p, cchs2015_2016_p, cchs2017_2018_p, cchs2009_s, cchs2010_s, cchs2012_s","cchs2001_p::CCCA_051, cchs2003_p::CCCC_051, cchs2005_p::CCCE_051, cchs2015_2016_p::CCC_050, cchs2017_2018_p::CCC_050, [CCC_051]",Chronic condition,Health status,N/A,,,2.2.0,2025-06-30,Variable metadata completed,,,active,
CCC_061,Back problems,Do you have back problems?,Categorical,"cchs2001_p, cchs2003_p, cchs2005_p, cchs2007_2008_p, cchs2009_2010_p, cchs2010_p, cchs2011_2012_p, cchs2012_p, cchs2013_2014_p, cchs2014_p, cchs2015_2016_p, cchs2017_2018_p, cchs2009_s, cchs2010_s, cchs2012_s","cchs2001_p::CCCA_061, cchs2003_p::CCCC_061, cchs2005_p::CCCE_061, cchs2015_2016_p::CCC_055, cchs2017_2018_p::CCC_055, [CCC_061]",Chronic condition,Health status,N/A,,,2.2.0,2025-06-30,Variable metadata completed,,,active,
CCC_071,Hypertension,Do you have high blood pressure?,Categorical,"cchs2001_p, cchs2003_p, cchs2005_p, cchs2007_2008_p, cchs2009_2010_p, cchs2010_p, cchs2011_2012_p, cchs2012_p, cchs2013_2014_p, cchs2014_p, cchs2015_2016_p, cchs2017_2018_p, cchs2009_s, cchs2010_s, cchs2012_s","cchs2001_p::CCCA_071, cchs2003_p::CCCC_071, cchs2005_p::CCCE_071, cchs2015_2016_p::CCC_065, cchs2017_2018_p::CCC_065, [CCC_071]",Chronic condition,Health status,N/A,,,2.2.0,2025-06-30,Variable metadata completed,,,active,
CCC_072,Hypertension diagnosis,Have you ever been diagnosed with high blood pressure?,Categorical,"cchs2005_p, cchs2007_2008_p, cchs2009_2010_p, cchs2010_p, cchs2011_2012_p, cchs2012_p, cchs2013_2014_p, cchs2014_p, cchs2009_s, cchs2010_s, cchs2012_s","cchs2005_p::CCCE_072, [CCC_072]",Chronic condition,Health status,N/A,,,2.2.0,2025-06-30,Variable metadata completed,,,active,
CCC_073,Hypertension medication,In the past month have you taken any medicine for high blood pressure?,Categorical,"cchs2005_p, cchs2007_2008_p, cchs2009_2010_p, cchs2010_p, cchs2011_2012_p, cchs2012_p, cchs2013_2014_p, cchs2014_p, cchs2015_2016_p, cchs2017_2018_p, cchs2009_s, cchs2010_s, cchs2012_s","cchs2005_p::CCCE_073, cchs2015_2016_p::CCC_070, cchs2017_2018_p::CCC_070, [CCC_073]",Chronic condition,Health status,N/A,,,2.2.0,2025-06-30,Variable metadata completed,,,active,
CCC_073A,Preg. when 1st diag. w/high blood press.,Were you pregnant when you were first diagnosed with high blood pressure?,Categorical,"cchs2009_2010_p, cchs2010_p, cchs2011_2012_p, cchs2012_p, cchs2013_2014_p, cchs2014_p, cchs2009_s, cchs2010_s, cchs2012_s",[CCC_073A],Chronic condition,Health status,N/A,,,2.2.0,2025-06-30,Variable metadata completed,,,active,
CCC_073B,Not pregnant - Diag. w/high blood press,"Other than during pregnancy, has a health professional ever told you that you have high blood pressure?",Categorical,"cchs2009_2010_p, cchs2010_p, cchs2011_2012_p, cchs2012_p, cchs2013_2014_p, cchs2014_p, cchs2009_s, cchs2010_s, cchs2012_s",[CCC_073B],Chronic condition,Health status,N/A,,,2.2.0,2025-06-30,Variable metadata completed,,,active,
CCC_075,Blood cholesterol,Do you have high blood cholesterol or lipids?,Categorical,"cchs2015_2016_p, cchs2017_2018_p",[CCC_075],Chronic condition,Health status,N/A,,,2.2.0,2025-06-30,Variable metadata completed,,,active,
CCC_081,Migraine Headache,Do you have migraine headaches?,Categorical,"cchs2001_p, cchs2003_p, cchs2005_p, cchs2007_2008_p, cchs2009_2010_p, cchs2010_p, cchs2011_2012_p, cchs2012_p, cchs2013_2014_p, cchs2014_p, cchs2015_2016_p, cchs2017_2018_p, cchs2009_s, cchs2010_s, cchs2012_s","cchs2001_p::CCCA_081, cchs2003_p::CCCC_081, cchs2005_p::CCCE_081, cchs2015_2016_p::CCC_140, cchs2017_2018_p::CCC_140, [CCC_081]",Chronic condition,Health status,N/A,,,2.2.0,2025-06-30,Variable metadata completed,,,active,
CCC_091,COPD/Emphysema/Bronchitis,"Do you have COPD (eg bronchitis, emphysema)?",Categorical,"cchs2001_p, cchs2003_p, cchs2009_2010_p, cchs2010_p, cchs2011_2012_p, cchs2012_p, cchs2013_2014_p, cchs2014_p, cchs2015_2016_p, cchs2017_2018_p, cchs2009_s, cchs2010_s, cchs2012_s","cchs2001_p::CCCA_91B, cchs2003_p::CCCC_91B, cchs2015_2016_p::CCC_030, cchs2017_2018_p::CCC_030, [CCC_091]",Chronic condition,Health status,N/A,,,2.2.0,2025-06-30,Variable metadata completed,,,active,
CCC_101,Diabetes,Do you have diabetes?,Categorical,"cchs2001_p, cchs2003_p, cchs2005_p, cchs2007_2008_p, cchs2009_2010_p, cchs2010_p, cchs2011_2012_p, cchs2012_p, cchs2013_2014_p, cchs2014_p, cchs2015_2016_p, cchs2017_2018_p, cchs2009_s, cchs2010_s, cchs2012_s","cchs2001_p::CCCA_101, cchs2003_p::CCCC_101, cchs2005_p::CCCE_101, cchs2015_2016_p::CCC_095, cchs2017_2018_p::CCC_095, [CCC_101]",Chronic condition,Health status,N/A,,,2.2.0,2025-06-30,Variable metadata completed,,,active,
CCC_102_A,Age of diabetes diagnosis,How old were you when this was first diagnosed?,Categorical,"cchs2003_p, cchs2009_s, cchs2010_s, cchs2012_s","cchs2003_p::CCCCG102, [CCC_102]",Chronic condition,Health status,years,,,2.2.0,2025-06-30,Variable metadata completed,,,active,
CCC_102_B,Age of diabetes diagnosis,How old were you when this was first diagnosed?,Categorical,"cchs2005_p, cchs2007_2008_p, cchs2009_2010_p, cchs2010_p, cchs2011_2012_p, cchs2012_p, cchs2013_2014_p, cchs2014_p, cchs2015_2016_p, cchs2017_2018_p, cchs2009_s, cchs2010_s, cchs2012_s","cchs2005_p::CCCEG102, cchs2015_2016_p::CCCG100, cchs2017_2018_p::CCCG100, cchs2009_s::CCC_102, cchs2010_s::CCC_102, cchs2012_s::CCC_102, [CCCG102]",Chronic condition,Health status,years,,,2.2.0,2025-06-30,Variable metadata completed,,,active,
CCC_102_cont,Age of diabetes diagnosis,How old were you when this was first diagnosed?,Continuous,"cchs2003_p, cchs2005_p, cchs2007_2008_p, cchs2009_2010_p, cchs2010_p, cchs2011_2012_p, cchs2012_p, cchs2013_2014_p, cchs2014_p, cchs2015_2016_p, cchs2017_2018_p, cchs2009_s, cchs2010_s, cchs2012_s","cchs2003_p::CCCCG102, cchs2005_p::CCCEG102, cchs2015_2016_p::CCCG100, cchs2017_2018_p::CCCG100, cchs2009_s::CCC_102, cchs2010_s::CCC_102, cchs2012_s::CCC_102, [CCCG102]",Chronic condition,Health status,years,,,2.2.0,2025-06-30,Variable metadata completed,,,active,
CCC_105,Diabetes diagnosed - currently takes insulin,Do you currently take insulin for your diabetes?,Categorical,"cchs2001_p, cchs2003_p, cchs2005_p, cchs2007_2008_p, cchs2009_2010_p, cchs2010_p, cchs2011_2012_p, cchs2012_p, cchs2013_2014_p, cchs2014_p, cchs2015_2016_p, cchs2017_2018_p, cchs2009_s, cchs2010_s, cchs2012_s","cchs2001_p::CCCA_105, cchs2003_p::CCCC_105, cchs2005_p::CCCE_105, cchs2015_2016_p::CCC_120, cchs2017_2018_p::CCC_120, [CCC_105]",Chronic condition,Health status,N/A,,,2.2.0,2025-06-30,Variable metadata completed,,,active,
CCC_106,Diabetes - pills to control blood sugar,"In the past month, did you take pills to control your blood sugar?",Categorical,"cchs2005_p, cchs2007_2008_p, cchs2009_2010_p, cchs2010_p, cchs2011_2012_p, cchs2012_p, cchs2013_2014_p, cchs2014_p, cchs2015_2016_p, cchs2017_2018_p, cchs2009_s, cchs2010_s, cchs2012_s","cchs2005_p::CCCE_106, cchs2015_2016_p::CCC_125, cchs2017_2018_p::CCC_125, [CCC_106]",Chronic condition,Health status,N/A,,,2.2.0,2025-06-30,Variable metadata completed,,,active,
CCC_10A,Diabetes diagnosed when pregnant,Were you pregnant when you were first diagnosed with diabetes?,Categorical,"cchs2001_p, cchs2003_p, cchs2005_p, cchs2007_2008_p, cchs2009_2010_p, cchs2010_p, cchs2011_2012_p, cchs2012_p, cchs2013_2014_p, cchs2014_p, cchs2015_2016_p, cchs2017_2018_p, cchs2009_s, cchs2010_s, cchs2012_s","cchs2001_p::CCCA_10A, cchs2003_p::CCCC_10A, cchs2005_p::CCCE_10A, cchs2015_2016_p::CCC_105, cchs2017_2018_p::CCC_105, [CCC_10A]",Chronic condition,Health status,N/A,,,2.2.0,2025-06-30,Variable metadata completed,,,active,
CCC_10B,Diabetes diagnosed - other than when pregnant,"Other than during pregnancy, has a health professional ever told you that you have diabetes?",Categorical,"cchs2001_p, cchs2003_p, cchs2005_p, cchs2007_2008_p, cchs2009_2010_p, cchs2010_p, cchs2011_2012_p, cchs2012_p, cchs2013_2014_p, cchs2014_p, cchs2015_2016_p, cchs2017_2018_p, cchs2009_s, cchs2010_s, cchs2012_s","cchs2001_p::CCCA_10B, cchs2003_p::CCCC_10B, cchs2005_p::CCCE_10B, cchs2015_2016_p::CCC_110, cchs2017_2018_p::CCC_110, [CCC_10B]",Chronic condition,Health status,N/A,,,2.2.0,2025-06-30,Variable metadata completed,,,active,
CCC_10C,Diabetes diagnosed - when started w/insulin,"When you were first diagnosed with diabetes, how long was it before you were started on insulin?",Categorical,"cchs2001_p, cchs2003_p, cchs2005_p, cchs2007_2008_p, cchs2009_2010_p, cchs2010_p, cchs2011_2012_p, cchs2012_p, cchs2013_2014_p, cchs2014_p, cchs2015_2016_p, cchs2017_2018_p, cchs2009_s, cchs2010_s, cchs2012_s","cchs2001_p::CCCA_10C, cchs2003_p::CCCC_10C, cchs2005_p::CCCE_10C, cchs2015_2016_p::CCC_115, cchs2017_2018_p::CCC_115, [CCC_10C]",Chronic condition,Health status,N/A,,,2.2.0,2025-06-30,Variable metadata completed,,,active,
CCC_111,Epilepsy,Do you have epilepsy?,Categorical,"cchs2001_p, cchs2003_p, cchs2005_p","cchs2001_p::CCCA_111, cchs2003_p::CCCC_111, cchs2005_p::CCCE_111",Chronic condition,Health status,N/A,,,2.2.0,2025-06-30,Variable metadata completed,,,active,
CCC_121,Heart Disease,Do you have heart disease?,Categorical,"cchs2001_p, cchs2003_p, cchs2005_p, cchs2007_2008_p, cchs2009_2010_p, cchs2010_p, cchs2011_2012_p, cchs2012_p, cchs2013_2014_p, cchs2014_p, cchs2015_2016_p, cchs2017_2018_p, cchs2009_s, cchs2010_s, cchs2012_s","cchs2001_p::CCCA_121, cchs2003_p::CCCC_121, cchs2005_p::CCCE_121, cchs2015_2016_p::CCC_085, cchs2017_2018_p::CCC_085, [CCC_121]",Chronic condition,Health status,N/A,,,2.2.0,2025-06-30,Variable metadata completed,,,active,
CCC_131,Active Cancer,Do you have cancer?,Categorical,"cchs2001_p, cchs2003_p, cchs2005_p, cchs2007_2008_p, cchs2009_2010_p, cchs2010_p, cchs2011_2012_p, cchs2012_p, cchs2013_2014_p, cchs2014_p, cchs2015_2016_p, cchs2017_2018_p, cchs2009_s, cchs2010_s, cchs2012_s","cchs2001_p::CCCA_131, cchs2003_p::CCCC_131, cchs2005_p::CCCE_131, cchs2015_2016_p::CCC_130, cchs2017_2018_p::CCC_130, [CCC_131]",Chronic condition,Health status,N/A,,,2.2.0,2025-06-30,Variable metadata completed,,,active,
CCC_141,Stomach or intestinal ulcers,Do you have intestinal or stomach ulcers?,Categorical,"cchs2001_p, cchs2003_p, cchs2005_p, cchs2007_2008_p, cchs2009_2010_p, cchs2010_p, cchs2011_2012_p, cchs2012_p, cchs2013_2014_p, cchs2014_p, cchs2009_s, cchs2010_s, cchs2012_s","cchs2001_p::CCCA_141, cchs2003_p::CCCC_141, cchs2005_p::CCCE_141, [CCC_141]",Chronic condition,Health status,N/A,,,2.2.0,2025-06-30,Variable metadata completed,,,active,
CCC_151,Stroke,Do you suffer from effects of stroke?,Categorical,"cchs2001_p, cchs2003_p, cchs2005_p, cchs2007_2008_p, cchs2009_2010_p, cchs2010_p, cchs2011_2012_p, cchs2012_p, cchs2013_2014_p, cchs2014_p, cchs2015_2016_p, cchs2017_2018_p, cchs2009_s, cchs2010_s, cchs2012_s","cchs2001_p::CCCA_151, cchs2003_p::CCCC_151, cchs2005_p::CCCE_151, cchs2015_2016_p::CCC_090, cchs2017_2018_p::CCC_090, [CCC_151]",Chronic condition,Health status,N/A,,,2.2.0,2025-06-30,Variable metadata completed,,,active,
CCC_161,Urinary incontinence,Do you suffer from urinary incontinence?,Categorical,"cchs2001_p, cchs2003_p, cchs2005_p, cchs2007_2008_p, cchs2009_2010_p, cchs2010_p, cchs2011_2012_p, cchs2012_p, cchs2013_2014_p, cchs2014_p, cchs2009_s, cchs2010_s, cchs2012_s","cchs2001_p::CCCA_161, cchs2003_p::CCCC_161, cchs2005_p::CCCE_161, [CCC_161]",Chronic condition,Health status,N/A,,,2.2.0,2025-06-30,Variable metadata completed,,,active,
CCC_171,Bowel disorder,Do you have a bowel disorder such as Crohn's disease or colitis?,Categorical,"cchs2001_p, cchs2003_p, cchs2005_p, cchs2007_2008_p, cchs2009_2010_p, cchs2010_p, cchs2011_2012_p, cchs2012_p, cchs2013_2014_p, cchs2014_p, cchs2009_s, cchs2010_s, cchs2012_s","cchs2001_p::CCCA_171, cchs2003_p::CCCC_171, cchs2005_p::CCCE_171, [CCC_171]",Chronic condition,Health status,N/A,,,2.2.0,2025-06-30,Variable metadata completed,,,active,
CCC_17A,Type of bowel disorder,What kind of bowel disease do you have?,Categorical,"cchs2005_p, cchs2007_2008_p, cchs2009_2010_p, cchs2010_p, cchs2011_2012_p, cchs2012_p, cchs2013_2014_p, cchs2014_p, cchs2009_s, cchs2010_s, cchs2012_s","cchs2005_p::CCCE_17A, [CCC_17A]",Chronic condition,Health status,N/A,,,2.2.0,2025-06-30,Variable metadata completed,,,active,
CCC_181,Alzheimer's disease or other dementia,Do you have Alzheimer's Disease or any other dementia?,Categorical,"cchs2009_s, cchs2010_s, cchs2012_s",[CCC_181],Chronic condition,Health status,N/A,,,2.2.0,2025-06-30,Variable metadata completed,,,active,
CCC_251,Chronic fatigue,Do you have chronic fatigue syndrome?,Categorical,"cchs2001_p, cchs2003_p, cchs2005_p, cchs2010_p, cchs2014_p, cchs2010_s","cchs2001_p::CCCA_251, cchs2003_p::CCCC_251, cchs2005_p::CCCE_251, [CCC_251]",Chronic condition,Health status,N/A,,,2.2.0,2025-06-30,Variable metadata completed,,,active,
CCC_261,Suffers multiple chemical sensitivities,Do you suffer from multiple chemical sensitivities?,Categorical,"cchs2001_p, cchs2003_p, cchs2005_p, cchs2010_p, cchs2014_p, cchs2015_2016_p, cchs2017_2018_p, cchs2010_s","cchs2001_p::CCCA_261, cchs2003_p::CCCC_261, cchs2005_p::CCCE_261, cchs2015_2016_p::CCC_190, cchs2017_2018_p::CCC_190, [CCC_261]",Chronic condition,Health status,N/A,,,2.2.0,2025-06-30,Variable metadata completed,,,active,
CCC_280,Mood disorder,Do you have a mood disorder?,Categorical,"cchs2003_p, cchs2005_p, cchs2007_2008_p, cchs2009_2010_p, cchs2010_p, cchs2011_2012_p, cchs2012_p, cchs2013_2014_p, cchs2014_p, cchs2015_2016_p, cchs2017_2018_p, cchs2009_s, cchs2010_s, cchs2012_s","cchs2003_p::CCCC_280, cchs2005_p::CCCE_280, cchs2015_2016_p::CCC_195, cchs2017_2018_p::CCC_195, [CCC_280]",Chronic condition,Health status,N/A,,,2.2.0,2025-06-30,Variable metadata completed,,,active,
CCC_290,Anxiety Disorder,Do you have an anxiety disorder?,Categorical,"cchs2003_p, cchs2005_p, cchs2007_2008_p, cchs2009_2010_p, cchs2010_p, cchs2011_2012_p, cchs2012_p, cchs2013_2014_p, cchs2014_p, cchs2015_2016_p, cchs2017_2018_p, cchs2009_s, cchs2010_s, cchs2012_s","cchs2003_p::CCCC_290, cchs2005_p::CCCE_290, cchs2015_2016_p::CCC_200, cchs2017_2018_p::CCC_200, [CCC_290]",Chronic condition,Health status,N/A,,,2.2.0,2025-06-30,Variable metadata completed,,,active,
CCC_31A,Cancer diagnosis,Have you ever been diagnosed with cancer?,Categorical,"cchs2005_p, cchs2007_2008_p, cchs2009_2010_p, cchs2010_p, cchs2011_2012_p, cchs2012_p, cchs2013_2014_p, cchs2014_p, cchs2015_2016_p, cchs2017_2018_p, cchs2009_s, cchs2010_s, cchs2012_s","cchs2005_p::CCCE_31A, cchs2015_2016_p::CCC_135, cchs2017_2018_p::CCC_135, [CCC_31A]",Chronic condition,Health status,N/A,,,2.2.0,2025-06-30,Variable metadata completed,,,active,
CCC_91A,Bronchitis,Do you have chronic bronchitis?,Categorical,"cchs2001_p, cchs2003_p, cchs2005_p, cchs2007_2008_p","cchs2001_p::CCCA_91A, cchs2003_p::CCCC_91A, cchs2005_p::CCCE_91A, [CCC_91A]",Chronic condition,Health status,N/A,,,2.2.0,2025-06-30,Variable metadata completed,,,active,
CCC_91E,Emphysema,Do you have emphysema?,Categorical,"cchs2005_p, cchs2007_2008_p","cchs2005_p::CCCE_91E, cchs2007_2008_p::CCC_91E",Chronic condition,Health status,N/A,,,2.2.0,2025-06-30,Variable metadata completed,,,active,
CCC_91F,COPD,Do you have COPD?,Categorical,"cchs2005_p, cchs2007_2008_p","cchs2005_p::CCCE_91F, cchs2007_2008_p::CCC_91F",Chronic condition,Health status,N/A,,,2.2.0,2025-06-30,Variable metadata completed,,,active,
cigs_per_day,Cigs/day,"Cigarettes per day when smoking daily (ever-daily smokers, unified)",Continuous,"cchs2001_p, cchs2003_p, cchs2005_p, cchs2007_2008_p, cchs2009_2010_p, cchs2010_p, cchs2011_2012_p, cchs2012_p, cchs2013_2014_p, cchs2014_p, cchs2015_2016_p, cchs2017_2018_p, cchs2019_2020_p, cchs2022_p, cchs2023_p, cchs2001_m, cchs2003_m, cchs2005_m, cchs2007_2008_m, cchs2009_2010_m, cchs2009_m, cchs2010_m, cchs2011_2012_m, cchs2012_m, cchs2013_2014_m, cchs2014_m, cchs2015_2016_m, cchs2017_2018_m, cchs2019_2020_m, cchs2021_m, cchs2022_m, cchs2023_m","DerivedVar::[SMK_204, SMK_208, SMKDSTY_original]",smoking,Health behaviour,cigarettes,"{recommended:primary} {sub_subject:intensity} Universe: ever-daily smokers (SMKDSTY_original 1, 2, 4). Combines current (SMK_204) and former (SMK_208) daily intensity.",Unified daily smoking intensity for pack-years and dose-response analyses.,3.0.0-alpha,2026-01-09,Created from SMK_204/SMK_208 unification,,,active,
COPD_Emph_der,COPD/Emphysema,COPD/Emphysema,Categorical,"cchs2001_p, cchs2003_p, cchs2005_p, cchs2007_2008_p, cchs2009_2010_p, cchs2010_p, cchs2011_2012_p, cchs2012_p, cchs2013_2014_p, cchs2014_p, cchs2015_2016_p, cchs2017_2018_p, cchs2009_s, cchs2010_s, cchs2012_s","DerivedVar::[DHHGAGE_cont, CCC_91E, CCC_91F], DerivedVar::[DHHGAGE_cont, CCC_091]",Chronic condition,Health status,N/A,,,2.2.0,2025-06-30,Variable metadata completed,,,active,
DEPDVSEV,Depression scale - severity of depression,Depression scale - severity of depression,Categorical,"cchs2015_2016_p, cchs2017_2018_p",[DEPDVPHQ],Chronic condition,Health status,N/A,,This module is a validated instrument to measure self-reported depression. It is called PHQ-9 and was developed by Spitzer et al (1999). It was first introduced in the CCHS in 2015.,2.2.0,2025-06-30,Variable metadata completed,,,active,
DHH_AGE,Age,Age,Continuous,"cchs2001_p, cchs2003_p, cchs2005_p, cchs2007_2008_p, cchs2009_2010_p, cchs2010_p, cchs2011_2012_p, cchs2012_p, cchs2013_2014_p, cchs2014_p, cchs2015_2016_p, cchs2017_2018_p, cchs2001_m, cchs2003_m, cchs2005_m, cchs2007_2008_m, cchs2009_2010_m, cchs2010_m, cchs2011_2012_m, cchs2012_m, cchs2013_2014_m, cchs2014_m, cchs2015_2016_m, cchs2017_2018_m, cchs2019_2020_m, cchs2021_m, cchs2022_m, cchs2023_m","cchs2001_p::DHHA_AGE, cchs2003_p::DHHC_AGE, cchs2005_p::DHHE_AGE, cchs2001_m::DHHA_AGE, cchs2003_m::DHHC_AGE, cchs2005_m::DHHE_AGE, [DHH_AGE]",Age,Demographics,Years,,Continuous age variable for shared files,2.2.0,2025-06-30,Variable metadata completed,,,active,
DHH_OWN,Home ownership,Dwelling - owned by a member of hsld,Categorical,"cchs2001_p, cchs2003_p, cchs2005_p, cchs2007_2008_p, cchs2009_2010_p, cchs2010_p, cchs2011_2012_p, cchs2012_p, cchs2013_2014_p, cchs2014_p, cchs2015_2016_p, cchs2017_2018_p, cchs2009_s, cchs2010_s, cchs2012_s","cchs2001_p::DHHA_OWN, cchs2003_p::DHHC_OWN, cchs2005_p::DHHE_OWN, [DHH_OWN]",Home ownership,Sociodemographics,N/A,,,2.2.0,2025-06-30,Variable metadata completed,,,active,
DHH_SEX,Sex,Sex,Categorical,"cchs2001_p, cchs2003_p, cchs2005_p, cchs2007_2008_p, cchs2009_2010_p, cchs2010_p, cchs2011_2012_p, cchs2012_p, cchs2013_2014_p, cchs2014_p, cchs2015_2016_p, cchs2017_2018_p, cchs2009_s, cchs2010_s, cchs2012_s","cchs2001_p::DHHA_SEX, cchs2003_p::DHHC_SEX, cchs2005_p::DHHE_SEX, [DHH_SEX]",Sex,Demographics,N/A,,,2.2.0,2025-06-30,Variable metadata completed,,,active,
DHHGAGE_5,Age,Age (20-year age groups),Categorical,"cchs2001_p, cchs2003_p, cchs2005_p, cchs2007_2008_p, cchs2009_2010_p, cchs2010_p, cchs2011_2012_p, cchs2012_p, cchs2013_2014_p, cchs2014_p, cchs2015_2016_p, cchs2017_2018_p, cchs2009_s, cchs2010_s, cchs2012_s","cchs2001_p::DHHAGAGE, cchs2003_p::DHHCGAGE, cchs2005_p::DHHEGAGE, cchs2009_s::DHH_AGE, cchs2010_s::DHH_AGE, cchs2012_s::DHH_AGE,  [DHHGAGE]",Age,Demographics,Years,,"5 age groups: <20, 20 to 39, 40 to 59, 60 to 79, 80+ years",2.2.0,2025-06-30,Variable metadata completed,,,active,
DHHGAGE_A,Age,Age,Categorical,"cchs2001_p, cchs2003_p, cchs2009_s, cchs2010_s, cchs2012_s","cchs2001_p::DHHAGAGE, cchs2003_p::DHHCGAGE, [DHH_AGE]",Age,Demographics,Years,,,2.2.0,2025-06-30,Variable metadata completed,,,active,
DHHGAGE_B,Age,Age,Categorical,"cchs2005_p, cchs2007_2008_p, cchs2009_2010_p, cchs2010_p, cchs2011_2012_p, cchs2012_p, cchs2013_2014_p, cchs2014_p, cchs2015_2016_p, cchs2017_2018_p, cchs2009_s, cchs2010_s, cchs2012_s","cchs2005_p::DHHEGAGE, cchs2009_s::DHH_AGE, cchs2010_s::DHH_AGE, cchs2012_s::DHH_AGE, [DHHGAGE]",Age,Demographics,Years,,,2.2.0,2025-06-30,Variable metadata completed,,,active,
DHHGAGE_C,Age,Categorical age,Categorical,"cchs2001_p, cchs2003_p, cchs2005_p, cchs2007_2008_p, cchs2009_2010_p, cchs2010_p, cchs2011_2012_p, cchs2012_p, cchs2013_2014_p, cchs2014_p, cchs2015_2016_p, cchs2017_2018_p, cchs2009_s, cchs2010_s, cchs2012_s",DerivedVar::[DHHGAGE_cont],Age,Demographics,Years,,Derived categorical age variable using DHHGAGE_cont,2.2.0,2025-06-30,Variable metadata completed,,,active,
DHHGAGE_cont,Age,Converted categorical age,Continuous,"cchs2001_p, cchs2003_p, cchs2005_p, cchs2007_2008_p, cchs2009_2010_p, cchs2010_p, cchs2011_2012_p, cchs2012_p, cchs2013_2014_p, cchs2014_p, cchs2015_2016_p, cchs2017_2018_p, cchs2009_s, cchs2010_s, cchs2012_s","cchs2001_p::DHHAGAGE, cchs2003_p::DHHCGAGE, cchs2005_p::DHHEGAGE, cchs2009_s::DHH_AGE, cchs2010_s::DHH_AGE, cchs2012_s::DHH_AGE, [DHHGAGE]",Age,Demographics,Years,,Continuous age variable,2.2.0,2025-06-30,Variable metadata completed,,,active,
DHHGAGE_D,Age,Age (10-year age groups),Categorical,"cchs2001_p, cchs2003_p, cchs2005_p, cchs2007_2008_p, cchs2009_2010_p, cchs2010_p, cchs2011_2012_p, cchs2012_p, cchs2013_2014_p, cchs2014_p, cchs2015_2016_p, cchs2017_2018_p, cchs2009_s, cchs2010_s, cchs2012_s","cchs2001_p::DHHAGAGE, cchs2003_p::DHHCGAGE, cchs2005_p::DHHEGAGE, cchs2009_s::DHH_AGE, cchs2010_s::DHH_AGE, cchs2012_s::DHH_AGE, [DHHGAGE]",Age,Demographics,Years,,"8 age groups: 12 to 19,  20 to 29, 30 to 39, 40 to 49, 50 to 59, 60 to 69, 70 to 79, 80+ years",2.2.0,2025-06-30,Variable metadata completed,,,active,
DHHGHSZ,Household size,Household size,Categorical,"cchs2003_p, cchs2005_p, cchs2007_2008_p, cchs2009_2010_p, cchs2010_p, cchs2011_2012_p, cchs2012_p, cchs2013_2014_p, cchs2014_p, cchs2015_2016_p, cchs2017_2018_p, cchs2009_s, cchs2010_s, cchs2012_s","cchs2003_p::DHHCGHSZ, cchs2005_p::DHHEGHSZ, cchs2015_2016_p::DHHDGHSZ, cchs2017_2018_p::DHHDGHSZ, cchs2009_s::DHHDHSZ, cchs2010_s::DHHDHSZ, cchs2012_s::DHHDHSZ, [DHHGHSZ]",Household Characteristics,Sociodemographics,N/A,,,2.2.0,2025-06-30,Variable metadata completed,,,active,
DHHGMS,Marital status,Marital status - (G),Categorical,"cchs2001_p, cchs2003_p, cchs2005_p, cchs2007_2008_p, cchs2009_2010_p, cchs2010_p, cchs2011_2012_p, cchs2012_p, cchs2013_2014_p, cchs2014_p, cchs2015_2016_p, cchs2017_2018_p, cchs2009_s, cchs2010_s, cchs2012_s","cchs2001_p::DHHAGMS, cchs2003_p::DHHCGMS, cchs2005_p::DHHEGMS, cchs2009_s::DHH_MS, cchs2010_s::DHH_MS, cchs2012_s::DHH_MS, [DHHGMS]",Marital Status,Sociodemographics,N/A,,,2.2.0,2025-06-30,Variable metadata completed,,,active,
diet_score,Diet score,"Diet score (0 to 10) based on daily consumption of fruit, vegetables and fruit juice",Continuous,"cchs2001_p, cchs2003_p, cchs2005_p, cchs2007_2008_p, cchs2009_2010_p, cchs2010_p, cchs2011_2012_p, cchs2012_p, cchs2013_2014_p, cchs2014_p, cchs2015_2016_p, cchs2017_2018_p, cchs2009_s, cchs2010_s, cchs2012_s","DerivedVar::[FVCDFRU, FVCDSAL, FVCDPOT, FVCDCAR, FVCDVEG, FVCDJUI, DHH_SEX]",Diet,Health behaviour,N/A,,"A derived diet variable based on daily consumption of ""fruit, salad, potatoes, carrots, other vegetables, and juice"". Two baseline points plus summation of total points for diet attributes with penalty for high potato intake, no carrot intake and high juice consumption (negative overall scores are recoded to 0, resulting in a range from 0 to 10).",2.2.0,2025-06-30,Variable metadata completed,,,active,
diet_score_cat3,Diet score,Categorical diet score,Categorical,"cchs2001_p, cchs2003_p, cchs2005_p, cchs2007_2008_p, cchs2009_2010_p, cchs2010_p, cchs2011_2012_p, cchs2012_p, cchs2013_2014_p, cchs2014_p, cchs2015_2016_p, cchs2017_2018_p, cchs2009_s, cchs2010_s, cchs2012_s",DerivedVar::[diet_score],Diet,Health behaviour,N/A,,Derived categorical diet score using diet_score,2.2.0,2025-06-30,Variable metadata completed,,,active,
DIS_10G,Frequency - distress: felt sad / depressed - past month,"(During the past month, about how often did you feel) sad or depressed?",Categorical,"cchs2005_p, cchs2007_2008_p, cchs2009_2010_p, cchs2010_p, cchs2011_2012_p, cchs2012_p, cchs2013_2014_p, cchs2014_p, cchs2017_2018_p, cchs2009_s, cchs2010_s, cchs2012_s","cchs2005_p::DISE_10G, cchs2017_2018_p::DIS_035, [DIS_10G]",Chronic condition,Health status,N/A,,,2.2.0,2025-06-30,Variable metadata completed,,,active,
DIS_10H,Frequency - distress: depressed/nothing cheers - past month,"(During the past month, about how often did you feel) so depressed that nothing could cheer you up?",Categorical,"cchs2005_p, cchs2007_2008_p, cchs2009_2010_p, cchs2010_p, cchs2011_2012_p, cchs2012_p, cchs2013_2014_p, cchs2014_p, cchs2017_2018_p, cchs2009_s, cchs2010_s, cchs2012_s","cchs2005_p::DISE_10H, cchs2017_2018_p::DIS_040, [DIS_10H]",Chronic condition,Health status,N/A,,,2.2.0,2025-06-30,Variable metadata completed,,,active,
DPS_02,Felt sad/blue/depressed - 2 weeks or more - 12 mo,"During the past 12 months, was there ever a time when you felt sad, blue, or depressed for 2 weeks or more in a row?",Categorical,"cchs2007_2008_p, cchs2009_2010_p, cchs2010_p, cchs2011_2012_p, cchs2012_p, cchs2009_s, cchs2010_s, cchs2012_s",[DPS_02],Chronic condition,Health status,N/A,,,2.2.0,2025-06-30,Variable metadata completed,,,active,
DPS_03,Sad/depressed - length feelings lasted - 2 wk,"Think of the 2-week period during the past 12 months when these feelings were the worst. During that time, how long did these feelings usually last: (all day long, most of the day, about half of the day, or less than half of a day)?",Categorical,"cchs2007_2008_p, cchs2009_2010_p, cchs2010_p, cchs2011_2012_p, cchs2012_p, cchs2009_s, cchs2010_s, cchs2012_s",[DPS_03],Chronic condition,Health status,N/A,,,2.2.0,2025-06-30,Variable metadata completed,,,active,
DPS_04,Sad/depressed - frequency - 2 wk,"How often did you feel this way during those 2 weeks: (every day, almost every day, or less often)?",Categorical,"cchs2007_2008_p, cchs2009_2010_p, cchs2010_p, cchs2011_2012_p, cchs2012_p, cchs2009_s, cchs2010_s, cchs2012_s",[DPS_04],Chronic condition,Health status,N/A,,,2.2.0,2025-06-30,Variable metadata completed,,,active,
DPS_05,Sad/depressed - lose interest in things - 2 wk,During those 2 weeks did you lose interest in most things?,Categorical,"cchs2007_2008_p, cchs2009_2010_p, cchs2010_p, cchs2011_2012_p, cchs2012_p, cchs2009_s, cchs2010_s, cchs2012_s",[DPS_05],Chronic condition,Health status,N/A,,,2.2.0,2025-06-30,Variable metadata completed,,,active,
DPS_06,Sad/depressed - felt tired out / low on energy - 2 wk,Did you feel tired out or low on energy all of the time?,Categorical,"cchs2007_2008_p, cchs2009_2010_p, cchs2010_p, cchs2011_2012_p, cchs2012_p, cchs2009_s, cchs2010_s, cchs2012_s",[DPS_06],Chronic condition,Health status,N/A,,,2.2.0,2025-06-30,Variable metadata completed,,,active,
DPS_07,Sad/depressed - weight change - 2 wk,"Did you gain weight, lose weight or stay about the same?",Categorical,"cchs2007_2008_p, cchs2009_2010_p, cchs2010_p, cchs2011_2012_p, cchs2012_p, cchs2009_s, cchs2010_s, cchs2012_s",[DPS_07],Chronic condition,Health status,N/A,,,2.2.0,2025-06-30,Variable metadata completed,,,active,
DPS_08A,Sad/depressed - weight change (amount) - 2 wk,About how much did you gain/lose?,Continuous,"cchs2007_2008_p, cchs2009_2010_p, cchs2010_p, cchs2011_2012_p, cchs2012_p, cchs2009_s, cchs2010_s, cchs2012_s",[DPS_08A],Chronic condition,Health status,N/A,,,2.2.0,2025-06-30,Variable metadata completed,,,active,
DPS_08B,Sad/depressed - weight change (lb/kg) - 2 wk,Interviewer: Was that in pounds or in kilograms?,Categorical,"cchs2007_2008_p, cchs2009_2010_p, cchs2010_p, cchs2011_2012_p, cchs2012_p, cchs2009_s, cchs2010_s, cchs2012_s",[DPS_08B],Chronic condition,Health status,N/A,,,2.2.0,2025-06-30,Variable metadata completed,,,active,
DPS_09,Sad/depressed - trouble falling asleep - 2 wk,Did you have more trouble falling asleep than you usually do?,Categorical,"cchs2007_2008_p, cchs2009_2010_p, cchs2010_p, cchs2011_2012_p, cchs2012_p, cchs2009_s, cchs2010_s, cchs2012_s",[DPS_09],Chronic condition,Health status,N/A,,,2.2.0,2025-06-30,Variable metadata completed,,,active,
DPS_10,Sad/depressed trouble falling asleep - frequency - 2 wk,"How often did that happen: (every night, nearly every night, or less often)?",Categorical,"cchs2007_2008_p, cchs2009_2010_p, cchs2010_p, cchs2011_2012_p, cchs2012_p, cchs2009_s, cchs2010_s, cchs2012_s",[DPS_10],Chronic condition,Health status,N/A,,,2.2.0,2025-06-30,Variable metadata completed,,,active,
DPS_11,Sad/depressed - trouble concentrating - 2 wk,Did you have a lot more trouble concentrating than usual?,Categorical,"cchs2007_2008_p, cchs2009_2010_p, cchs2010_p, cchs2011_2012_p, cchs2012_p, cchs2009_s, cchs2010_s, cchs2012_s",[DPS_11],Chronic condition,Health status,N/A,,,2.2.0,2025-06-30,Variable metadata completed,,,active,
DPS_12,Sad/depressed - felt down on self - 2 wk,"At these times, people sometimes feel down on themselves, no good or worthless. Did you feel this way?",Categorical,"cchs2007_2008_p, cchs2009_2010_p, cchs2010_p, cchs2011_2012_p, cchs2012_p, cchs2009_s, cchs2010_s, cchs2012_s",[DPS_12],Chronic condition,Health status,N/A,,,2.2.0,2025-06-30,Variable metadata completed,,,active,
DPS_13,Sad/depressed - thought a lot about death - 2 wk,"Did you think a lot about death - either your own, someone elses, or death in general?",Categorical,"cchs2007_2008_p, cchs2009_2010_p, cchs2010_p, cchs2011_2012_p, cchs2012_p, cchs2009_s, cchs2010_s, cchs2012_s",[DPS_13],Chronic condition,Health status,N/A,,,2.2.0,2025-06-30,Variable metadata completed,,,active,
DPS_14,Sad/depressed - number of weeks - 12 mo,About how many weeks altogether did you feel this way during the past 12 months?,Continuous,"cchs2007_2008_p, cchs2009_2010_p, cchs2010_p, cchs2011_2012_p, cchs2012_p, cchs2009_s, cchs2010_s, cchs2012_s",[DPS_14],Chronic condition,Health status,weeks,,,2.2.0,2025-06-30,Variable metadata completed,,,active,
DPSDMT,Specific month when felt depressed,Specific month felt depressed - 2 weeks in a row - (D),Categorical,"cchs2001_p, cchs2003_p, cchs2005_p, cchs2007_2008_p, cchs2009_2010_p, cchs2010_p, cchs2011_2012_p, cchs2012_p, cchs2013_2014_p, cchs2014_p, cchs2009_s, cchs2010_s, cchs2012_s","cchs2001_p::DPSADMT, cchs2003_p::DPSCDMT, cchs2005_p::DPSEDMT, [DPSDMT]",Chronic condition,Health status,N/A,,,2.2.0,2025-06-30,Variable metadata completed,,,active,
DPSDPP,Depression Scale - Predicted Probability,Depression Scale - Predicted Probability,Continuous,"cchs2001_p, cchs2003_p, cchs2005_p, cchs2007_2008_p, cchs2009_2010_p, cchs2010_p, cchs2011_2012_p, cchs2012_p, cchs2013_2014_p, cchs2014_p, cchs2009_s, cchs2010_s, cchs2012_s","cchs2001_p::DPSADPP, cchs2003_p::DPSCDPP, cchs2005_p::DPSEDPP, [DPSDPP]",Chronic condition,Health status,N/A,,,2.2.0,2025-06-30,Variable metadata completed,,,active,
DPSDSF,Depression Scale - Short Form Score,Depression Scale - Short Form Score,Continuous,"cchs2001_p, cchs2003_p, cchs2005_p, cchs2007_2008_p, cchs2009_2010_p, cchs2010_p, cchs2011_2012_p, cchs2012_p, cchs2013_2014_p, cchs2014_p, cchs2009_s, cchs2010_s, cchs2012_s","cchs2001_p::DPSADSF, cchs2003_p::DPSCDSF, cchs2005_p::DPSEDSF, [DPSDSF]",Chronic condition,Health status,N/A,,,2.2.0,2025-06-30,Variable metadata completed,,,active,
DPSDWK,Number of weeks felt depressed - (D),Number of weeks felt depressed - (D),Continuous,"cchs2001_p, cchs2003_p, cchs2005_p, cchs2007_2008_p, cchs2009_2010_p, cchs2010_p, cchs2011_2012_p, cchs2012_p, cchs2013_2014_p, cchs2014_p, cchs2009_s, cchs2010_s, cchs2012_s","cchs2001_p::DPSADWK, cchs2003_p::DPSCDWK, cchs2005_p::DPSEDWK, [DPSDWK]",Chronic condition,Health status,weeks,,,2.2.0,2025-06-30,Variable metadata completed,,,active,
EDUDR03,Highest education,Highest level/education - 3 categories,Categorical,"cchs2001_p, cchs2003_p, cchs2005_p, cchs2007_2008_p, cchs2009_2010_p, cchs2010_p, cchs2011_2012_p, cchs2012_p, cchs2013_2014_p, cchs2014_p, cchs2015_2016_p, cchs2017_2018_p, cchs2009_s, cchs2010_s, cchs2012_s","cchs2001_p::EDUADR04, cchs2003_p::EDUCDR04, cchs2005_p::EDUEDR04, cchs2015_2016_p::EHG2DVR3, cchs2017_2018_p::EHG2DVR3, [EDUDR04]",Education,Sociodemographics,N/A,,,2.2.0,2025-06-30,Variable metadata completed,,,active,
EDUDR04,Highest education,Highest level/education - 4 categories,Categorical,"cchs2001_p, cchs2003_p, cchs2005_p, cchs2007_2008_p, cchs2009_2010_p, cchs2010_p, cchs2011_2012_p, cchs2012_p, cchs2013_2014_p, cchs2014_p, cchs2009_s, cchs2010_s, cchs2012_s","cchs2001_p::EDUADR04, cchs2003_p::EDUCDR04, cchs2005_p::EDUEDR04, [EDUDR04]",Education,Sociodemographics,N/A,,,2.2.0,2025-06-30,Variable metadata completed,,,active,
energy_exp,Daily energy expenditure,Daily energy expenditure,Continuous,"cchs2001_p, cchs2003_p, cchs2005_p, cchs2007_2008_p, cchs2009_2010_p, cchs2010_p, cchs2011_2012_p, cchs2012_p, cchs2013_2014_p, cchs2014_p, cchs2015_2016_p, cchs2017_2018_p, cchs2010_m, cchs2012_m, cchs2001_m, cchs2003_m, cchs2005_m, cchs2007_2008_m, cchs2009_2010_m, cchs2011_2012_m, cchs2013_2014_m","cchs2001_p::PACADEE, cchs2003_p::PACCDEE, cchs2005_p::PACEDEE, cchs2001_m::PACADEE, cchs2003_m::PACCDEE, cchs2005_m::PACEDEE, [PACDEE], DerivedVar::[DHHGAGE_cont, PAA_045, PAA_050, PAA_075, PAA_080, PAADVDYS, PAADVVIG, PAYDVTOA, PAYDVADL, PAYDVDYS]",Exercise,Health behaviour,N/A,,,2.2.0,2025-06-30,Variable metadata completed,,,active,
FINF1,Food insecurity 12M,Some food insecurity in past 12 months,Categorical,"cchs2001_p, cchs2003_p","cchs2001_p::FINAF1, cchs2003_p::FINCF1",Food security,Sociodemographics,N/A,,,2.2.0,2025-06-30,Variable metadata completed,,,active,
FLU_160,Ever had a flu shot,Have you ever had a flu shot?,Categorical,"cchs2001_p, cchs2003_p, cchs2005_p, cchs2007_2008_p, cchs2009_2010_p, cchs2010_p, cchs2011_2012_p, cchs2012_p, cchs2013_2014_p, cchs2014_p, cchs2015_2016_p, cchs2017_2018_p, cchs2009_s, cchs2010_s, cchs2012_s","cchs2001_p::FLUA_160, cchs2003_p::FLUC_160, cchs2005_p::FLUE_160, cchs2015_2016_p::FLU_005, cchs2017_2018_p::FLU_005, [FLU_160]",Vaccination,Health care use,N/A,,,2.2.0,2025-06-30,Variable metadata completed,,,active,
FLU_162,Last time had flu shot,When did you have your last flu shot?,Categorical,"cchs2001_p, cchs2003_p, cchs2005_p, cchs2007_2008_p, cchs2009_2010_p, cchs2010_p, cchs2011_2012_p, cchs2012_p, cchs2013_2014_p, cchs2014_p, cchs2015_2016_p, cchs2017_2018_p, cchs2009_s, cchs2010_s, cchs2012_s","cchs2001_p::FLUA_162, cchs2003_p::FLUC_162, cchs2005_p::FLUE_162, cchs2015_2016_p::FLU_010, cchs2017_2018_p::FLU_010, [FLU_162]",Vaccination,Health care use,N/A,,,2.2.0,2025-06-30,Variable metadata completed,,,active,
food_insecurity_der,Food insecurity 12M,Derived food insecurity,Categorical,"cchs2001_p, cchs2003_p, cchs2005_p, cchs2007_2008_p, cchs2009_2010_p, cchs2010_p, cchs2011_2012_p, cchs2012_p, cchs2013_2014_p, cchs2014_p, cchs2015_2016_p, cchs2017_2018_p, cchs2009_s, cchs2010_s, cchs2012_s","cchs2001_p::FINAF1, cchs2003_p::FINCF1, [FSCEDHFS], cchs2015_2016_p::FSCDVHFS, cchs2017_2018_p::FSCDVHFS, [FSCDHFS2]",Food security,Sociodemographics,N/A,,,2.2.0,2025-06-30,Variable metadata completed,,,active,
FSCDHFS,Food security,Household food security status - (D),Categorical,cchs2005_p,[FSCEDHFS],Food security,Sociodemographics,N/A,,,2.2.0,2025-06-30,Variable metadata completed,,,active,
FSCDHFS2,HC food security,Household food security status - (HC),Categorical,"cchs2007_2008_p, cchs2009_2010_p, cchs2010_p, cchs2011_2012_p, cchs2012_p, cchs2013_2014_p, cchs2014_p, cchs2015_2016_p, cchs2017_2018_p, cchs2009_s, cchs2010_s, cchs2012_s","cchs2015_2016_p::FSCDVHFS, cchs2017_2018_p::FSCDVHFS, [FSCDHFS2]",Food security,Sociodemographics,N/A,,,2.2.0,2025-06-30,Variable metadata completed,,,active,
FVC_1A,Drinks fruit juice unit,Drinks fruit juices - reporting unit,Categorical,"cchs2009_s, cchs2010_s, cchs2012_s",[FVC_1A],Fruits/vegetables,Health behaviour,N/A,,,2.2.0,2025-06-30,Variable metadata completed,,,active,
FVC_1B,Drinks fruit juices daily,Drinks fruit juices - no. of times/day,Continuous,"cchs2009_s, cchs2010_s, cchs2012_s",[FVC_1B],Fruits/vegetables,Health behaviour,N/A,,,2.2.0,2025-06-30,Variable metadata completed,,,active,
FVC_1C,Drinks fruit juices weekly,Drinks fruit juices - no. of times/week,Continuous,"cchs2009_s, cchs2010_s, cchs2012_s",[FVC_1C],Fruits/vegetables,Health behaviour,N/A,,,2.2.0,2025-06-30,Variable metadata completed,,,active,
FVC_1D,Drinks fruit juices monthly,Drinks fruit juices - no. of times/month,Continuous,"cchs2009_s, cchs2010_s, cchs2012_s",[FVC_1D],Fruits/vegetables,Health behaviour,N/A,,,2.2.0,2025-06-30,Variable metadata completed,,,active,
FVC_1E,Drinks fruit juices yearly,Drinks fruit juices - no. of times/year,Continuous,"cchs2009_s, cchs2010_s, cchs2012_s",[FVC_1E],Fruits/vegetables,Health behaviour,N/A,,,2.2.0,2025-06-30,Variable metadata completed,,,active,
FVC_2A,Eats fruit unit,Eats fruit - reporting unit,Categorical,"cchs2009_s, cchs2010_s, cchs2012_s",[FVC_2A],Fruits/vegetables,Health behaviour,N/A,,,2.2.0,2025-06-30,Variable metadata completed,,,active,
FVC_2B,Eats fruit daily,Eats fruit - no. of times/day,Continuous,"cchs2009_s, cchs2010_s, cchs2012_s",[FVC_2B],Fruits/vegetables,Health behaviour,N/A,,,2.2.0,2025-06-30,Variable metadata completed,,,active,
FVC_2C,Eats fruit weekly,Eats fruit - no. of times/week,Continuous,"cchs2009_s, cchs2010_s, cchs2012_s",[FVC_2C],Fruits/vegetables,Health behaviour,N/A,,,2.2.0,2025-06-30,Variable metadata completed,,,active,
FVC_2D,Eats fruit monthly,Eats fruit - no. of times/month,Continuous,"cchs2009_s, cchs2010_s, cchs2012_s",[FVC_2D],Fruits/vegetables,Health behaviour,N/A,,,2.2.0,2025-06-30,Variable metadata completed,,,active,
FVC_2E,Eats fruit yearly,Eats fruit - no. of times/year,Continuous,"cchs2009_s, cchs2010_s, cchs2012_s",[FVC_2E],Fruits/vegetables,Health behaviour,N/A,,,2.2.0,2025-06-30,Variable metadata completed,,,active,
FVC_3A,Eats green salad unit,Eats green salad - reporting unit,Categorical,"cchs2009_s, cchs2010_s, cchs2012_s",[FVC_3A],Fruits/vegetables,Health behaviour,N/A,,,2.2.0,2025-06-30,Variable metadata completed,,,active,
FVC_3B,Eats green salad daily,Eats green salad - no. of times/day,Continuous,"cchs2009_s, cchs2010_s, cchs2012_s",[FVC_3B],Fruits/vegetables,Health behaviour,N/A,,,2.2.0,2025-06-30,Variable metadata completed,,,active,
FVC_3C,Eats green salad weekly,Eats green salad - no. of times/week,Continuous,"cchs2009_s, cchs2010_s, cchs2012_s",[FVC_3C],Fruits/vegetables,Health behaviour,N/A,,,2.2.0,2025-06-30,Variable metadata completed,,,active,
FVC_3D,Eats green salad monthly,Eats green salad - no. of times/month,Continuous,"cchs2009_s, cchs2010_s, cchs2012_s",[FVC_3D],Fruits/vegetables,Health behaviour,N/A,,,2.2.0,2025-06-30,Variable metadata completed,,,active,
FVC_3E,Eats green salad yearly,Eats green salad - no. of times/year,Continuous,"cchs2009_s, cchs2010_s, cchs2012_s",[FVC_3E],Fruits/vegetables,Health behaviour,N/A,,,2.2.0,2025-06-30,Variable metadata completed,,,active,
FVC_4A,Eats potatoes unit,Eats potatoes - reporting unit,Categorical,"cchs2009_s, cchs2010_s, cchs2012_s",[FVC_4A],Fruits/vegetables,Health behaviour,N/A,,,2.2.0,2025-06-30,Variable metadata completed,,,active,
FVC_4B,Eats potatoes daily,Eats potatoes - no. of times/day,Continuous,"cchs2009_s, cchs2010_s, cchs2012_s",[FVC_4B],Fruits/vegetables,Health behaviour,N/A,,,2.2.0,2025-06-30,Variable metadata completed,,,active,
FVC_4C,Eats potatoes weekly,Eats potatoes - no. of times/week,Continuous,"cchs2009_s, cchs2010_s, cchs2012_s",[FVC_4C],Fruits/vegetables,Health behaviour,N/A,,,2.2.0,2025-06-30,Variable metadata completed,,,active,
FVC_4D,Eats potatoes monthly,Eats potatoes - no. of times/month,Continuous,"cchs2009_s, cchs2010_s, cchs2012_s",[FVC_4D],Fruits/vegetables,Health behaviour,N/A,,,2.2.0,2025-06-30,Variable metadata completed,,,active,
FVC_4E,Eats potatoes  yearly,Eats potatoes - no. of times/year,Continuous,"cchs2009_s, cchs2010_s, cchs2012_s",[FVC_4E],Fruits/vegetables,Health behaviour,N/A,,,2.2.0,2025-06-30,Variable metadata completed,,,active,
FVC_5A,Eats carrots unit,Eats carrots - reporting unit,Categorical,"cchs2009_s, cchs2010_s, cchs2012_s",[FVC_5A],Fruits/vegetables,Health behaviour,N/A,,,2.2.0,2025-06-30,Variable metadata completed,,,active,
FVC_5B,Eats carrots daily,Eats carrots - no. of times/day,Continuous,"cchs2009_s, cchs2010_s, cchs2012_s",[FVC_5B],Fruits/vegetables,Health behaviour,N/A,,,2.2.0,2025-06-30,Variable metadata completed,,,active,
FVC_5C,Eats carrots weekly,Eats carrots - no. of times/week,Continuous,"cchs2009_s, cchs2010_s, cchs2012_s",[FVC_5C],Fruits/vegetables,Health behaviour,N/A,,,2.2.0,2025-06-30,Variable metadata completed,,,active,
FVC_5D,Eats carrots monthly,Eats carrots - no. of times/month,Continuous,"cchs2009_s, cchs2010_s, cchs2012_s",[FVC_5D],Fruits/vegetables,Health behaviour,N/A,,,2.2.0,2025-06-30,Variable metadata completed,,,active,
FVC_5E,Eats carrots  yearly,Eats carrots - no. of times/year,Continuous,"cchs2009_s, cchs2010_s, cchs2012_s",[FVC_5E],Fruits/vegetables,Health behaviour,N/A,,,2.2.0,2025-06-30,Variable metadata completed,,,active,
FVC_6A,Eats other vegetables unit,Eats other vegetables - reporting unit,Categorical,"cchs2009_s, cchs2010_s, cchs2012_s",[FVC_6A],Fruits/vegetables,Health behaviour,N/A,,,2.2.0,2025-06-30,Variable metadata completed,,,active,
FVC_6B,Eats other vegetables daily,Eats other vegetables - servings/day,Continuous,"cchs2009_s, cchs2010_s, cchs2012_s",[FVC_6B],Fruits/vegetables,Health behaviour,N/A,,,2.2.0,2025-06-30,Variable metadata completed,,,active,
FVC_6C,Eats other vegetables weekly,Eats other vegetables - servings/week,Continuous,"cchs2009_s, cchs2010_s, cchs2012_s",[FVC_6C],Fruits/vegetables,Health behaviour,N/A,,,2.2.0,2025-06-30,Variable metadata completed,,,active,
FVC_6D,Eats other vegetables monthly,Eats other vegetables - servings/month,Continuous,"cchs2009_s, cchs2010_s, cchs2012_s",[FVC_6D],Fruits/vegetables,Health behaviour,N/A,,,2.2.0,2025-06-30,Variable metadata completed,,,active,
FVC_6E,Eats other vegetables yearly,Eats other vegetables - servings/year,Continuous,"cchs2009_s, cchs2010_s, cchs2012_s",[FVC_6E],Fruits/vegetables,Health behaviour,N/A,,,2.2.0,2025-06-30,Variable metadata completed,,,active,
FVCDCAR,Carrot consumption,Daily consumption - carrots (D),Continuous,"cchs2001_p, cchs2003_p, cchs2005_p, cchs2007_2008_p, cchs2009_2010_p, cchs2010_p, cchs2011_2012_p, cchs2012_p, cchs2013_2014_p, cchs2014_p, cchs2015_2016_p, cchs2017_2018_p, cchs2009_s, cchs2010_s, cchs2012_s","cchs2001_p::FVCADCAR, cchs2003_p::FVCCDCAR, cchs2005_p::FVCEDCAR, cchs2015_2016_p::FVCDVORA, cchs2017_2018_p::FVCDVORA, [FVCDCAR]",Diet,Health behaviour,N/A,,,2.2.0,2025-06-30,Variable metadata completed,,,active,
FVCDFRU,Fruit consumption,Daily consumption - fruit - (D),Continuous,"cchs2001_p, cchs2003_p, cchs2005_p, cchs2007_2008_p, cchs2009_2010_p, cchs2010_p, cchs2011_2012_p, cchs2012_p, cchs2013_2014_p, cchs2014_p, cchs2015_2016_p, cchs2017_2018_p, cchs2009_s, cchs2010_s, cchs2012_s","cchs2001_p::FVCADFRU, cchs2003_p::FVCCDFRU, cchs2005_p::FVCEDFRU, cchs2015_2016_p::FVCDVFRU, cchs2017_2018_p::FVCDVFRU, [FVCDFRU]",Diet,Health behaviour,N/A,,,2.2.0,2025-06-30,Variable metadata completed,,,active,
FVCDJUI,Juice consumption,Daily consumption - fruit juice (D),Continuous,"cchs2001_p, cchs2003_p, cchs2005_p, cchs2007_2008_p, cchs2009_2010_p, cchs2010_p, cchs2011_2012_p, cchs2012_p, cchs2013_2014_p, cchs2014_p, cchs2015_2016_p, cchs2017_2018_p, cchs2009_s, cchs2010_s, cchs2012_s","cchs2001_p::FVCADJUI, cchs2003_p::FVCCDJUI, cchs2005_p::FVCEDJUI, cchs2015_2016_p::FVCDVJUI, cchs2017_2018_p::FVCDVJUI, [FVCDJUI]",Diet,Health behaviour,N/A,,,2.2.0,2025-06-30,Variable metadata completed,,,active,
FVCDPOT,Potato consumption,Daily consumption - potatoes (D),Continuous,"cchs2001_p, cchs2003_p, cchs2005_p, cchs2007_2008_p, cchs2009_2010_p, cchs2010_p, cchs2011_2012_p, cchs2012_p, cchs2013_2014_p, cchs2014_p, cchs2015_2016_p, cchs2017_2018_p, cchs2009_s, cchs2010_s, cchs2012_s","cchs2001_p::FVCADPOT, cchs2003_p::FVCCDPOT, cchs2005_p::FVCEDPOT, cchs2015_2016_p::FVCDVPOT, cchs2017_2018_p::FVCDVPOT, [FVCDPOT]",Diet,Health behaviour,N/A,,,2.2.0,2025-06-30,Variable metadata completed,,,active,
FVCDSAL,Salad consumption,Daily consumption - green salad - (D),Continuous,"cchs2001_p, cchs2003_p, cchs2005_p, cchs2007_2008_p, cchs2009_2010_p, cchs2010_p, cchs2011_2012_p, cchs2012_p, cchs2013_2014_p, cchs2014_p, cchs2015_2016_p, cchs2017_2018_p, cchs2009_s, cchs2010_s, cchs2012_s","cchs2001_p::FVCADSAL, cchs2003_p::FVCCDSAL, cchs2005_p::FVCEDSAL, cchs2015_2016_p::FVCDVGRN, cchs2017_2018_p::FVCDVGRN, [FVCDSAL]",Diet,Health behaviour,N/A,,,2.2.0,2025-06-30,Variable metadata completed,,,active,
FVCDTOT,Total fruit/veg consumption,Daily consumptoin - total fruits and veg. - (D),Continuous,"cchs2001_p, cchs2003_p, cchs2005_p, cchs2007_2008_p, cchs2009_2010_p, cchs2010_p, cchs2011_2012_p, cchs2012_p, cchs2013_2014_p, cchs2014_p, cchs2015_2016_p, cchs2017_2018_p, cchs2009_s, cchs2010_s, cchs2012_s","cchs2001_p::FVCADTOT, cchs2003_p::FVCCDTOT, cchs2005_p::FVCEDTOT, cchs2015_2016_p::FVCDVTOT, cchs2017_2018_p::FVCDVTOT, [FVCDTOT]",Diet,Health behaviour,N/A,,,2.2.0,2025-06-30,Variable metadata completed,,,active,
FVCDVEG,Other veg consumption,Daily consumption other vegetables - (D),Continuous,"cchs2001_p, cchs2003_p, cchs2005_p, cchs2007_2008_p, cchs2009_2010_p, cchs2010_p, cchs2011_2012_p, cchs2012_p, cchs2013_2014_p, cchs2014_p, cchs2015_2016_p, cchs2017_2018_p, cchs2009_s, cchs2010_s, cchs2012_s","cchs2001_p::FVCADVEG, cchs2003_p::FVCCDVEG, cchs2005_p::FVCEDVEG, cchs2015_2016_p::FVCDVVEG, cchs2017_2018_p::FVCDVVEG, [FVCDVEG]",Diet,Health behaviour,N/A,,,2.2.0,2025-06-30,Variable metadata completed,,,active,
GEN_01,Self-perceived health,Self-perceived health,Categorical,"cchs2001_p, cchs2003_p, cchs2005_p, cchs2007_2008_p, cchs2009_2010_p, cchs2010_p, cchs2011_2012_p, cchs2012_p, cchs2013_2014_p, cchs2014_p, cchs2015_2016_p, cchs2017_2018_p, cchs2009_s, cchs2010_s, cchs2012_s","cchs2001_p::GENA_01, cchs2003_p::GENC_01, cchs2005_p::GENE_01, cchs2015_2016_p::GEN_005, cchs2017_2018_p::GEN_005, [GEN_01]",Self-perceived health,Health status,N/A,,,2.2.0,2025-06-30,Variable metadata completed,,,active,
GEN_02A,Life satisfaction_cat,Satisfaction with life,Categorical,"cchs2003_p, cchs2005_p, cchs2007_2008_p","cchs2003_p::GENC_02A, cchs2005_p::GENE_02A, [GEN_02A]",Satisfaction with life,Health status,N/A,,,2.2.0,2025-06-30,Variable metadata completed,,,active,
GEN_02A2,Life satisfaction_cont,Satisfaction with life in general,Continuous,"cchs2003_p, cchs2005_p, cchs2007_2008_p, cchs2009_2010_p, cchs2010_p, cchs2011_2012_p, cchs2012_p, cchs2013_2014_p, cchs2014_p, cchs2015_2016_p, cchs2017_2018_p, cchs2009_s, cchs2010_s, cchs2012_s","cchs2003_p::GENC_02A, cchs2005_p::GENE_02A, cchs2007_2008_p::GEN_02A, cchs2015_2016_p::GEN_010, cchs2017_2018_p::GEN_010, [GEN_02A2]",Satisfaction with life,Health status,N/A,,,2.2.0,2025-06-30,Variable metadata completed,,,active,
GEN_02B,Self-perceived mental health,Self-perceived mental health,Categorical,"cchs2003_p, cchs2005_p, cchs2007_2008_p, cchs2009_2010_p, cchs2010_p, cchs2011_2012_p, cchs2012_p, cchs2013_2014_p, cchs2014_p, cchs2015_2016_p, cchs2017_2018_p, cchs2009_s, cchs2010_s, cchs2012_s","cchs2003_p::GENC_02B, cchs2005_p::GENE_02B, cchs2015_2016_p::GEN_015, cchs2017_2018_p::GEN_015, [GEN_02B]",Mental health,Health status,N/A,,,2.2.0,2025-06-30,Variable metadata completed,,,active,
GEN_07,Self-perceived life stress,Self-perceived life stress,Categorical,"cchs2001_p, cchs2003_p, cchs2005_p, cchs2007_2008_p, cchs2009_2010_p, cchs2010_p, cchs2011_2012_p, cchs2012_p, cchs2013_2014_p, cchs2014_p, cchs2015_2016_p, cchs2017_2018_p, cchs2009_s, cchs2010_s, cchs2012_s","cchs2001_p::GENA_07, cchs2003_p::GENC_07, cchs2005_p::GENE_07, cchs2015_2016_p::GEN_020, cchs2017_2018_p:: GEN_020, [GEN_07]",Mental health,Health status,N/A,,,2.2.0,2025-06-30,Variable metadata completed,,,active,
GEN_09,Self-perceived work stress,Self-perceived work stress,Categorical,"cchs2001_p, cchs2003_p, cchs2005_p, cchs2007_2008_p, cchs2009_2010_p, cchs2010_p, cchs2011_2012_p, cchs2012_p, cchs2013_2014_p, cchs2014_p, cchs2015_2016_p, cchs2017_2018_p, cchs2009_s, cchs2010_s, cchs2012_s","cchs2001_p::GENA_09, cchs2003_p::GENC_09, cchs2005_p::GENE_09, cchs2015_2016_p::GEN_025, cchs2017_2018_p::GEN_025, [GEN_09]",Mental health,Health status,N/A,,,2.2.0,2025-06-30,Variable metadata completed,,,active,
GEN_10,Sense of belonging,Sense of belonging in the community,Categorical,"cchs2001_p, cchs2003_p, cchs2005_p, cchs2007_2008_p, cchs2009_2010_p, cchs2010_p, cchs2011_2012_p, cchs2012_p, cchs2013_2014_p, cchs2014_p, cchs2015_2016_p, cchs2017_2018_p, cchs2009_s, cchs2010_s, cchs2012_s","cchs2001_p::GENA_10, cchs2003_p::GENC_10, cchs2005_p::GENE_10, cchs2015_2016_p::GEN_030, cchs2017_2018_p::GEN_030, [GEN_10]",Mental health,Health status,N/A,,,2.2.0,2025-06-30,Variable metadata completed,,,active,
GEODPMF,Health Region - (G),Health Region - (G),Categorical,"cchs2013_2014_p, cchs2014_p",[GEODPMF],Health region,Demographics,N/A,,,2.2.0,2025-06-30,Variable metadata completed,,,active,
GEOGPRV,Province,Province of residence of respondent (G),Categorical,"cchs2001_p, cchs2003_p, cchs2005_p, cchs2007_2008_p, cchs2009_2010_p, cchs2010_p, cchs2011_2012_p, cchs2012_p, cchs2013_2014_p, cchs2014_p, cchs2015_2016_p, cchs2017_2018_p, cchs2009_s, cchs2010_s, cchs2012_s","cchs2001_p::GEOAGPRV, cchs2003_p::GEOCGPRV, cchs2005_p::GEOEGPRV, cchs2015_2016_p::GEO_PRV, cchs2017_2018_p::GEO_PRV, cchs2009_s::GEO_PRV, cchs2010_s::GEO_PRV, cchs2012_s::GEO_PRV, [GEOGPRV]",Province,Demographics,N/A,,,2.2.0,2025-06-30,Variable metadata completed,,,active,
HCU_1AA,Has regular medical doctor,Do you have a regular medical doctor?,Categorical,"cchs2001_p, cchs2003_p, cchs2005_p, cchs2007_2008_p, cchs2009_2010_p, cchs2010_p, cchs2011_2012_p, cchs2012_p, cchs2013_2014_p, cchs2014_p, cchs2015_2016_p, cchs2017_2018_p, cchs2009_s, cchs2010_s, cchs2012_s","cchs2001_p::TWDA_5, cchs2003_p::HCUC_1AA, cchs2005_p::HCUE_1AA, cchs2015_2016_p::PHC_020, cchs2017_2018_p::PHC_020, [HCU_1AA]",Medical care,Health care use,N/A,,,2.2.0,2025-06-30,Variable metadata completed,,,active,
HUIDCOG,HUI Cognition,Cognition prob. - function code - (D),Categorical,"cchs2001_p, cchs2003_p, cchs2005_p, cchs2007_2008_p, cchs2009_2010_p, cchs2010_p, cchs2012_p, cchs2013_2014_p, cchs2014_p, cchs2015_2016_p, cchs2009_s, cchs2010_s, cchs2012_s","cchs2001_p::HUIADCOG, cchs2003_p::HUICDCOG, cchs2005_p::HUIEDCOG, cchs2015_2016_p::HUIDVCOG, [HUIDCOG]",Health utility index,Health status,N/A,,,2.2.0,2025-06-30,Variable metadata completed,,,active,
HUIDEMO,HUI Emotion,Emotional problems - function code - (D),Categorical,"cchs2001_p, cchs2003_p, cchs2005_p, cchs2007_2008_p, cchs2009_2010_p, cchs2010_p, cchs2012_p, cchs2013_2014_p, cchs2014_p, cchs2015_2016_p, cchs2009_s, cchs2010_s, cchs2012_s","cchs2001_p::HUIADEMO, cchs2003_p::HUICDEMO, cchs2005_p::HUIEDEMO, cchs2015_2016_p::HUIDVEMO, [HUIDEMO]",Health utility index,Health status,N/A,,,2.2.0,2025-06-30,Variable metadata completed,,,active,
HUIDHSI,Overall HUI,Categorical Health Utility Index (HUI3),Continuous,"cchs2001_p, cchs2003_p, cchs2005_p, cchs2007_2008_p, cchs2009_2010_p, cchs2010_p, cchs2012_p, cchs2013_2014_p, cchs2014_p, cchs2015_2016_p, cchs2009_s, cchs2010_s, cchs2012_s","cchs2001_p::HUIADHSI, cchs2003_p::HUICDHSI, cchs2005_p::HUIEDHSI, cchs2015_2016_p::HUIDVHSI, [HUIDHSI]",Health utility index,Health status,N/A,,,2.2.0,2025-06-30,Variable metadata completed,,,active,
HUIDHSI_cat10,Overall HUI,Categorical Health Utility Index (HUI3),Categorical,"cchs2001_p, cchs2003_p, cchs2005_p, cchs2007_2008_p, cchs2009_2010_p, cchs2010_p, cchs2012_p, cchs2013_2014_p, cchs2014_p, cchs2015_2016_p, cchs2009_s, cchs2010_s, cchs2012_s","cchs2001_p::HUIADHSI, cchs2003_p::HUICDHSI, cchs2005_p::HUIEDHSI, cchs2015_2016_p::HUIDVHSI, [HUIDHSI]",Health utility index,Health status,N/A,,,2.2.0,2025-06-30,Variable metadata completed,,,active,
HUIDHSI_cat20,Overall HUI,Categorical Health Utility Index (HUI3),Categorical,"cchs2001_p, cchs2003_p, cchs2005_p, cchs2007_2008_p, cchs2009_2010_p, cchs2010_p, cchs2012_p, cchs2013_2014_p, cchs2014_p, cchs2015_2016_p, cchs2009_s, cchs2010_s, cchs2012_s","cchs2001_p::HUIADHSI, cchs2003_p::HUICDHSI, cchs2005_p::HUIEDHSI, cchs2015_2016_p::HUIDVHSI, [HUIDHSI]",Health utility index,Health status,N/A,,,2.2.0,2025-06-30,Variable metadata completed,,,active,
HUIDHSI_cat50,Overall HUI,Categorical Health Utility Index (HUI3),Categorical,"cchs2001_p, cchs2003_p, cchs2005_p, cchs2007_2008_p, cchs2009_2010_p, cchs2010_p, cchs2012_p, cchs2013_2014_p, cchs2014_p, cchs2015_2016_p, cchs2009_s, cchs2010_s, cchs2012_s","cchs2001_p::HUIADHSI, cchs2003_p::HUICDHSI, cchs2005_p::HUIEDHSI, cchs2015_2016_p::HUIDVHSI, [HUIDHSI]",Health utility index,Health status,N/A,,,2.2.0,2025-06-30,Variable metadata completed,,,active,
HUIGDEX,HUI Dexterity,"Dexterity trouble - function code (D, G)",Categorical,"cchs2001_p, cchs2003_p, cchs2005_p, cchs2007_2008_p, cchs2009_2010_p, cchs2010_p, cchs2012_p, cchs2013_2014_p, cchs2014_p, cchs2015_2016_p, cchs2009_s, cchs2010_s, cchs2012_s","cchs2001_p::HUIAGDEX, cchs2003_p::HUICGDEX, cchs2005_p::HUIEGDEX, cchs2015_2016_p::HUIDGDEX, cchs2009_s::HUIDDEX, cchs2010_s::HUIDDEX, cchs2012_s::HUIDDEX, [HUIGDEX]",Health utility index,Health status,N/A,,,2.2.0,2025-06-30,Variable metadata completed,,,active,
HUIGHER,HUI Hearing,"Hearing problems - function code (D, G)",Categorical,"cchs2001_p, cchs2003_p, cchs2005_p, cchs2007_2008_p, cchs2009_2010_p, cchs2010_p, cchs2012_p, cchs2013_2014_p, cchs2014_p, cchs2015_2016_p, cchs2009_s, cchs2010_s, cchs2012_s","cchs2001_p::HUIAGHER, cchs2003_p::HUICGHER, cchs2005_p::HUIEGHER, cchs2015_2016_p::HUIDGHER, cchs2009_s::HUIDHER, cchs2010_s::HUIDHER, cchs2012_s::HUIDHER, [HUIGHER]",Health utility index,Health status,N/A,,,2.2.0,2025-06-30,Variable metadata completed,,,active,
HUIGMOB,HUI Mobility,"Mobility trouble - function code (D, G)",Categorical,"cchs2001_p, cchs2003_p, cchs2005_p, cchs2007_2008_p, cchs2009_2010_p, cchs2010_p, cchs2012_p, cchs2013_2014_p, cchs2014_p, cchs2015_2016_p, cchs2009_s, cchs2010_s, cchs2012_s","cchs2001_p::HUIAGMOB, cchs2003_p::HUICGMOB, cchs2005_p::HUIEGMOB, cchs2015_2016_p::HUIDGMOB, cchs2009_s::HUIDMOB, cchs2010_s::HUIDMOB, cchs2012_s::HUIDMOB, [HUIGMOB]",Health utility index,Health status,N/A,,,2.2.0,2025-06-30,Variable metadata completed,,,active,
HUIGSPE,HUI Speech,"Speech trouble - function code - (D, G)",Categorical,"cchs2001_p, cchs2003_p, cchs2005_p, cchs2007_2008_p, cchs2009_2010_p, cchs2010_p, cchs2012_p, cchs2013_2014_p, cchs2014_p, cchs2015_2016_p, cchs2009_s, cchs2010_s, cchs2012_s","cchs2001_p::HUIAGSPE, cchs2003_p::HUICGSPE, cchs2005_p::HUIEGSPE, cchs2015_2016_p::HUIDGSPE, cchs2009_s::HUIDSPE, cchs2010_s::HUIDSPE, cchs2012_s::HUIDSPE, [HUIGSPE]",Health utility index,Health status,N/A,,,2.2.0,2025-06-30,Variable metadata completed,,,active,
HUIGVIS,HUI Vision,"Vision trouble - function code - (D, G)",Categorical,"cchs2001_p, cchs2003_p, cchs2005_p, cchs2007_2008_p, cchs2009_2010_p, cchs2010_p, cchs2012_p, cchs2013_2014_p, cchs2014_p, cchs2015_2016_p, cchs2009_s, cchs2010_s, cchs2012_s","cchs2001_p::HUIAGVIS, cchs2003_p::HUICGVIS, cchs2005_p::HUIEGVIS, cchs2015_2016_p::HUIDGVIS, cchs2009_s::HUIDVIS, cchs2010_s::HUIDVIS, cchs2012_s::HUIDVIS, [HUIGVIS]",Health utility index,Health status,N/A,,,2.2.0,2025-06-30,Variable metadata completed,,,active,
HUPDPAD,HUI Pain,Act. prevent/pain - function code - (D),Categorical,"cchs2001_p, cchs2003_p, cchs2005_p, cchs2007_2008_p, cchs2009_2010_p, cchs2010_p, cchs2012_p, cchs2013_2014_p, cchs2014_p, cchs2015_2016_p, cchs2009_s, cchs2010_s, cchs2012_s","cchs2001_p::HUIADPAD, cchs2003_p::HUICDPAD, cchs2005_p::HUIEDPAD, cchs2015_2016_p::HUIDVPAD, [HUPDPAD]",Health utility index,Health status,N/A,,,2.2.0,2025-06-30,Variable metadata completed,,,active,
HWTGBMI,BMI,"BMI / self-report - (D,G)",Continuous,"cchs2001_p, cchs2003_p, cchs2005_p, cchs2007_2008_p, cchs2009_2010_p, cchs2010_p, cchs2011_2012_p, cchs2012_p, cchs2013_2014_p, cchs2014_p, cchs2015_2016_p, cchs2017_2018_p, cchs2009_s, cchs2010_s, cchs2012_s","cchs2001_p::HWTAGBMI, cchs2003_p::HWTCGBMI, cchs2005_p::HWTEGBMI, cchs2015_2016_p::HWTDGBMI, cchs2017_2018_p::HWTDGBMI, [HWTGBMI]",BMI,Health status,kg/m2,,,2.2.0,2025-06-30,Variable metadata completed,,,active,
HWTGBMI_der,Derived BMI,Derived Body Mass Index,Continuous,"cchs2001_p, cchs2003_p, cchs2005_p, cchs2007_2008_p, cchs2009_2010_p, cchs2010_p, cchs2011_2012_p, cchs2012_p, cchs2013_2014_p, cchs2014_p, cchs2015_2016_p, cchs2017_2018_p, cchs2009_s, cchs2010_s, cchs2012_s","DerivedVar::[HWTGHTM, HWTGWTK]",BMI,Health status,kg/m2,,,2.2.0,2025-06-30,Variable metadata completed,,,active,
HWTGBMI_der_cat4,BMI,Categorical body mass index,Categorical,"cchs2001_p, cchs2003_p, cchs2005_p, cchs2007_2008_p, cchs2009_2010_p, cchs2010_p, cchs2011_2012_p, cchs2012_p, cchs2013_2014_p, cchs2014_p, cchs2015_2016_p, cchs2017_2018_p, cchs2009_s, cchs2010_s, cchs2012_s",DerivedVar::[HWTGBMI_der],BMI,Health status,kg/m2,,Derived categorical variable using HWTGBMI,2.2.0,2025-06-30,Variable metadata completed,,,active,
HWTGCOR,Adjusted BMI,Adjusted BMI,Continuous,"cchs2015_2016_p, cchs2017_2018_p",[HWTDGCOR],BMI,Health status,kg/m2,,,2.2.0,2025-06-30,Variable metadata completed,,,active,
HWTGCOR_der,Derived adjusted BMI,Derived adjusted BMI,Continuous,"cchs2001_p, cchs2003_p, cchs2005_p, cchs2007_2008_p, cchs2009_2010_p, cchs2010_p, cchs2011_2012_p, cchs2012_p, cchs2013_2014_p, cchs2014_p, cchs2015_2016_p, cchs2017_2018_p, cchs2009_s, cchs2010_s, cchs2012_s","DerivedVar::[DHH_SEX, HWTGHTM, HWTGWTK]",BMI,Health status,kg/m2,,,2.2.0,2025-06-30,Variable metadata completed,,,active,
HWTGHTM,Height,"Height (metres)/self-reported - (D,G)",Continuous,"cchs2001_p, cchs2003_p, cchs2005_p, cchs2007_2008_p, cchs2009_2010_p, cchs2010_p, cchs2011_2012_p, cchs2012_p, cchs2013_2014_p, cchs2014_p, cchs2015_2016_p, cchs2017_2018_p, cchs2009_s, cchs2010_s, cchs2012_s","cchs2001_p::HWTAGHT, cchs2003_p::HWTCGHT, cchs2005_p::HWTEGHTM, cchs2015_2016_p::HWTDGHTM, cchs2017_2018_p::HWTDGHTM, [HWTGHTM]",Height,Health status,meters,,,2.2.0,2025-06-30,Variable metadata completed,,,active,
HWTGWTK,Weight,"Weight - kilograms (D, G)",Continuous,"cchs2001_p, cchs2003_p, cchs2005_p, cchs2007_2008_p, cchs2009_2010_p, cchs2010_p, cchs2011_2012_p, cchs2012_p, cchs2013_2014_p, cchs2014_p, cchs2015_2016_p, cchs2017_2018_p, cchs2009_s, cchs2010_s, cchs2012_s","cchs2001_p::HWTAGWTK, cchs2003_p::HWTCGWTK, cchs2005_p::HWTEGWTK, cchs2015_2016_p::HWTDGWTK, cchs2017_2018_p::HWTDGWTK, [HWTGWTK]",Weight,Health status,kg,,,2.2.0,2025-06-30,Variable metadata completed,,,active,
immigration_der,Immigration,Immigration category,Categorical,"cchs2001_p, cchs2003_p, cchs2005_p, cchs2007_2008_p, cchs2009_2010_p, cchs2010_p, cchs2011_2012_p, cchs2012_p, cchs2013_2014_p, cchs2014_p, cchs2015_2016_p, cchs2017_2018_p, cchs2009_s, cchs2010_s, cchs2012_s","DerivedVar::[SDCFIMM, SDCGCBG, SDCGCGT, SDCGRES]",Migration,Sociodemographics,N/A,,,2.2.0,2025-06-30,Variable metadata completed,,,active,
INCDRCA,Household income distribution,Household income distribution - (D),Categorical,"cchs2005_p, cchs2007_2008_p, cchs2009_2010_p, cchs2010_p, cchs2011_2012_p, cchs2012_p, cchs2013_2014_p, cchs2014_p, cchs2015_2016_p, cchs2017_2018_p, cchs2009_s, cchs2010_s, cchs2012_s","cchs2005_p::INCEDRCA, cchs2015_2016_p::INCDVRCA, cchs2017_2018_p::INCDVRCA, [INCDRCA]",Income,Sociodemographics,N/A,,,2.2.0,2025-06-30,Variable metadata completed,,,active,
INCDRPR,Household income distribution provincial level,Hhld inc. distribution-prov. level - (D),Categorical,"cchs2005_p, cchs2007_2008_p, cchs2009_2010_p, cchs2010_p, cchs2011_2012_p, cchs2012_p, cchs2013_2014_p, cchs2014_p, cchs2015_2016_p, cchs2017_2018_p, cchs2009_s, cchs2010_s, cchs2012_s","cchs2005_p::INCEDRPR, cchs2015_2016_p::INCDVRPR, cchs2017_2018_p::INCDVRPR, [INCDRPR]",Income,Sociodemographics,N/A,,,2.2.0,2025-06-30,Variable metadata completed,,,active,
INCDRRS,Household income distribution health region level,Hhld inc. distribution- hr level - (D),Categorical,"cchs2005_p, cchs2007_2008_p, cchs2009_2010_p, cchs2010_p, cchs2011_2012_p, cchs2012_p, cchs2013_2014_p, cchs2014_p, cchs2015_2016_p, cchs2017_2018_p, cchs2009_s, cchs2010_s, cchs2012_s","cchs2005_p::INCEDRRS, cchs2015_2016_p::INCDVRRS, cchs2017_2018_p::INCDVRRS, [INCDRRS]",Income,Sociodemographics,N/A,,,2.2.0,2025-06-30,Variable metadata completed,,,active,
INCGHH_A,Household income,"Total household income from all sources (D, G)",Categorical,"cchs2001_p, cchs2009_s, cchs2010_s, cchs2012_s","cchs2001_p::INCAGHH, [INCDHH]",Income,Sociodemographics,$/year,,,2.2.0,2025-06-30,Variable metadata completed,,,active,
INCGHH_B,Household income,"Total household income from all sources (D, G)",Categorical,"cchs2001_p, cchs2003_p, cchs2005_p, cchs2009_s, cchs2010_s, cchs2012_s","cchs2001_p::INCAGHH, cchs2003_p::INCCGHH, cchs2005_p::INCEGHH, [INCDHH]",Income,Sociodemographics,$/year,,,2.2.0,2025-06-30,Variable metadata completed,,,active,
INCGHH_C,Household income,"Total household income from all sources (D, G)",Categorical,"cchs2007_2008_p, cchs2009_2010_p, cchs2010_p, cchs2011_2012_p, cchs2012_p, cchs2013_2014_p, cchs2014_p, cchs2015_2016_p, cchs2017_2018_p, cchs2009_s, cchs2010_s, cchs2012_s","cchs2015_2016_p::INCDGHH, cchs2017_2018_p::INCDGHH, cchs2009_s::INCDHH, cchs2010_s::INCDHH, cchs2012_s::INCDHH, [INCGHH]",Income,Sociodemographics,$/year,,,2.2.0,2025-06-30,Variable metadata completed,,,active,
INCGHH_cont,Household income,Total household income from all sources - continuous,Continuous,"cchs2001_p, cchs2003_p, cchs2005_p, cchs2007_2008_p, cchs2009_2010_p, cchs2010_p, cchs2011_2012_p, cchs2012_p, cchs2013_2014_p, cchs2014_p, cchs2015_2016_p, cchs2017_2018_p, cchs2009_s, cchs2010_s, cchs2012_s","cchs2001_p::INCAGHH, cchs2003_p::INCCGHH, cchs2005_p::INCEGHH, cchs2015_2016_p::INCDGHH, cchs2017_2018_p::INCDGHH, cchs2009_s::INCDHH, cchs2010_s::INCDHH, cchs2012_s::INCDHH, [INCGHH]",Income,Sociodemographics,$/year,,,2.2.0,2025-06-30,Variable metadata completed,,,active,
INCGHH_D,Household income,"Total household income from all sources (D, G)",Categorical,"cchs2009_s, cchs2010_s, cchs2012_s",[INCDHH],Income,Sociodemographics,$/year,,,2.2.0,2025-06-30,Variable metadata completed,,,active,
INCGHH_E,Household income,"Total household income from all sources (D, G)",Categorical,"cchs2009_s, cchs2010_s, cchs2012_s",[INCDHH],Income,Sociodemographics,$/year,,,2.2.0,2025-06-30,Variable metadata completed,,,active,
INCGHH_F,Household income,"Total household income from all sources (D, G)",Categorical,cchs2012_s,[INCDHH],Income,Sociodemographics,$/year,,,2.2.0,2025-06-30,Variable metadata completed,,,active,
INCGPER_A,Personal Income,"Total pers. inc. from all sources (D, G)",Categorical,"cchs2001_p, cchs2003_p, cchs2005_p, cchs2009_s, cchs2010_s, cchs2012_s","cchs2001_p::INCAGPER, cchs2003_p::INCCGPER, cchs2005_p::INCEGPER, [INCDPER]",Income,Sociodemographics,$/year,,,2.2.0,2025-06-30,Variable metadata completed,,,active,
INCGPER_B,Personal Income,"Total pers. inc. from all sources (D, G)",Categorical,"cchs2007_2008_p, cchs2009_2010_p, cchs2010_p, cchs2011_2012_p, cchs2012_p, cchs2013_2014_p, cchs2014_p, cchs2015_2016_p, cchs2017_2018_p, cchs2009_s, cchs2010_s, cchs2012_s","cchs2015_2016_p::INCDGPER, cchs2017_2018_p::INCDGPER, cchs2009_s::INCDPER, cchs2010_s::INCDPER, cchs2012_s::INCDPER, [INCGPER]",Income,Sociodemographics,$/year,,,2.2.0,2025-06-30,Variable metadata completed,,,active,
INCGPER_C,Personal Income,"Total pers. inc. from all sources (D, G)",Categorical,"cchs2009_s, cchs2010_s, cchs2012_s",[INCDPER],Income,Sociodemographics,$/year,,,2.2.0,2025-06-30,Variable metadata completed,,,active,
INCGPER_cont,Personal Income,"Total pers. inc. from all sources (D, G)",Continuous,"cchs2001_p, cchs2003_p, cchs2005_p, cchs2007_2008_p, cchs2009_2010_p, cchs2010_p, cchs2011_2012_p, cchs2012_p, cchs2013_2014_p, cchs2014_p, cchs2015_2016_p, cchs2017_2018_p, cchs2009_s, cchs2010_s, cchs2012_s","cchs2001_p::INCAGPER, cchs2003_p::INCCGPER, cchs2005_p::INCEGPER, cchs2015_2016_p::INCDGPER, cchs2017_2018_p::INCDGPER, cchs2009_s::INCDPER, cchs2010_s::INCDPER, cchs2012_s::INCDPER, [INCGPER]",Income,Sociodemographics,$/year,,,2.2.0,2025-06-30,Variable metadata completed,,,active,
INCGPER_D,Personal Income,"Total pers. inc. from all sources (D, G)",Categorical,"cchs2009_s, cchs2010_s, cchs2012_s",[INCDPER],Income,Sociodemographics,$/year,,,2.2.0,2025-06-30,Variable metadata completed,,,active,
INJ_01,Injured in past 12 months,Injured in past 12 months,Categorical,"cchs2001_p, cchs2003_p, cchs2005_p, cchs2007_2008_p, cchs2009_2010_p, cchs2010_p, cchs2011_2012_p, cchs2012_p, cchs2013_2014_p, cchs2014_p, cchs2015_2016_p, cchs2017_2018_p, cchs2009_s, cchs2010_s, cchs2012_s","cchs2001_p::INJA_01, cchs2003_p::INJC_01, cchs2005_p::INJE_01, [INJ_01]",Injury,Health status,N/A,,,2.2.0,2025-06-30,Variable metadata completed,,,active,
INJ_02,Number of injuries,Number of injuries in past 12 months,Categorical,"cchs2001_p, cchs2003_p, cchs2005_p, cchs2007_2008_p, cchs2009_2010_p, cchs2010_p, cchs2011_2012_p, cchs2012_p, cchs2013_2014_p, cchs2014_p, cchs2009_s, cchs2010_s, cchs2012_s","cchs2001_p::INJAG02, cchs2003_p::INJCG02, cchs2005_p::INJEG02, cchs2007_2008_p::INJ_02, cchs2009_s::INJ_02, cchs2010_s::INJ_02, cchs2012_s::INJ_02, [INJG02]",Injury,Health status,N/A,,,2.2.0,2025-06-30,Variable metadata completed,,,active,
INJ_05,Type of injury,Most serious injury - type,Categorical,"cchs2003_p, cchs2005_p, cchs2007_2008_p, cchs2009_2010_p, cchs2010_p, cchs2011_2012_p, cchs2012_p, cchs2013_2014_p, cchs2014_p, cchs2009_s, cchs2010_s, cchs2012_s","cchs2003_p::INJCG05, cchs2005_p::INJEG05, cchs2007_2008_p::INJ_05, cchs2009_s::INJ_05, cchs2010_s::INJ_05, cchs2012_s::INJ_05, [INJG05]",Injury,Health status,N/A,,,2.2.0,2025-06-30,Variable metadata completed,,,active,
INJ_05_A,Type of injury,Most serious injury - type,Categorical,"cchs2007_2008_p, cchs2009_s, cchs2010_s, cchs2012_s",[INJ_05],Injury,Health status,N/A,,,2.2.0,2025-06-30,Variable metadata completed,,,active,
INJ_06,Affected body part from injury,Most serious injury - body part affected,Categorical,"cchs2003_p, cchs2005_p, cchs2007_2008_p, cchs2009_2010_p, cchs2010_p, cchs2011_2012_p, cchs2012_p, cchs2013_2014_p, cchs2014_p, cchs2009_s, cchs2010_s, cchs2012_s","cchs2003_p::INJCG06, cchs2005_p::INJEG06, cchs2007_2008_p::INJ_06, cchs2009_s::INJ_06, cchs2010_s::INJ_06, cchs2012_s::INJ_06, [INJG06]",Injury,Health status,N/A,,,2.2.0,2025-06-30,Variable metadata completed,,,active,
INJ_08,Place of occurrence of injury,Most serious injury - place of occurrence,Categorical,"cchs2005_p, cchs2007_2008_p, cchs2009_2010_p, cchs2010_p, cchs2011_2012_p, cchs2012_p, cchs2013_2014_p, cchs2014_p, cchs2009_s, cchs2010_s, cchs2012_s","cchs2005_p::INJEG08, cchs2007_2008_p::INJ_06, cchs2009_s::INJ_06, cchs2010_s::INJ_06, cchs2012_s::INJ_06,[INJG08]",Injury,Health status,N/A,,,2.2.0,2025-06-30,Variable metadata completed,,,active,
LBFA_31A,Occupation group,Main job or business,Categorical,cchs2001_p,[LBFA_31A],Occupation,Sociodemographics,N/A,,,2.2.0,2025-06-30,Variable metadata completed,,,active,
LBFA_31A_a,Occupation group,Occupation Group,Categorical,"cchs2001_p, cchs2009_2010_p, cchs2010_p, cchs2011_2012_p, cchs2012_p, cchs2013_2014_p, cchs2014_p, cchs2015_2016_p, cchs2017_2018_p, cchs2009_s, cchs2010_s, cchs2012_s","cchs2001_p::LBFA_31A, cchs2015_2016_p::LBFDGOCG, cchs2017_2018_p::LBFDGOCG, cchs2009_s::LBSDOCG, cchs2010_s::LBSDOCG, cchs2012_s::LBSDOCG, [LBSGSOC]",Occupation,Sociodemographics,N/A,,"See Norwrouzi-Kia, et al. (2019) Int J Crit Illn Inj Sci. 2019 Jan-Mar; 9(1): 29:35. doi: 10.4103/IJCIIS.IJCIIS_43_18 and Nowrouzi-Kia, B., et al. (2018). Heart Disease and Occupational Risk Factors in the Canadian Population: An Exploratory Study Using the Canadian Community Health Survey."" Safety and Health at Work 9(2): 144-148. https://doi.org/10.1016/j.shaw.2017.07.008""",2.2.0,2025-06-30,Variable metadata completed,,,active,
LBFA_31A_b,Occupation group,Occupation Group,Categorical,"cchs2001_p, cchs2009_2010_p, cchs2010_p, cchs2011_2012_p, cchs2012_p, cchs2013_2014_p, cchs2014_p, cchs2015_2016_p, cchs2017_2018_p, cchs2009_s, cchs2010_s, cchs2012_s","cchs2001_p::LBFA_31A, cchs2015_2016_p::LBFDGOCG, cchs2017_2018_p::LBFDGOCG, cchs2009_s::LBSDOCG, cchs2010_s::LBSDOCG, cchs2012_s::LBSDOCG, [LBSGSOC]",Occupation,Sociodemographics,N/A,,"The exact same recoding as LBFA_31A_a except that the ""Other"" category in cchs2001_p was recoded to a new category ""Other"" rather than missing",2.2.0,2025-06-30,Variable metadata completed,,,active,
LBFA_31A_c,Occupation group,Occupation Group,Categorical,"cchs2009_s, cchs2010_s, cchs2012_s",[LBSDOCG],Occupation,Sociodemographics,N/A,,,2.2.0,2025-06-30,Variable metadata completed,,,active,
low_drink_score,Low risk drinking score,Low risk drinking score,Categorical,"cchs2001_p, cchs2003_p, cchs2005_p, cchs2007_2008_p, cchs2009_2010_p, cchs2010_p, cchs2011_2012_p, cchs2012_p, cchs2013_2014_p, cchs2014_p, cchs2015_2016_p, cchs2017_2018_p, cchs2009_s, cchs2010_s, cchs2012_s","DerivedVar::[DHH_SEX, ALWDWKY]",Alcohol,Health behaviour,N/A,,"Risk based on Canada's Low Risk Alcohol Drinking Guidelines. Refer to https://osf.io/eprg7/ . Derived from DHH_SEX, ALWDWKY.",2.2.0,2025-06-30,Variable metadata completed,,,active,
low_drink_score1,Low risk drinking score - former/never drinking,Low risk drinking score - former/never drinking,Categorical,"cchs2001_p, cchs2003_p, cchs2005_p, cchs2007_2008_p, cchs2015_2016_p, cchs2017_2018_p","DerivedVar::[DHH_SEX, ALWDWKY, ALC_005, ALC_1]",Alcohol,Health behaviour,N/A,,"Risk based on Canada's Low Risk Alcohol Drinking Guidelines. Refer to https://osf.io/eprg7/ . Derived from DHH_SEX, ALWDWKY, ALC_005, ALC_1.",2.2.0,2025-06-30,Variable metadata completed,,,active,
MED_1P,Sleeping pills,"In the past month, did you take sleeping pills",Categorical,"cchs2001_p, cchs2003_p, cchs2005_p, cchs2011_2012_p, cchs2012_p, cchs2012_s","cchs2001_p::DRGA_1P, cchs2003_p::MEDC_1P, cchs2005_p::MEDE_1P, [MED_1P]",Sleep,Health behaviour,N/A,,,2.2.0,2025-06-30,Variable metadata completed,,,active,
number_conditions,Number of conditions,Number of chronic conditions,Categorical,"cchs2001_p, cchs2003_p, cchs2005_p, cchs2007_2008_p, cchs2009_2010_p, cchs2010_p, cchs2011_2012_p, cchs2012_p, cchs2013_2014_p, cchs2014_p, cchs2009_s, cchs2010_s, cchs2012_s","DerivedVar::[CCC_121, CCC_131, CCC_151, CCC_171, resp_condition_der, CCC_051], DerivedVar::[CCC_121, CCC_131, CCC_151, CCC_171, CCC_280, resp_condition_der, CCC_051]",Chronic condition,Health status,N/A,,,2.2.0,2025-06-30,Variable metadata completed,,,active,
PAA_045,Sweat/breathe harder exercises (18+ years old),Time spent - sweat/breathe hard exercises in a week (18+ years old),Continuous,"cchs2015_2016_p, cchs2017_2018_p, cchs2015_2016_m, cchs2017_2018_m",[PAA_045],Exercise,Health behaviour,hours/week,,,2.1.0,2025-06-30,Variable metadata completed,,,active,
PAA_050,Sweat/breathe harder exercises (18+ years old),Time spent - sweat/breathe hard exercises in a week (18+ years old),Continuous,"cchs2015_2016_p, cchs2017_2018_p, cchs2015_2016_m, cchs2017_2018_m",[PAA_050],Exercise,Health behaviour,minutes/week,,,2.1.0,2025-06-30,Variable metadata completed,,,active,
PAA_075,Sweat/breathe harder activities (18+ years old),Time spent - sweat/breathe hard activities in a week (18+ years old),Continuous,"cchs2015_2016_p, cchs2017_2018_p, cchs2015_2016_m, cchs2017_2018_m",[PAA_075],Exercise,Health behaviour,hours/week,,,2.1.0,2025-06-30,Variable metadata completed,,,active,
PAA_080,Sweat/breathe harder activities (18+ years old),Time spent - sweat/breathe hard activities in a week (18+ years old),Continuous,"cchs2015_2016_p, cchs2017_2018_p, cchs2015_2016_m, cchs2017_2018_m",[PAA_080],Exercise,Health behaviour,minutes/week,,,2.1.0,2025-06-30,Variable metadata completed,,,active,
PAADVDYS,Active days (18+ years old),Number of active days (18+ years old),Continuous,"cchs2015_2016_p, cchs2017_2018_p, cchs2015_2016_m, cchs2017_2018_m",[PAADVDYS],Exercise,Health behaviour,days,,,2.1.0,2025-06-30,Variable metadata completed,,,active,
PAADVTRV,Active transportation (18+ years old),Time spent - active transportation in a week (18+ years old),Continuous,"cchs2015_2016_p, cchs2017_2018_p",[PAADVTRV],Exercise,Health behaviour,minutes/week,,,2.2.0,2025-06-30,Variable metadata completed,,,active,
PAADVVIG,Vigorous activity (18+ years old),Time spent - vigorous activity (18+ years old),Continuous,"cchs2015_2016_p, cchs2017_2018_p, cchs2015_2016_m, cchs2017_2018_m",[PAADVVIG],Exercise,Health behaviour,minutes/week,,,2.1.0,2025-06-30,Variable metadata completed,,,active,
PAC_4A,Time walk work/school in week,"In a typical week in the past 3 months, how many hours did you usually spend walking to work or to school or while doing errands",Categorical,"cchs2001_p, cchs2003_p, cchs2005_p","cchs2001_p::PACA_4A, cchs2003_p::PACC_4A, cchs2005_p::PACE_4A",Exercise,Health behaviour,hours/week,,,2.2.0,2025-06-30,Variable metadata completed,,,active,
PAC_4A_cont,Time walk work/school in week,"In a typical week in the past 3 months, how many hours did you usually spend walking to work or to school or while doing errands",Continuous,"cchs2001_p, cchs2003_p, cchs2005_p","cchs2001_p::PACA_4A, cchs2003_p::PACC_4A, cchs2005_p::PACE_4A",Exercise,Health behaviour,hours/week,,,2.2.0,2025-06-30,Variable metadata completed,,,active,
PAC_4B,Time bike work/school in week,"In a typical week in the past 3 months, how many hours did you usually spend walking to work or to school or while doing errands",Categorical,"cchs2001_p, cchs2003_p, cchs2005_p","cchs2001_p::PACA_4B, cchs2003_p::PACC_4B, cchs2005_p::PACE_4B",Exercise,Health behaviour,hours/week,,,2.2.0,2025-06-30,Variable metadata completed,,,active,
PAC_4B_cont,Time bike work/school in week,"In a typical week in the past 3 months, how many hours did you usually spend walking to work or to school or while doing errands",Continuous,"cchs2001_p, cchs2003_p, cchs2005_p","cchs2001_p::PACA_4B, cchs2003_p::PACC_4B, cchs2005_p::PACE_4B",Exercise,Health behaviour,hours/week,,,2.2.0,2025-06-30,Variable metadata completed,,,active,
PAC_7,Walk to work/school,Walked to work or school / last 3 mo.,Categorical,"cchs2007_2008_p, cchs2009_2010_p, cchs2010_p, cchs2011_2012_p, cchs2012_p, cchs2013_2014_p, cchs2014_p, cchs2009_s, cchs2010_s, cchs2012_s",[PAC_7],Exercise,Health behaviour,N/A,,,2.2.0,2025-06-30,Variable metadata completed,,,active,
PAC_7A,Number times walk work/school,No. of times/3 mo./walking work/school,Continuous,"cchs2007_2008_p, cchs2009_2010_p, cchs2010_p, cchs2011_2012_p, cchs2012_p, cchs2013_2014_p, cchs2014_p, cchs2009_s, cchs2010_s, cchs2012_s",[PAC_7A],Exercise,Health behaviour,N/A,,,2.2.0,2025-06-30,Variable metadata completed,,,active,
PAC_7B,Time walk work/school,Time spent - walking to go work/school,Categorical,"cchs2007_2008_p, cchs2009_2010_p, cchs2010_p, cchs2011_2012_p, cchs2012_p, cchs2013_2014_p, cchs2014_p, cchs2009_s, cchs2010_s, cchs2012_s",[PAC_7B],Exercise,Health behaviour,mins,,,2.2.0,2025-06-30,Variable metadata completed,,,active,
PAC_8,Bike to work/school,Bicycled to work or school / last 3 mo.,Categorical,"cchs2007_2008_p, cchs2009_2010_p, cchs2010_p, cchs2011_2012_p, cchs2012_p, cchs2013_2014_p, cchs2014_p, cchs2009_s, cchs2010_s, cchs2012_s",[PAC_8],Exercise,Health behaviour,N/A,,,2.2.0,2025-06-30,Variable metadata completed,,,active,
PAC_8A,Number times bike work/school,No. of times/3 mo./bicycl. work/school,Continuous,"cchs2007_2008_p, cchs2009_2010_p, cchs2010_p, cchs2011_2012_p, cchs2012_p, cchs2013_2014_p, cchs2014_p, cchs2009_s, cchs2010_s, cchs2012_s",[PAC_8A],Exercise,Health behaviour,times/3 mos.,,,2.2.0,2025-06-30,Variable metadata completed,,,active,
PAC_8B,Time bike work/school,Time spent - biking to go work/school,Categorical,"cchs2007_2008_p, cchs2009_2010_p, cchs2010_p, cchs2011_2012_p, cchs2012_p, cchs2013_2014_p, cchs2014_p, cchs2009_s, cchs2010_s, cchs2012_s",[PAC_8B],Exercise,Health behaviour,N/A,,,2.2.0,2025-06-30,Variable metadata completed,,,active,
PACDEE,Physical activity,Daily energy expenditure - (D),Continuous,"cchs2001_p, cchs2003_p, cchs2005_p, cchs2007_2008_p, cchs2009_2010_p, cchs2010_p, cchs2011_2012_p, cchs2012_p, cchs2013_2014_p, cchs2014_p, cchs2010_m, cchs2012_m, cchs2001_m, cchs2003_m, cchs2005_m, cchs2007_2008_m, cchs2009_2010_m, cchs2011_2012_m, cchs2013_2014_m","cchs2001_p::PACADEE, cchs2003_p::PACCDEE, cchs2005_p::PACEDEE, cchs2001_m::PACADEE, cchs2003_m::PACCDEE, cchs2005_m::PACEDEE, [PACDEE]",Exercise,Health behaviour,METS,,,2.2.0,2025-06-30,Variable metadata completed,,,active,
PACDEE_cat3,Physical activity,Categorical daily energy expenditure,Categorical,"cchs2001_p, cchs2003_p, cchs2005_p, cchs2007_2008_p, cchs2009_2010_p, cchs2010_p, cchs2011_2012_p, cchs2012_p, cchs2013_2014_p, cchs2014_p, cchs2009_s, cchs2010_s, cchs2012_s","cchs2001_p::PACADEE, cchs2003_p::PACCDEE, cchs2005_p::PACEDEE, [PACDEE]",Exercise,Health behaviour,METS,,,2.2.0,2025-06-30,Variable metadata completed,,,active,
PACFLEI,Leisure physical activites,Leisure physical activity,Categorical,"cchs2001_m, cchs2005_m, cchs2007_2008_m, cchs2009_2010_m, cchs2011_2012_m, cchs2013_2014_m","cchs2001_m::PACAFLEI, cchs2005_m::PACEFLEI, [PACFLEI]",Exercise,Health behaviour,N/A,,,2.2.0,2025-06-30,Variable metadata completed,Yes,,active,
pack_years_cat,Pack-years (5-cat),Cumulative smoking exposure in pack-years (5-category),Categorical,"cchs2001_p, cchs2003_p, cchs2005_p, cchs2007_2008_p, cchs2009_2010_p, cchs2010_p, cchs2011_2012_p, cchs2012_p, cchs2013_2014_p, cchs2014_p, cchs2015_2016_p, cchs2017_2018_p, cchs2019_2020_p, cchs2022_p, cchs2023_p, cchs2001_m, cchs2003_m, cchs2005_m, cchs2007_2008_m, cchs2009_2010_m, cchs2009_m, cchs2010_m, cchs2011_2012_m, cchs2012_m, cchs2013_2014_m, cchs2014_m, cchs2015_2016_m, cchs2017_2018_m, cchs2019_2020_m, cchs2021_m, cchs2022_m, cchs2023_m",DerivedVar::[pack_years_der],smoking,Health behaviour,N/A,"{sub_subject:pack-years} Categories: 0=Never (0), 1=Light (<10), 2=Moderate (10-20), 3=Heavy (20-30), 4=Very heavy (30+). DEFERRED pending epidemiological review. {recommended:secondary}",Categorical grouping of pack-years for epidemiological analysis.,3.0.0-alpha,2026-01-04,"DEFERRED: Category boundaries (0, <10, 10-20, 20-30, 30+) require epidemiological review before activation. Literature shows varying cut-points.",,,pending,
pack_years_der,Pack-years,Cumulative smoking exposure in pack-years (derived),Continuous,"cchs2001_p, cchs2003_p, cchs2005_p, cchs2007_2008_p, cchs2009_2010_p, cchs2010_p, cchs2011_2012_p, cchs2012_p, cchs2013_2014_p, cchs2014_p, cchs2015_2016_p, cchs2017_2018_p, cchs2019_2020_p, cchs2022_p, cchs2023_p, cchs2001_m, cchs2003_m, cchs2005_m, cchs2007_2008_m, cchs2009_2010_m, cchs2009_m, cchs2010_m, cchs2011_2012_m, cchs2012_m, cchs2013_2014_m, cchs2014_m, cchs2015_2016_m, cchs2017_2018_m, cchs2019_2020_m, cchs2021_m, cchs2022_m, cchs2023_m","DerivedVar::[SMKDSTY_original, DHHGAGE_cont, DHH_AGE, age_start_smoking, cigs_per_day, time_quit_smoking, SMK_204, SMK_208, age_first_cigarette, smoked_100_lifetime]",smoking,Health behaviour,pack-years,{recommended:primary} {sub_subject:pack-years} PUMF uses DHHGAGE_cont/SMKG*_cont (midpoint). Master uses DHH_AGE/SMK_* (true continuous). 2001 available via SMK_09 proxy.,"Pack-years of smoking exposure calculated from status, initiation age, intensity, and cessation timing. Formula: (cigarettes_per_day / 20) * years_smoked.",3.0.0-alpha,2026-01-04,"L5 testing complete (28 tests). Output validated against [0,165] bounds.",,,active,
PAYDVADL,Leisure activities (12-17 years old),Time spent - leisure activity in a week (12-17 years old),Continuous,"cchs2015_2016_p, cchs2017_2018_p, cchs2015_2016_m, cchs2017_2018_m",[PAYDVADL],Exercise,Health behaviour,minutes/week,,,2.1.0,2025-06-30,Variable metadata completed,,,active,
PAYDVDYS,Active days (12-17 years old),Number of active days (12-17 years old),Continuous,"cchs2015_2016_p, cchs2017_2018_p, cchs2015_2016_m, cchs2017_2018_m",[PAYDVDYS],Exercise,Health behaviour,minutes/week,,,2.1.0,2025-06-30,Variable metadata completed,,,active,
PAYDVTOA,Sweat/breathe hard activities (12-17 years old),Time spent - sweat/breathe hard activities in a week (12-17 years old),Continuous,"cchs2015_2016_p, cchs2017_2018_p, cchs2015_2016_m, cchs2017_2018_m",[PAYDVTOA],Exercise,Health behaviour,minutes/week,,,2.1.0,2025-06-30,Variable metadata completed,,,active,
PAYDVTTR,Active transportation (12-17 years old),Time spent - active transportation in a week (12-17 years old),Continuous,"cchs2015_2016_p, cchs2017_2018_p",[PAYDVTTR],Exercise,Health behaviour,minutes/week,,,2.2.0,2025-06-30,Variable metadata completed,,,active,
PAYDVVIG,Vigorous activities (12-17 years old),Time spent - vigorous activity in a week (12-17 years old),Continuous,"cchs2015_2016_p, cchs2017_2018_p, cchs2015_2016_m, cchs2017_2018_m",[PAYDVVIG],Exercise,Health behaviour,minutes/week,,,2.1.0,2025-06-30,Variable metadata completed,,,active,
pct_time_der,Percent time in Canada,Percentage of time in Canada,Continuous,"cchs2001_p, cchs2003_p, cchs2005_p, cchs2007_2008_p, cchs2009_2010_p, cchs2010_p, cchs2011_2012_p, cchs2012_p, cchs2013_2014_p, cchs2014_p, cchs2015_2016_p, cchs2017_2018_p, cchs2009_s, cchs2010_s, cchs2012_s","DerivedVar::[DHHGAGE_cont, SDCGCBG, SDCGRES]",Migration,Sociodemographics,%,,,2.2.0,2025-06-30,Variable metadata completed,,,active,
pct_time_der_cat10,Percent time in Canada,Categorical percentage of time in Canada,Categorical,"cchs2001_p, cchs2003_p, cchs2005_p, cchs2007_2008_p, cchs2009_2010_p, cchs2010_p, cchs2011_2012_p, cchs2012_p, cchs2013_2014_p, cchs2014_p, cchs2015_2016_p, cchs2017_2018_p, cchs2009_s, cchs2010_s, cchs2012_s",DerivedVar::[pct_time_der],Migration,Sociodemographics,%,,,2.2.0,2025-06-30,Variable metadata completed,,,active,
quit_pathway,Quit pathway,"Smoking cessation pathway (direct, gradual, or former occasional)",Categorical,"cchs2003_p, cchs2005_p, cchs2007_2008_p, cchs2009_2010_p, cchs2010_p, cchs2011_2012_p, cchs2012_p, cchs2013_2014_p, cchs2014_p, cchs2015_2016_p, cchs2017_2018_p, cchs2019_2020_p, cchs2022_p, cchs2023_p, cchs2003_m, cchs2005_m, cchs2007_2008_m, cchs2009_2010_m, cchs2009_m, cchs2010_m, cchs2011_2012_m, cchs2012_m, cchs2013_2014_m, cchs2014_m, cchs2015_2016_m, cchs2017_2018_m, cchs2019_2020_m, cchs2021_m, cchs2022_m, cchs2023_m","DerivedVar::[SMKDSTY_cat5, SMK_10_gate]",smoking,Health behaviour,N/A,{sub_subject:cessation} Derived from SMKDSTY_cat5 and SMK_10_gate. Not available 2001 (no SMK_10_gate). {recommended:secondary},"Categorical indicator: 1=direct quit (quit when stopped daily), 2=gradual quit (continued occasional then quit), 3=former occasional (never daily)",3.0.0-alpha,2026-01-04,Labels updated 2026-01-04,,,active,
RAC_1,Difficulty activities,Has difficulty with activities,Categorical,"cchs2001_p, cchs2003_p, cchs2005_p, cchs2007_2008_p, cchs2009_2010_p, cchs2010_p, cchs2011_2012_p, cchs2012_p, cchs2013_2014_p, cchs2014_p, cchs2009_s, cchs2010_s, cchs2012_s","cchs2001_p::RACA_1, cchs2003_p::RACC_1, cchs2005_p::RACE_1, [RAC_1]",ADL,Health status,N/A,,,2.2.0,2025-06-30,Variable metadata completed,,,active,
RAC_2A,Reduction activities at home,Reduction - activities at home,Categorical,"cchs2001_p, cchs2003_p, cchs2005_p, cchs2007_2008_p, cchs2009_2010_p, cchs2010_p, cchs2011_2012_p, cchs2012_p, cchs2013_2014_p, cchs2014_p, cchs2009_s, cchs2010_s, cchs2012_s","cchs2001_p::RACA_2A, cchs2003_p::RACC_2A, cchs2005_p::RACE_2A, [RAC_2A]",ADL,Health status,N/A,,,2.2.0,2025-06-30,Variable metadata completed,,,active,
RAC_2B,Reduction activities at school or work,Long-term cond. reduces act. - school or work,Categorical,cchs2001_p,cchs2001_p::RACA_2B,ADL,Health status,N/A,,,2.2.0,2025-06-30,Variable metadata completed,,,active,
RAC_2B1,Reduction activities at school,Long-term cond. reduces act. - school,Categorical,"cchs2003_p, cchs2005_p, cchs2007_2008_p, cchs2009_2010_p, cchs2010_p, cchs2011_2012_p, cchs2012_p, cchs2013_2014_p, cchs2014_p, cchs2009_s, cchs2010_s, cchs2012_s","cchs2003_p::RACC_2B1, cchs2005_p::RACE_2B1, [RAC_2B1]",ADL,Health status,N/A,,,2.2.0,2025-06-30,Variable metadata completed,,,active,
RAC_2B2,Reduction activities at work,Reduction kind/amount act. - at work,Categorical,"cchs2003_p, cchs2005_p, cchs2007_2008_p, cchs2009_2010_p, cchs2010_p, cchs2011_2012_p, cchs2012_p, cchs2013_2014_p, cchs2014_p, cchs2009_s, cchs2010_s, cchs2012_s","cchs2003_p::RACC_2B2, cchs2005_p::RACE_2B2, [RAC_2B2]",ADL,Health status,N/A,,,2.2.0,2025-06-30,Variable metadata completed,,,active,
RAC_2C,Reduction other activities,Reduction - other activities,Categorical,"cchs2001_p, cchs2003_p, cchs2005_p, cchs2007_2008_p, cchs2009_2010_p, cchs2010_p, cchs2011_2012_p, cchs2012_p, cchs2013_2014_p, cchs2014_p, cchs2009_s, cchs2010_s, cchs2012_s","cchs2001_p::RACA_2C, cchs2003_p::RACC_2C, cchs2005_p::RACE_2C, [RAC_2C]",ADL,Health status,N/A,,,2.2.0,2025-06-30,Variable metadata completed,,,active,
RACAG5,Cause health problem,Cause of Health problem,Categorical,cchs2001_p,cchs2001_p::RACAG5,Health problems,Health status,N/A,,,2.2.0,2025-06-30,Variable metadata completed,,,active,
RACDIMP,Impact health problem,Impact of health problems,Categorical,"cchs2001_p, cchs2003_p, cchs2005_p, cchs2007_2008_p, cchs2009_2010_p, cchs2010_p, cchs2011_2012_p, cchs2012_p, cchs2013_2014_p, cchs2014_p, cchs2009_s, cchs2010_s, cchs2012_s","cchs2001_p::RACADIMP, cchs2003_p::RACCDIMP, cchs2005_p::RACEDIMP, [RACDIMP]",Health problems,Health status,N/A,,,2.2.0,2025-06-30,Variable metadata completed,,,active,
RACDPAL,Particpation/activity limitation,Participation and activity limitation,Categorical,"cchs2001_p, cchs2003_p, cchs2005_p, cchs2007_2008_p, cchs2009_2010_p, cchs2010_p, cchs2011_2012_p, cchs2012_p, cchs2013_2014_p, cchs2014_p, cchs2009_s, cchs2010_s, cchs2012_s","cchs2001_p::[DerivedVar::[RAC_1, RAC_2A, RAC_2B, RAC_2C]], cchs2003_p::RACCDPAL, cchs2005_p::RACEDPAL, [RACDPAL]",ADL,Health status,N/A,,,2.2.0,2025-06-30,Variable metadata completed,,,active,
RACG5,Cause health problem,Cause of Health problem,Categorical,"cchs2003_p, cchs2005_p, cchs2007_2008_p, cchs2009_2010_p, cchs2010_p, cchs2011_2012_p, cchs2012_p, cchs2013_2014_p, cchs2014_p, cchs2009_s, cchs2010_s, cchs2012_s","cchs2003_p::RACCG5, cchs2005_p::RACEG5, cchs2009_s::RAC_5, cchs2010_s::RAC_5, cchs2012_s::RAC_5, [RACG5]",Health problems,Health status,N/A,,,2.2.0,2025-06-30,Variable metadata completed,,,active,
RACG5_A,Cause health problem,Cause of Health problem,Categorical,"cchs2009_s, cchs2010_s, cchs2012_s",[RAC_5],Health problems,Health status,N/A,,,2.2.0,2025-06-30,Variable metadata completed,,,active,
REP_1A,Repetitive strain injury,Repetitive strain injury in past 12 months,Categorical,"cchs2001_p, cchs2003_p, cchs2005_p, cchs2007_2008_p, cchs2009_2010_p, cchs2010_p, cchs2011_2012_p, cchs2012_p, cchs2013_2014_p, cchs2014_p, cchs2015_2016_p, cchs2017_2018_p, cchs2009_s, cchs2010_s, cchs2012_s","cchs2001_p::REPA_1, cchs2003_p::REPC_1, cchs2005_p::REPE_1, cchs2007_2008_p::REP_1, cchs2015_2016_p::INJ_005, cchs2017_2018_p::INJ_005, [REP_1A]",Repetitive strain injury,Health status,N/A,,,2.2.0,2025-06-30,Variable metadata completed,,,active,
REP_2,Repetitive strain injury - limiting normal activities,Repetitive strain injury - limiting normal activities,Categorical,"cchs2009_2010_p, cchs2010_p, cchs2011_2012_p, cchs2012_p, cchs2013_2014_p, cchs2014_p, cchs2015_2016_p, cchs2017_2018_p, cchs2009_s, cchs2010_s, cchs2012_s","cchs2015_2016_p::INJ_010, cchs2017_2018_p::INJ_010, [REP_2]",Repetitive strain injury,Health status,N/A,,,2.2.0,2025-06-30,Variable metadata completed,,,active,
REP_3A,Repetitive strain injury - activity causing injury,Repetitive strain injury - activity causing injury,Categorical,"cchs2009_2010_p, cchs2010_p, cchs2011_2012_p, cchs2012_p, cchs2013_2014_p, cchs2014_p, cchs2009_s, cchs2010_s, cchs2012_s",[REP_3A],Repetitive strain injury,Health status,N/A,,,2.2.0,2025-06-30,Variable metadata completed,,,active,
REP_4,Repetitive strain injury - working at a job / business excluding travel,Repetitive strain injury - working at a job or business (excluding travel to or from work),Categorical,"cchs2005_p, cchs2007_2008_p, cchs2009_2010_p, cchs2010_p, cchs2011_2012_p, cchs2012_p, cchs2013_2014_p, cchs2014_p, cchs2015_2016_p, cchs2017_2018_p, cchs2009_s, cchs2010_s, cchs2012_s","cchs2005_p::REPE_4C, cchs2007_2008_p::REP_4C, cchs2015_2016_p::INJ_025, cchs2017_2018_p::INJ_025, [REP_4]",Repetitive strain injury,Health status,N/A,,,2.2.0,2025-06-30,Variable metadata completed,,,active,
REP_4A,Repetitive strain injury - working at a job / business including travel,Repetitive strain injury - working at a job or business (including travel to or from work),Categorical,"cchs2001_p, cchs2003_p","cchs2001_p::REPA_4C, cchs2003_p::REPC_4C",Repetitive strain injury,Health status,N/A,,,2.2.0,2025-06-30,Variable metadata completed,,,active,
REP_4G,Repetitive strain injury - travel to or from work,Repetitive strain injury - travel to or from work,Categorical,"cchs2003_p, cchs2007_2008_p","cchs2003_p::REPC_4G, cchs2007_2008_p::REP_4G",Repetitive strain injury,Health status,N/A,,,2.2.0,2025-06-30,Variable metadata completed,,,active,
REP_5A,Repetitive strain injury - walking,Repetitive strain injury - type of activity - walking,Categorical,"cchs2009_2010_p, cchs2010_p, cchs2011_2012_p, cchs2012_p, cchs2013_2014_p, cchs2014_p, cchs2015_2016_p, cchs2017_2018_p, cchs2009_s, cchs2010_s, cchs2012_s","cchs2015_2016_p::INJ_020A, cchs2017_2018_p::INJ_020A, [REP_5A]",Repetitive strain injury,Health status,N/A,,,2.2.0,2025-06-30,Variable metadata completed,,,active,
REP_5B,Repetitive strain injury - sport/physical activity,Repetitive strain injury - type of activity - sports or physical exercise,Categorical,"cchs2001_p, cchs2003_p, cchs2005_p, cchs2007_2008_p, cchs2009_2010_p, cchs2010_p, cchs2011_2012_p, cchs2012_p, cchs2013_2014_p, cchs2014_p, cchs2015_2016_p, cchs2017_2018_p, cchs2009_s, cchs2010_s, cchs2012_s","cchs2001_p::REPA_4A, cchs2003_p::REPC_4A, cchs2005_p::REPE_4A, cchs2007_2008_p::REP_4A, cchs2015_2016_p::INJ_020B, cchs2017_2018_p::INJ_020B, [REP_5B]",Repetitive strain injury,Health status,N/A,,,2.2.0,2025-06-30,Variable metadata completed,,,active,
REP_5C,Repetitive strain injury - leisure/hobby,Repetitive strain injury - type of activity - leisure or hobby,Categorical,"cchs2001_p, cchs2003_p, cchs2005_p, cchs2007_2008_p, cchs2009_2010_p, cchs2010_p, cchs2011_2012_p, cchs2012_p, cchs2013_2014_p, cchs2014_p, cchs2015_2016_p, cchs2017_2018_p, cchs2009_s, cchs2010_s, cchs2012_s","cchs2001_p::REPA_4B, cchs2003_p::REPC_4B, cchs2005_p::REPE_4B, cchs2007_2008_p::REP_4B, cchs2015_2016_p::INJ_020C, cchs2017_2018_p::INJ_020C, [REP_5C]",Repetitive strain injury,Health status,N/A,,,2.2.0,2025-06-30,Variable metadata completed,,,active,
REP_5D,Repetitive strain injury - household chores,Repetitive strain injury - activity - household chores,Categorical,"cchs2001_p, cchs2003_p, cchs2005_p, cchs2007_2008_p, cchs2009_2010_p, cchs2010_p, cchs2011_2012_p, cchs2012_p, cchs2013_2014_p, cchs2014_p, cchs2015_2016_p, cchs2017_2018_p, cchs2009_s, cchs2010_s, cchs2012_s","cchs2001_p::REPA_4D, cchs2003_p::REPC_4D, cchs2005_p::REPE_4D, cchs2007_2008_p::REP_4D, cchs2015_2016_p::INJ_020D, cchs2017_2018_p::INJ_020D, [REP_5D]",Repetitive strain injury,Health status,N/A,,,2.2.0,2025-06-30,Variable metadata completed,,,active,
REP_5E,"Repetitive strain injury - sleeping, eating, personal care","Repetitive strain injury - activity - sleeping, eating, personal care",Categorical,"cchs2001_p, cchs2003_p, cchs2005_p, cchs2007_2008_p","cchs2001_p::REPA_4E, cchs2003_p::REPC_4E, cchs2005_p::REPE_4E, cchs2007_2008_p::REP_4E",Repetitive strain injury,Health status,N/A,,,2.2.0,2025-06-30,Variable metadata completed,,,active,
REP_5F,Repetitive strain injury - computer use,Repetitive strain injury - activity - computer use,Categorical,"cchs2009_2010_p, cchs2010_p, cchs2011_2012_p, cchs2012_p, cchs2013_2014_p, cchs2014_p, cchs2015_2016_p, cchs2017_2018_p, cchs2009_s, cchs2010_s, cchs2012_s","cchs2015_2016_p::INJ_020E, cchs2017_2018_p::INJ_020E, [REP_5F]",Repetitive strain injury,Health status,N/A,,,2.2.0,2025-06-30,Variable metadata completed,,,active,
REP_5G,Repetitive strain injury - driving a motor vehicle,Repetitive strain injury - activity - driving a motor vehicle,Categorical,"cchs2009_2010_p, cchs2010_p, cchs2011_2012_p, cchs2012_p, cchs2013_2014_p, cchs2014_p, cchs2015_2016_p, cchs2017_2018_p, cchs2009_s, cchs2010_s, cchs2012_s","cchs2015_2016_p::INJ_020F, cchs2017_2018_p::INJ_020F, [REP_5G]",Repetitive strain injury,Health status,N/A,,,2.2.0,2025-06-30,Variable metadata completed,,,active,
REP_5H,Repetitive strain injury - lifting/carrying,Repetitive strain injury - activity - lifting or carrying,Categorical,"cchs2009_2010_p, cchs2010_p, cchs2011_2012_p, cchs2012_p, cchs2013_2014_p, cchs2014_p, cchs2015_2016_p, cchs2017_2018_p, cchs2009_s, cchs2010_s, cchs2012_s","cchs2015_2016_p::INJ_020G, cchs2017_2018_p::INJ_020G, [REP_5H]",Repetitive strain injury,Health status,N/A,,,2.2.0,2025-06-30,Variable metadata completed,,,active,
REP_5I,Repetitive strain injury - activity - other,Repetitive strain injury - activity - other,Categorical,"cchs2001_p, cchs2003_p, cchs2005_p, cchs2007_2008_p, cchs2009_2010_p, cchs2010_p, cchs2011_2012_p, cchs2012_p, cchs2013_2014_p, cchs2014_p, cchs2015_2016_p, cchs2017_2018_p, cchs2009_s, cchs2010_s, cchs2012_s","cchs2001_p::REPA_4F, cchs2003_p::REPC_4F, cchs2005_p::REPE_4F, cchs2007_2008_p::REP_4F, cchs2015_2016_p::INJ_020H, cchs2017_2018_p::INJ_020H, [REP_5I]",Repetitive strain injury,Health status,N/A,,,2.2.0,2025-06-30,Variable metadata completed,,,active,
REPG3,Repetitive strain injury - most serious affected body part,Repetitive strain injury - most serious affected body part,Categorical,"cchs2001_p, cchs2003_p, cchs2005_p, cchs2007_2008_p, cchs2009_2010_p, cchs2010_p, cchs2011_2012_p, cchs2012_p, cchs2013_2014_p, cchs2014_p, cchs2015_2016_p, cchs2017_2018_p, cchs2009_s, cchs2010_s, cchs2012_s","cchs2001_p::REPAG3, cchs2003_p::REPCG3, cchs2005_p::REPEG3, cchs2007_2008_p::REP_3, cchs2015_2016_p::INJG015, cchs2017_2018_p::INJG015, cchs2009_s::REP_3, cchs2010_p::REP_3, cchs2012_s::REP_3, [REPG3]",Repetitive strain injury,Health status,N/A,,,2.2.0,2025-06-30,Variable metadata completed,,,active,
resp_condition_der,Respiratory condition,Respiratory condition,Categorical,"cchs2001_p, cchs2003_p, cchs2005_p, cchs2007_2008_p, cchs2009_2010_p, cchs2010_p, cchs2011_2012_p, cchs2012_p, cchs2013_2014_p, cchs2014_p, cchs2015_2016_p, cchs2017_2018_p, cchs2009_s, cchs2010_s, cchs2012_s","DerivedVar::[DHHGAGE_cont, CCC_091, CCC_031], DerivedVar::[DHHGAGE_cont, CCC_91E, CCC_91F, CCC_91A, CCC_031], DerivedVar::[DHHGAGE_cont, CCC_091, CCC_91A, CCC_031]",Chronic condition,Health status,N/A,,,2.2.0,2025-06-30,Variable metadata completed,,,active,
SDC_5A_1,Knowledge of official languages,Knowledge of official languages,Categorical,"cchs2011_2012_p, cchs2012_p, cchs2013_2014_p, cchs2014_p, cchs2015_2016_p, cchs2017_2018_p, cchs2012_s","cchs2015_2016_p::SDC_025, cchs2017_2018_p::SDC_025, [SDC_5A_1]",Language,Sociodemographics,N/A,,,2.2.0,2025-06-30,Variable metadata completed,,,active,
SDCDFOLS,First official language spoken,First official language spoken,Categorical,"cchs2011_2012_p, cchs2012_p, cchs2013_2014_p, cchs2014_p, cchs2015_2016_p, cchs2017_2018_p, cchs2012_s","cchs2015_2016_p::SDCDVFLS, cchs2017_2018_p::SDCDVFLS, [SDCDFOLS]",Language,Sociodemographics,N/A,,,2.2.0,2025-06-30,Variable metadata completed,,,active,
SDCFIMM,Immigrant status,Immigrant Status (D),Categorical,"cchs2001_p, cchs2003_p, cchs2005_p, cchs2007_2008_p, cchs2009_2010_p, cchs2010_p, cchs2011_2012_p, cchs2012_p, cchs2013_2014_p, cchs2014_p, cchs2015_2016_p, cchs2017_2018_p, cchs2009_s, cchs2010_s, cchs2012_s","cchs2001_p::SDCAFIMM, cchs2003_p::SDCCFIMM, cchs2005_p::SDCEFIMM, cchs2015_2016_p::SDCDVIMM, cchs2017_2018_p::SDCDVIMM, [SDCFIMM]",Migration,Sociodemographics,N/A,,,2.2.0,2025-06-30,Variable metadata completed,,,active,
SDCGCBG,Country of birth,Country of birth - (G),Categorical,"cchs2001_p, cchs2003_p, cchs2005_p, cchs2007_2008_p, cchs2009_2010_p, cchs2010_p, cchs2011_2012_p, cchs2012_p, cchs2013_2014_p, cchs2014_p, cchs2015_2016_p, cchs2017_2018_p, cchs2009_s, cchs2010_s, cchs2012_s","cchs2001_p::SDCAGCBG, cchs2003_p::SDCCGCBG, cchs2005_p::SDCEGCBG, cchs2011_2012_p::SDCGCB12, cchs2013_2014_p::SDCGCB13, cchs2014_p::SDCGCB13, cchs2015_2016_p::SDCDGCB, cchs2017_2018_p::SDCDGCB, cchs2009_s::SDCGCB, cchs2010_s::SDCGCB, cchs2012_s::SDCGCB10, [SDCGCBG]",Migration,Sociodemographics,N/A,,,2.2.0,2025-06-30,Variable metadata completed,,,active,
SDCGCBG_A,Country of birth,Country of birth - (G),Categorical,"cchs2009_s, cchs2010_s, cchs2012_s","cchs2012_s::SDCGCB10, [SDCGCB]",Migration,Sociodemographics,N/A,,,2.2.0,2025-06-30,Variable metadata completed,,,active,
SDCGCGT,Ethnicity,"Cultural or racial origin - (D, G)",Categorical,"cchs2001_p, cchs2003_p, cchs2005_p, cchs2007_2008_p, cchs2009_2010_p, cchs2010_p, cchs2011_2012_p, cchs2012_p, cchs2013_2014_p, cchs2014_p, cchs2015_2016_p, cchs2017_2018_p, cchs2009_s, cchs2010_s, cchs2012_s","cchs2001_p::SDCAGRAC, cchs2003_p::SDCCGRAC, cchs2005_p::SDCEGCGT, cchs2015_2016_p::SDCDGCGT, cchs2017_2018_p::SDCDGCGT, cchs2009_s::SDCDCGT, cchs2010_s::SDCDCGT, cchs2012_s::SDCDCGT, [SDCGCGT]",Ethnicity,Sociodemographics,N/A,,,2.2.0,2025-06-30,Variable metadata completed,,,active,
SDCGCGT_A,Ethnicity,"Cultural or racial origin - (D, G)",Categorical,"cchs2009_s, cchs2010_s, cchs2012_s",[SDCDCGT],Ethnicity,Sociodemographics,N/A,,,2.2.0,2025-06-30,Variable metadata completed,,,active,
SDCGLHM,Language(s) spoken at home,Language(s) spoken at home,Categorical,"cchs2007_2008_p, cchs2009_2010_p, cchs2010_p, cchs2011_2012_p, cchs2012_p, cchs2013_2014_p, cchs2014_p, cchs2015_2016_p, cchs2017_2018_p, cchs2009_s, cchs2010_s, cchs2012_s","cchs2015_2016_p::SDCDGLHM, cchs2017_2018_p::SDCDGLHM, cchs2009_s::SDCDLHM, cchs2010_s::SDCDLHM, cchs2012_s::SDCDLHM, [SDCGLHM]",Language,Sociodemographics,N/A,,,2.2.0,2025-06-30,Variable metadata completed,,,active,
SDCGLHM_A,Language(s) spoken at home,Language(s) spoken at home,Categorical,"cchs2009_s, cchs2010_s, cchs2012_s",[SDCDLHM],Language,Sociodemographics,N/A,,,2.2.0,2025-06-30,Variable metadata completed,,,active,
SDCGLNG,Languages - can converse in,Languages - can converse in,Categorical,"cchs2001_p, cchs2003_p, cchs2005_p, cchs2007_2008_p, cchs2009_2010_p, cchs2010_p, cchs2009_s, cchs2010_s","cchs2001_p::SDCAGLNG, cchs2003_p::SDCCGLNG, cchs2005_p::SDCEGLNG, cchs2009_s::SDCDLNG, cchs2010_s::SDCDLNG, [SDCGLNG]",Language,Sociodemographics,N/A,,,2.2.0,2025-06-30,Variable metadata completed,,,active,
SDCGLNG_A,Languages - can converse in,Languages - can converse in,Categorical,"cchs2009_s, cchs2010_s",[SDCDLNG],Language,Sociodemographics,N/A,,,2.2.0,2025-06-30,Variable metadata completed,,,active,
SDCGRES,Time in Canada,"Length/time in Canada since imm. (D, G)",Categorical,"cchs2001_p, cchs2003_p, cchs2005_p, cchs2007_2008_p, cchs2009_2010_p, cchs2010_p, cchs2011_2012_p, cchs2012_p, cchs2013_2014_p, cchs2014_p, cchs2015_2016_p, cchs2017_2018_p, cchs2009_s, cchs2010_s, cchs2012_s","cchs2001_p::SDCAGRES, cchs2003_p::SDCCGRES, cchs2005_p::SDCEGRES, cchs2015_2016_p::SDCDGRES, cchs2017_2018_p::SDCDGRES, cchs2009_s::SDCDRES, cchs2010_s::SDCDRES, cchs2012_s::SDCDRES, [SDCGRES]",Migration,Sociodemographics,N/A,,,2.2.0,2025-06-30,Variable metadata completed,,,active,
SDCGRES_A,Time in Canada,"Length/time in Canada since imm. (D, G)",Continuous,"cchs2009_s, cchs2010_s, cchs2012_s",[SDCDRES],Migration,Sociodemographics,Years,,,2.2.0,2025-06-30,Variable metadata completed,,,active,
SLP_02,Trouble sleeping,Freq. - trouble sleeping,Categorical,"cchs2007_2008_p, cchs2011_2012_p, cchs2012_p, cchs2013_2014_p, cchs2014_p, cchs2015_2016_p, cchs2017_2018_p, cchs2012_s","cchs2015_2016_p::SLP_010, cchs2017_2018_p::SLP_010, [SLP_02]",Sleep,Health behaviour,N/A,,,2.2.0,2025-06-30,Variable metadata completed,,,active,
SLP_02_A,Trouble sleeping,Freq. - trouble sleeping,Categorical,cchs2001_p,[GENA_04],Sleep,Health behaviour,N/A,,,2.2.0,2025-06-30,Variable metadata completed,,,active,
SLP_03,Sleep refreshing,Freq. - find sleep refreshing,Categorical,"cchs2007_2008_p, cchs2011_2012_p, cchs2012_p, cchs2013_2014_p, cchs2014_p, cchs2015_2016_p, cchs2017_2018_p, cchs2012_s","cchs2015_2016_p::SLP_015, cchs2017_2018_p::SLP_015, [SLP_03]",Sleep,Health behaviour,N/A,,,2.2.0,2025-06-30,Variable metadata completed,,,active,
SLP_03_A,Sleep refreshing,Freq. - find sleep refreshing,Categorical,cchs2001_p,[GENA_05],Sleep,Health behaviour,N/A,,,2.2.0,2025-06-30,Variable metadata completed,,,active,
SLP_04,Difficulty awake,Freq. - diffficult to stay awake,Categorical,"cchs2007_2008_p, cchs2011_2012_p, cchs2012_p, cchs2013_2014_p, cchs2014_p, cchs2015_2016_p, cchs2017_2018_p, cchs2012_s","cchs2015_2016_p::SLP_020, cchs2017_2018_p::SLP_020, [SLP_04]",Sleep,Health behaviour,N/A,,,2.2.0,2025-06-30,Variable metadata completed,,,active,
SLP_04_A,Difficulty awake,Freq. - diffficult to stay awake,Categorical,cchs2001_p,[GENA_06],Sleep,Health behaviour,N/A,,,2.2.0,2025-06-30,Variable metadata completed,,,active,
SLPG01,Hours sleep,No./hours spent sleeping each night,Categorical,"cchs2011_2012_p, cchs2012_p, cchs2013_2014_p, cchs2014_p, cchs2015_2016_p, cchs2017_2018_p","cchs2015_2016_p::SLPG005, cchs2017_2018_p::SLPG005, [SLPG01]",Sleep,Health behaviour,N/A,,,2.2.0,2025-06-30,Variable metadata completed,,,active,
SLPG01_A,Hours sleep,No./hours spent sleeping each night,Categorical,"cchs2001_p, cchs2007_2008_p","cchs2001_p::GENA_03, cchs2007_2008_p::SLP_01",Sleep,Health behaviour,N/A,,,2.2.0,2025-06-30,Variable metadata completed,,,active,
SLPG01_cont,Hours sleep,No./hours spent sleeping each night,Continuous,"cchs2001_p, cchs2007_2008_p, cchs2011_2012_p, cchs2012_p, cchs2013_2014_p, cchs2014_p, cchs2015_2016_p, cchs2017_2018_p","cchs2001_p::GENA_03, cchs2007_2008_p::SLP_01, cchs2015_2016_p::SLPG005, cchs2017_2018_p::SLPG005, [SLPG01]",Sleep,Health behaviour,N/A,,,2.2.0,2025-06-30,Variable metadata completed,,,active,
SMK_005,Smoking freq (2015+),Type of smoker presently (2015+ era-specific name for SMK_202),Categorical,"cchs2015_2016_p, cchs2017_2018_p, cchs2019_2020_p, cchs2015_2016_m, cchs2017_2018_m, cchs2019_2020_m, cchs2021_m",[SMK_005],smoking,Health behaviour,N/A,{sub_subject:status} BACKWARD COMPATIBILITY: Superseded by SMK_202. Era-specific pass-through (2015-2018 PUMF and Master). Users should migrate to SMK_202 for new analyses.,,3.0.0-alpha,2026-01-05,v3.0.0: Maintained for v2.1 backward compatibility only. SMK_005 is the 2015+ era-specific source name; SMK_202 is the harmonized output covering all cycles. Will be deprecated in future release.,,,active,
SMK_01A,Smoked 100+ cigs,Ever smoked 100 or more cigarettes in lifetime,Categorical,"cchs2001_p, cchs2003_p, cchs2005_p, cchs2007_2008_p, cchs2009_2010_p, cchs2010_p, cchs2011_2012_p, cchs2012_p, cchs2013_2014_p, cchs2014_p, cchs2015_2016_p, cchs2017_2018_p, cchs2019_2020_p, cchs2001_m, cchs2003_m, cchs2005_m, cchs2007_2008_m, cchs2009_2010_m, cchs2009_m, cchs2010_m, cchs2011_2012_m, cchs2012_m, cchs2013_2014_m, cchs2014_m, cchs2015_2016_m, cchs2017_2018_m, cchs2019_2020_m, cchs2021_m, cchs2022_m, cchs2023_m","cchs2001_p::SMKA_01A, cchs2003_p::SMKC_01A, cchs2005_p::SMKE_01A, cchs2015_2016_p::SMK_020, cchs2017_2018_p::SMK_020, cchs2019_2020_p::SMK_020, cchs2001_m::SMKA_01A, cchs2003_m::SMKC_01A, cchs2005_m::SMKE_01A, cchs2015_2016_m::SMK_020, cchs2017_2018_m::SMK_020, cchs2019_2020_m::SMK_020, cchs2021_m::SMK_020, cchs2022_m::CSS_15, cchs2023_m::CSS_15, [SMK_01A]",smoking,Health behaviour,N/A,"{sub_subject:initiation} Universe: Respondents who have smoked at least one whole cigarette. Available 2001-2021 PUMF, 2001-2023 Master. For 2022-2023 PUMF analyses, use SMKDSTY-based variables.",,3.0.0-alpha,2026-01-04,"v3.0.0: Extended to 2022-2023 Master files via CSS_15. PUMF coverage ends at 2021. For PUMF-only analyses requiring 2022-2023, no direct equivalent available.",Yes,,active,
SMK_01B,Ever smoked whole cig,Ever smoked a whole cigarette,Categorical,"cchs2001_p, cchs2003_p, cchs2005_p, cchs2007_2008_p, cchs2009_2010_p, cchs2010_p, cchs2011_2012_p, cchs2012_p, cchs2013_2014_p, cchs2014_p, cchs2015_2016_p, cchs2017_2018_p, cchs2019_2020_p, cchs2001_m, cchs2003_m, cchs2005_m, cchs2007_2008_m, cchs2009_2010_m, cchs2009_m, cchs2010_m, cchs2011_2012_m, cchs2012_m, cchs2013_2014_m, cchs2014_m, cchs2015_2016_m, cchs2017_2018_m, cchs2019_2020_m, cchs2021_m, cchs2022_m, cchs2023_m","cchs2001_p::SMKA_01B, cchs2003_p::SMKC_01B, cchs2005_p::SMKE_01B, cchs2015_2016_p::SMK_025, cchs2017_2018_p::SMK_025, cchs2019_2020_p::SMK_025, cchs2001_m::SMKA_01B, cchs2003_m::SMKC_01B, cchs2005_m::SMKE_01B, cchs2015_2016_m::SMK_025, cchs2017_2018_m::SMK_025, cchs2019_2020_m::SMK_025, cchs2021_m::SMK_025, cchs2022_m::CSS_05, cchs2023_m::CSS_05, [SMK_01B]",smoking,Health behaviour,N/A,"{sub_subject:initiation} Universe: Respondents who have been asked if they ever smoked. Available 2001-2021 PUMF, 2001-2023 Master. 2022 PUMF (CSS_05) not yet verified - excluded from databaseStart pending confirmation.",,3.0.0-alpha,2026-03-11,v3.0.0: 2015-2021 mapped to SMK_025; 2022-2023 Master mapped to CSS_05.,,,active,
SMK_01C,Age 1st cig,Age smoked first whole cigarette,Continuous,"cchs2001_m, cchs2003_m, cchs2005_m, cchs2007_2008_m, cchs2009_2010_m, cchs2009_m, cchs2010_m, cchs2011_2012_m, cchs2012_m, cchs2013_2014_m, cchs2014_m, cchs2015_2016_m, cchs2017_2018_m, cchs2019_2020_m, cchs2021_m, cchs2022_m, cchs2023_m","cchs2001_m::SMKA_01C, cchs2003_m::SMKC_01C, cchs2005_m::SMKE_01C, cchs2015_2016_m::SMK_035, cchs2017_2018_m::SMK_035, cchs2019_2020_m::SMK_035, cchs2021_m::SMK_035, cchs2022_m::CSS_10, cchs2023_m::CSS_10, [SMK_01C]",smoking,Health behaviour,years,Universe: ever smoked 100+ cigarettes. Master file only. {sub_subject:initiation},,3.0.0-alpha,2026-01-04,Labels updated 2026-01-04. Universe context added.,,,active,
SMK_030,Ever daily (2015+),Smoked daily - lifetime (2015+ era-specific name for SMK_05D),Categorical,"cchs2015_2016_p, cchs2017_2018_p, cchs2019_2020_p, cchs2015_2016_m, cchs2017_2018_m, cchs2019_2020_m, cchs2021_m, cchs2022_m, cchs2023_m","cchs2022_m::SPU_05, cchs2023_m::SPU_05, [SMK_030]",smoking,Health behaviour,N/A,{sub_subject:initiation} BACKWARD COMPATIBILITY: Superseded by SMK_05D. Era-specific pass-through (2015-2018 PUMF and Master). Users should migrate to SMK_05D for new analyses.,,3.0.0-alpha,2026-01-05,v3.0.0: Maintained for v2.1 backward compatibility only. SMK_030 is the 2015+ era-specific source name; SMK_05D is the harmonized output covering all cycles. Will be deprecated in future release.,,,active,
SMK_040,Age daily (ever),Age started smoking cigarettes daily (all ever-daily smokers),Continuous,"cchs2001_m, cchs2003_m, cchs2005_m, cchs2007_2008_m, cchs2009_2010_m, cchs2009_m, cchs2010_m, cchs2011_2012_m, cchs2012_m, cchs2013_2014_m, cchs2014_m, cchs2015_2016_m, cchs2017_2018_m, cchs2019_2020_m, cchs2021_m, cchs2022_m, cchs2023_m","cchs2001_m::[SMKA_203, SMKA_207], cchs2003_m::[SMKC_203, SMKC_207], cchs2005_m::[SMKE_203, SMKE_207], cchs2007_2008_m::[SMK_203, SMK_207], cchs2009_2010_m::[SMK_203, SMK_207], cchs2009_m::[SMK_203, SMK_207], cchs2010_m::[SMK_203, SMK_207], cchs2011_2012_m::[SMK_203, SMK_207], cchs2012_m::[SMK_203, SMK_207], cchs2013_2014_m::[SMK_203, SMK_207], cchs2014_m::[SMK_203, SMK_207], cchs2022_m::SPU_15, cchs2023_m::SPU_15, [SMK_040]",smoking,Health behaviour,years,Universe: all ever-daily smokers (current + former daily). Master file only. Pre-2015: combined from SMK_203 + SMK_207. Post-2015: direct source. {sub_subject:initiation},,3.0.0-alpha,2026-01-04,Labels updated 2026-01-04. Universe context added.,,,active,
SMK_05B,Cigs/day (occ),Number of cigarettes smoked daily - occasional smokers,Continuous,"cchs2001_p, cchs2003_p, cchs2005_p, cchs2007_2008_p, cchs2009_2010_p, cchs2010_p, cchs2011_2012_p, cchs2012_p, cchs2013_2014_p, cchs2014_p, cchs2015_2016_p, cchs2017_2018_p, cchs2019_2020_p, cchs2001_m, cchs2003_m, cchs2005_m, cchs2007_2008_m, cchs2009_2010_m, cchs2009_m, cchs2010_m, cchs2011_2012_m, cchs2012_m, cchs2013_2014_m, cchs2014_m, cchs2015_2016_m, cchs2017_2018_m, cchs2019_2020_m, cchs2021_m, cchs2022_m, cchs2023_m","cchs2001_p::SMKA_05B, cchs2003_p::SMKC_05B, cchs2005_p::SMKE_05B, cchs2015_2016_p::SMK_050, cchs2017_2018_p::SMK_050, cchs2019_2020_p::SMK_050, cchs2001_m::SMKA_05B, cchs2003_m::SMKC_05B, cchs2005_m::SMKE_05B, cchs2015_2016_m::SMK_050, cchs2017_2018_m::SMK_050, cchs2019_2020_m::SMK_050, cchs2021_m::SMK_050, cchs2022_m::CSS_30, cchs2023_m::CSS_30, [SMK_05B]",smoking,Health behaviour,cigarettes,{sub_subject:intensity} Universe: current occasional smokers,,3.0.0-alpha,2026-01-04,Created from variable_details_draft.csv,ICES confirmed,,active,
SMK_05C,Days smoked/month,Days smoked at least 1 cigarette in past month,Continuous,"cchs2001_p, cchs2003_p, cchs2005_p, cchs2007_2008_p, cchs2009_2010_p, cchs2010_p, cchs2011_2012_p, cchs2012_p, cchs2013_2014_p, cchs2014_p, cchs2015_2016_p, cchs2017_2018_p, cchs2019_2020_p, cchs2001_m, cchs2003_m, cchs2005_m, cchs2007_2008_m, cchs2009_2010_m, cchs2009_m, cchs2010_m, cchs2011_2012_m, cchs2012_m, cchs2013_2014_m, cchs2014_m, cchs2015_2016_m, cchs2017_2018_m, cchs2019_2020_m, cchs2021_m, cchs2022_m, cchs2023_m","cchs2001_p::SMKA_05C, cchs2003_p::SMKC_05C, cchs2005_p::SMKE_05C, cchs2015_2016_p::SMK_055, cchs2017_2018_p::SMK_055, cchs2019_2020_p::SMK_055, cchs2001_m::SMKA_05C, cchs2003_m::SMKC_05C, cchs2005_m::SMKE_05C, cchs2015_2016_m::SMK_055, cchs2017_2018_m::SMK_055, cchs2019_2020_m::SMK_055, cchs2021_m::SMK_055, cchs2022_m::CSS_35, cchs2023_m::CSS_35, [SMK_05C]",smoking,Health behaviour,days,{sub_subject:intensity} Universe: current occasional smokers,,3.0.0-alpha,2026-01-04,Created from variable_details_draft.csv,ICES confirmed,,active,
SMK_05D,Ever daily (occ),Ever smoked cigarettes daily (asked of occasional smokers),Categorical,"cchs2001_p, cchs2003_p, cchs2005_p, cchs2007_2008_p, cchs2009_2010_p, cchs2010_p, cchs2011_2012_p, cchs2012_p, cchs2013_2014_p, cchs2014_p, cchs2015_2016_p, cchs2017_2018_p, cchs2019_2020_p, cchs2001_m, cchs2003_m, cchs2005_m, cchs2007_2008_m, cchs2009_2010_m, cchs2009_m, cchs2010_m, cchs2011_2012_m, cchs2012_m, cchs2013_2014_m, cchs2014_m, cchs2015_2016_m, cchs2017_2018_m, cchs2019_2020_m, cchs2021_m, cchs2022_m, cchs2023_m","cchs2001_p::SMKA_05D, cchs2003_p::SMKC_05D, cchs2005_p::SMKE_05D, cchs2015_2016_p::SMK_030, cchs2017_2018_p::SMK_030, cchs2019_2020_p::SMK_030, cchs2001_m::SMKA_05D, cchs2003_m::SMKC_05D, cchs2005_m::SMKE_05D, cchs2015_2016_m::SMK_030, cchs2017_2018_m::SMK_030, cchs2019_2020_m::SMK_030, cchs2021_m::SMK_030, cchs2022_m::SPU_05, cchs2023_m::SPU_05, [SMK_05D]",smoking,Health behaviour,N/A,"{sub_subject:initiation} Universe: Occasional and non-smokers only. Available 2001-2021 PUMF, 2001-2023 Master. Maps to: SMKA_05D (2001), SMKC_05D (2003), SMKE_05D (2005), SMK_05D (2007-2014), SMK_030 (2015-2021), SPU_05 (2022-2023). For 2022-2023 PUMF analyses, use SMKDSTY-based variables.",,3.0.0-alpha,2026-01-04,"v3.0.0: Extended to 2022-2023 Master files via SPU_05. PUMF coverage ends at 2021. Source variable naming changed from SMK_05D to SMK_030 in 2015. For PUMF-only 2022-2023 analyses, use SMKDSTY-based variables instead.",,the same variable exist but the label does not say 'occasional',active,
SMK_06A_2001,When stopped smoking - former occ. smokers (2001),When stopped smoking - former occasional smokers (2001),Categorical,"cchs2001_p, cchs2001_m",[SMKA_06A],smoking,Health behaviour,N/A,{sub_subject:cessation} Universe: former occasional (never daily). Pre-2015 categorical.,,3.0.0-alpha,2026-01-04,Added from variable_details_draft.csv,,,active,
SMK_06A_2003plus,When stopped smoking - former occ. smokers (2003+),"When stopped smoking - former occasional smokers, 2003 onward",Categorical,"cchs2003_p, cchs2005_p, cchs2007_2008_p, cchs2009_2010_p, cchs2010_p, cchs2011_2012_p, cchs2012_p, cchs2013_2014_p, cchs2014_p, cchs2015_2016_p, cchs2017_2018_p, cchs2019_2020_p, cchs2022_p, cchs2023_p, cchs2003_m, cchs2005_m, cchs2007_2008_m, cchs2009_2010_m, cchs2009_m, cchs2010_m, cchs2011_2012_m, cchs2012_m, cchs2013_2014_m, cchs2014_m, cchs2015_2016_m, cchs2017_2018_m, cchs2019_2020_m, cchs2021_m, cchs2023_m","cchs2003_p::SMKC_06A, cchs2005_p::SMKE_06A, cchs2015_2016_p::SMK_060, cchs2017_2018_p::SMK_060, cchs2019_2020_p::SMK_060, cchs2022_p::SPU_10, cchs2023_p::SPU_10, cchs2003_m::SMKC_06A, cchs2005_m::SMKE_06A, cchs2015_2016_m::SMK_060, cchs2017_2018_m::SMK_060, cchs2019_2020_m::SMK_060, cchs2021_m::SMK_060, cchs2023_m::SPU_10, [SMK_06A]",smoking,Health behaviour,N/A,{sub_subject:cessation} Universe: former occasional (never daily). Pre-2015 categorical.,,3.0.0-alpha,2026-01-04,Added from variable_details_draft.csv,,,active,
SMK_06A_cont,Yrs quit (occ),"Years since stopped smoking (former occasional smokers, continuous)",Continuous,"cchs2001_p, cchs2003_p, cchs2005_p, cchs2007_2008_p, cchs2009_2010_p, cchs2010_p, cchs2011_2012_p, cchs2012_p, cchs2013_2014_p, cchs2014_p, cchs2015_2016_p, cchs2017_2018_p, cchs2019_2020_p, cchs2022_p, cchs2023_p, cchs2001_m, cchs2003_m, cchs2005_m, cchs2007_2008_m, cchs2009_2010_m, cchs2009_m, cchs2010_m, cchs2011_2012_m, cchs2012_m, cchs2013_2014_m, cchs2014_m, cchs2015_2016_m, cchs2017_2018_m, cchs2019_2020_m, cchs2021_m, cchs2023_m","cchs2001_p::SMKA_06A, cchs2003_p::SMKC_06A, cchs2005_p::SMKE_06A, cchs2015_2016_p::SMK_060, cchs2017_2018_p::SMK_060, cchs2019_2020_p::SMK_060, cchs2022_p::SPU_10, cchs2023_p::SPU_10, cchs2001_m::SMKA_06A, cchs2003_m::SMKC_06A, cchs2005_m::SMKE_06A, cchs2015_2016_m::SMK_060, cchs2017_2018_m::SMK_060, cchs2019_2020_m::SMK_060, cchs2021_m::SMK_060, cchs2023_m::SPU_10, [SMK_06A]",smoking,Health behaviour,years,{sub_subject:cessation} PUMF-only midpoint. Universe: former occasional smokers. Converts categorical SMK_06A/SPU_10 to pseudo-continuous using midpoint. Not available 2022 (no categorical - uses SPU_10A/B month/year). Use SMKDVSTP for 2022.,Pseudo-continuous years since stopped smoking for former occasional smokers. Derived from categorical using midpoint conversion.,3.0.0-alpha,2026-01-11,Removed cchs2022_m - 2022 uses month/year (SPU_10A/B) not categorical. Added cchs2023_m::SPU_10.,,,active,
SMK_06C,Yrs quit occ,Years since stopped smoking - never daily occasional (Master continuous),Continuous,"cchs2001_m, cchs2003_m, cchs2005_m, cchs2007_2008_m, cchs2009_2010_m, cchs2009_m, cchs2010_m, cchs2011_2012_m, cchs2012_m, cchs2013_2014_m, cchs2014_m, cchs2015_2016_m, cchs2017_2018_m, cchs2019_2020_m, cchs2021_m","cchs2001_m::SMKA_06A, cchs2003_m::SMKC_06C, cchs2005_m::SMKE_06C, cchs2015_2016_m::SMK_070, cchs2017_2018_m::SMK_070, cchs2019_2020_m::SMK_070, cchs2021_m::SMK_070, [SMK_06C]",smoking,Health behaviour,years,{sub_subject:cessation} Universe: former occasional (never daily). Master file continuous. 2001: midpoint from SMKA_06A (no continuous companion). For 2022+ use SMKDVSTP. Variable renamed SMK_06C->SMK_070 in 2015.,,3.0.0-alpha,2026-01-26,PR163 fix: Added 2015-2021 cycles. Added explicit SMK_070 mappings for 2015+.,,,active,
SMK_09A_2001,When stopped daily - former daily smokers (4-cat) (2001),"When stopped smoking daily - former daily smokers, harmonized to 4 categories (2001)",Categorical,"cchs2001_p, cchs2001_m",[SMKA_09A],smoking,Health behaviour,N/A,{sub_subject:cessation} Universe: former daily smokers. Pre-2015 categorical.,,3.0.0-alpha,2026-01-04,Added from variable_details_draft.csv,,,active,
SMK_09A_2003plus,When stopped daily - former daily smokers (2003+),"When stopped smoking daily - former daily smokers, 2003 onward",Categorical,"cchs2003_p, cchs2005_p, cchs2007_2008_p, cchs2009_2010_p, cchs2010_p, cchs2011_2012_p, cchs2012_p, cchs2013_2014_p, cchs2014_p, cchs2015_2016_p, cchs2017_2018_p, cchs2019_2020_p, cchs2022_p, cchs2023_p, cchs2003_m, cchs2005_m, cchs2007_2008_m, cchs2009_2010_m, cchs2009_m, cchs2010_m, cchs2011_2012_m, cchs2012_m, cchs2013_2014_m, cchs2014_m, cchs2015_2016_m, cchs2017_2018_m, cchs2019_2020_m, cchs2021_m, cchs2022_m, cchs2023_m","cchs2003_p::SMKC_09A, cchs2005_p::SMKE_09A, cchs2015_2016_p::SMK_080, cchs2017_2018_p::SMK_080, cchs2019_2020_p::SMK_080, cchs2022_p::SPU_25, cchs2023_p::SPU_25, cchs2003_m::SMKC_09A, cchs2005_m::SMKE_09A, cchs2015_2016_m::SMK_080, cchs2017_2018_m::SMK_080, cchs2019_2020_m::SMK_080, cchs2021_m::SMK_080, cchs2023_m::SPU_25, [SMK_09A]",smoking,Health behaviour,N/A,{sub_subject:cessation} Universe: former daily smokers. Pre-2015 categorical.,,3.0.0-alpha,2026-01-04,Added from variable_details_draft.csv,,,active,
SMK_09A_cont,Yrs quit daily,Years since stopped smoking daily - former daily (continuous derived),Continuous,"cchs2001_p, cchs2003_p, cchs2005_p, cchs2007_2008_p, cchs2009_2010_p, cchs2010_p, cchs2011_2012_p, cchs2012_p, cchs2013_2014_p, cchs2014_p, cchs2015_2016_p, cchs2017_2018_p, cchs2019_2020_p, cchs2022_p, cchs2023_p, cchs2001_m, cchs2003_m, cchs2005_m, cchs2007_2008_m, cchs2009_2010_m, cchs2009_m, cchs2010_m, cchs2011_2012_m, cchs2012_m, cchs2013_2014_m, cchs2014_m, cchs2015_2016_m, cchs2017_2018_m, cchs2019_2020_m, cchs2021_m, cchs2022_m, cchs2023_m","cchs2001_p::SMKA_09A, cchs2003_p::SMKC_09A, cchs2005_p::SMKE_09A, cchs2015_2016_p::SMK_080, cchs2017_2018_p::SMK_080, cchs2019_2020_p::SMK_080, cchs2022_p::SPU_25, cchs2023_p::SPU_25, cchs2001_m::SMKA_09A, cchs2003_m::SMKC_09A, cchs2005_m::SMKE_09A, cchs2015_2016_m::SMK_080, cchs2017_2018_m::SMK_080, cchs2019_2020_m::SMK_080, cchs2021_m::SMK_080, cchs2023_m::SPU_25, [SMK_09A]",smoking,Health behaviour,years,{sub_subject:cessation} PUMF-only midpoint. Universe: former daily smokers. Converts categorical SMK_09A/SPU_25 to pseudo-continuous using midpoint. Not available 2022 (no categorical source - use SMKDVSTP). PUMF 2003-2018 also has grouped SMKG09C.,Pseudo-continuous years since stopped smoking daily for former daily smokers. Derived from categorical using midpoint conversion.,3.0.0-alpha,2026-01-11,Removed cchs2022_m - 2022 has no categorical quit timing (only SPU_25A/B month/year). Use SMKDVSTP for 2022.,,,active,
SMK_09C,Yrs quit daily,Years since stopped smoking daily - former daily (Master continuous),Continuous,"cchs2001_m, cchs2003_m, cchs2005_m, cchs2007_2008_m, cchs2009_2010_m, cchs2009_m, cchs2010_m, cchs2011_2012_m, cchs2012_m, cchs2013_2014_m, cchs2014_m, cchs2015_2016_m, cchs2017_2018_m, cchs2019_2020_m, cchs2021_m","cchs2001_m::SMKA_09A, cchs2003_m::SMKC_09C, cchs2005_m::SMKE_09C, cchs2015_2016_m::SMK_090, cchs2017_2018_m::SMK_090, cchs2019_2020_m::SMK_090, cchs2021_m::SMK_090, [SMK_09C]",smoking,Health behaviour,years,{sub_subject:cessation} Universe: former daily smokers. Master file continuous. 2001: midpoint from SMKA_09A (no continuous companion). For 2022+ use SMKDVSTP. Variable renamed SMK_09C->SMK_090 in 2015.,,3.0.0-alpha,2026-01-26,PR163 fix: Added explicit SMK_090 mappings for 2015-2021 cycles.,,,active,
SMK_10_gate,Quit gate,Quit completely when stopped daily (gate variable),Categorical,"cchs2003_p, cchs2005_p, cchs2007_2008_p, cchs2009_2010_p, cchs2010_p, cchs2011_2012_p, cchs2012_p, cchs2013_2014_p, cchs2015_2016_p, cchs2017_2018_p, cchs2019_2020_p, cchs2003_m, cchs2005_m, cchs2007_2008_m, cchs2009_2010_m, cchs2009_m, cchs2010_m, cchs2011_2012_m, cchs2012_m, cchs2013_2014_m, cchs2014_m, cchs2015_2016_m, cchs2017_2018_m, cchs2019_2020_m, cchs2021_m, cchs2022_m, cchs2023_m","cchs2003_p::SMKC_10, cchs2005_p::SMKE_10, cchs2015_2016_p::SMK_095, cchs2017_2018_p::SMK_095, cchs2019_2020_p::SMK_095, cchs2003_m::SMKC_10, cchs2005_m::SMKE_10, cchs2015_2016_m::SMK_095, cchs2017_2018_m::SMK_095, cchs2019_2020_m::SMK_095, cchs2021_m::SMK_095, cchs2022_m::SPU_30, cchs2023_m::SPU_30, [SMK_10]",smoking,Health behaviour,N/A,"{sub_subject:cessation} Universe: former daily smokers. Gate for quit pathway: 1=quit when stopped daily, 2=continued occasional. Not available 2001.",Determines if respondent quit completely when they stopped daily smoking or continued occasional smoking.,3.0.0-alpha,2026-01-04,Labels updated 2026-01-04. Universe context added.,,,active,
SMK_10A_2015plus,When quit completely - former daily reducers,When quit completely - former daily smokers who continued as occasional,Categorical,"cchs2015_2016_p, cchs2017_2018_p, cchs2015_2016_m, cchs2017_2018_m, cchs2019_2020_m, cchs2021_m, cchs2023_m","cchs2023_m::SPU_35, [SMK_100]",smoking,Health behaviour,N/A,"{sub_subject:cessation} Universe: former daily who continued occasional. 2015+ categorical (4 categories). Not available 2001, 2022.",,3.0.0-alpha,2026-01-05,Split from SMK_10A_cat 2026-01-05,,,active,
SMK_10A_cont,Yrs quit (reducer),"Years since quit completely (former daily who continued occasional, continuous)",Continuous,"cchs2003_p, cchs2005_p, cchs2007_2008_p, cchs2009_2010_p, cchs2010_p, cchs2011_2012_p, cchs2012_p, cchs2013_2014_p, cchs2015_2016_p, cchs2017_2018_p","cchs2003_p::SMKC_10A, cchs2005_p::SMKE_10A, cchs2015_2016_p::SMK_100, cchs2017_2018_p::SMK_100, [SMK_10A]",smoking,Health behaviour,years,"{sub_subject:cessation} PUMF-only midpoint (except 2001). Universe: former daily who continued occasional. Converts categorical SMK_10A/SPU_35 to pseudo-continuous using midpoint. Not available 2001, 2022 (no categorical - uses SPU_35A/B month/year). Use SMKDVSTP for 2022.",Pseudo-continuous years since quit completely for former daily who reduced to occasional. Derived from categorical using midpoint conversion.,3.0.0-alpha,2026-01-11,Removed cchs2022_m - 2022 uses month/year (SPU_35A/B) not categorical. Added cchs2023_m::SPU_35.,,,active,
SMK_10A_pre2015,Quit time reducer (pre-2015 cat),When quit completely - former daily continued occasional (pre-2015 categorical),Categorical,"cchs2003_p, cchs2005_p, cchs2007_2008_p, cchs2009_2010_p, cchs2010_p, cchs2011_2012_p, cchs2012_p, cchs2013_2014_p, cchs2003_m, cchs2005_m, cchs2007_2008_m, cchs2009_2010_m, cchs2009_m, cchs2010_m, cchs2011_2012_m, cchs2012_m, cchs2013_2014_m, cchs2014_m","cchs2003_p::SMKC_10A, cchs2005_p::SMKE_10A, cchs2003_m::SMKC_10A, cchs2005_m::SMKE_10A, [SMK_10A]",smoking,Health behaviour,N/A,{sub_subject:cessation} Universe: former daily who continued occasional. Pre-2015 categorical (4 categories). Not available 2001.,,3.0.0-alpha,2026-01-05,Split from SMK_10A_cat 2026-01-05,,,active,
SMK_10C,Yrs quit complete,Years since quit completely - former daily reducer (Master continuous),Continuous,"cchs2003_m, cchs2005_m, cchs2007_2008_m, cchs2009_2010_m, cchs2009_m, cchs2010_m, cchs2011_2012_m, cchs2012_m, cchs2013_2014_m, cchs2014_m, cchs2015_2016_m, cchs2017_2018_m, cchs2019_2020_m, cchs2021_m","cchs2003_m::SMKC_10C, cchs2005_m::SMKE_10C, cchs2015_2016_m::SMK_110, cchs2017_2018_m::SMK_110, cchs2019_2020_m::SMK_110, cchs2021_m::SMK_110, [SMK_10C]",smoking,Health behaviour,years,{sub_subject:cessation} Universe: former daily who continued occasional. Master file continuous. Not available 2001. For 2022+ use SMKDVSTP. Variable renamed SMK_10C->SMK_110 in 2015.,,3.0.0-alpha,2026-02-21,Design B: Master continuous under StatCan variable name.,,,active,
SMK_202,Smoking freq,"Current cigarette smoking frequency (daily, occasional, not at all)",Categorical,"cchs2001_p, cchs2003_p, cchs2005_p, cchs2007_2008_p, cchs2009_2010_p, cchs2010_p, cchs2011_2012_p, cchs2012_p, cchs2013_2014_p, cchs2014_p, cchs2015_2016_p, cchs2017_2018_p, cchs2019_2020_p, cchs2022_p, cchs2023_p, cchs2001_m, cchs2003_m, cchs2005_m, cchs2007_2008_m, cchs2009_2010_m, cchs2009_m, cchs2010_m, cchs2011_2012_m, cchs2012_m, cchs2013_2014_m, cchs2014_m, cchs2015_2016_m, cchs2017_2018_m, cchs2019_2020_m, cchs2021_m, cchs2022_m, cchs2023_m","cchs2001_p::SMKA_202, cchs2003_p::SMKC_202, cchs2005_p::SMKE_202, cchs2015_2016_p::SMK_005, cchs2017_2018_p::SMK_005, cchs2019_2020_p::SMK_005, cchs2022_p::CSS_05, cchs2023_p::CSS_05, cchs2001_m::SMKA_202, cchs2003_m::SMKC_202, cchs2005_m::SMKE_202, cchs2015_2016_m::SMK_005, cchs2017_2018_m::SMK_005, cchs2019_2020_m::SMK_005, cchs2021_m::SMK_005, cchs2022_m::CSS_05, cchs2023_m::CSS_05, [SMK_202]",smoking,Health behaviour,N/A,"{sub_subject:status} Universe: All respondents aged 12+. Full coverage 2001-2023 PUMF and Master. Maps to: SMKA_202 (2001), SMKC_202 (2003), SMKE_202 (2005), SMK_202 (2007-2014), SMK_005 (2015-2021), CSS_05 (2022-2023). {recommended:secondary}",,3.0.0-alpha,2026-01-04,v3.0.0: Full cycle coverage 2001-2023 for both PUMF and Master. Source variable naming changed from SMK_202 to SMK_005 in 2015 and to CSS_05 in 2022. Recommended for cross-cycle current smoking status analyses.,,,active,
SMK_203,Age daily (curr),Age started smoking cigarettes daily (current daily smokers),Continuous,"cchs2001_m, cchs2003_m, cchs2005_m, cchs2007_2008_m, cchs2009_2010_m, cchs2009_m, cchs2010_m, cchs2011_2012_m, cchs2012_m, cchs2013_2014_m, cchs2014_m, cchs2015_2016_m, cchs2017_2018_m, cchs2019_2020_m, cchs2021_m, cchs2022_m, cchs2023_m","cchs2001_m::SMKA_203, cchs2003_m::SMKC_203, cchs2005_m::SMKE_203, cchs2015_2016_m::[SMK_005, SMK_040], cchs2017_2018_m::[SMK_005, SMK_040], cchs2019_2020_m::[SMK_005, SMK_040], cchs2021_m::[SMK_005, SMK_040], cchs2022_m::[CSS_05, SPU_15], cchs2023_m::[CSS_05, SPU_15], [SMK_203]",smoking,Health behaviour,years,Universe: current daily smokers. Master file only. Pre-2015: direct source. Post-2015: derived from SMK_040 filtered by status. {sub_subject:initiation},,3.0.0-alpha,2026-01-04,Labels updated 2026-01-04. Universe context added.,,,active,
SMK_204,Cigs/day (current),Number of cigarettes smoked daily - daily smokers,Continuous,"cchs2001_p, cchs2003_p, cchs2005_p, cchs2007_2008_p, cchs2009_2010_p, cchs2010_p, cchs2011_2012_p, cchs2012_p, cchs2013_2014_p, cchs2014_p, cchs2015_2016_p, cchs2017_2018_p, cchs2019_2020_p, cchs2001_m, cchs2003_m, cchs2005_m, cchs2007_2008_m, cchs2009_2010_m, cchs2009_m, cchs2010_m, cchs2011_2012_m, cchs2012_m, cchs2013_2014_m, cchs2014_m, cchs2015_2016_m, cchs2017_2018_m, cchs2019_2020_m, cchs2021_m, cchs2022_m, cchs2023_m","cchs2001_p::SMKA_204, cchs2003_p::SMKC_204, cchs2005_p::SMKE_204, cchs2015_2016_p::SMK_045, cchs2017_2018_p::SMK_045, cchs2019_2020_p::SMK_045, cchs2001_m::SMKA_204, cchs2003_m::SMKC_204, cchs2005_m::SMKE_204, cchs2015_2016_m::SMK_045, cchs2017_2018_m::SMK_045, cchs2019_2020_m::SMK_045, cchs2021_m::SMK_045, cchs2022_m::CSS_25, cchs2023_m::CSS_25, [SMK_204]",smoking,Health behaviour,cigarettes,{recommended:secondary} {sub_subject:intensity} Universe: current daily smokers. Use cigs_per_day for unified daily intensity.,,3.0.0-alpha,2026-01-04,Created from variable_details_draft.csv,ICES confirmed,,active,
SMK_207,Age daily (fmr),Age started smoking cigarettes daily (former daily smokers),Continuous,"cchs2001_m, cchs2003_m, cchs2005_m, cchs2007_2008_m, cchs2009_2010_m, cchs2009_m, cchs2010_m, cchs2011_2012_m, cchs2012_m, cchs2013_2014_m, cchs2014_m, cchs2015_2016_m, cchs2017_2018_m, cchs2019_2020_m, cchs2021_m, cchs2022_m, cchs2023_m","cchs2001_m::SMKA_207, cchs2003_m::SMKC_207, cchs2005_m::SMKE_207, cchs2015_2016_m::[SMK_005, SMK_030, SMK_040], cchs2017_2018_m::[SMK_005, SMK_030, SMK_040], cchs2019_2020_m::[SMK_005, SMK_030, SMK_040], cchs2021_m::[SMK_005, SMK_030, SMK_040], cchs2022_m::[CSS_05, SPU_05, SPU_15], cchs2023_m::[CSS_05, SPU_05, SPU_15], [SMK_207]",smoking,Health behaviour,years,Universe: former daily smokers. Master file only. Pre-2015: direct source. Post-2015: derived from SMK_040 filtered by status. {sub_subject:initiation},,3.0.0-alpha,2026-01-04,Labels updated 2026-01-04. Universe context added.,,,active,
SMK_208,Cigs/day (former),Number of cigarettes smoked daily - former daily smokers,Continuous,"cchs2001_p, cchs2003_p, cchs2005_p, cchs2007_2008_p, cchs2009_2010_p, cchs2010_p, cchs2011_2012_p, cchs2012_p, cchs2013_2014_p, cchs2014_p, cchs2015_2016_p, cchs2017_2018_p, cchs2019_2020_p, cchs2001_m, cchs2003_m, cchs2005_m, cchs2007_2008_m, cchs2009_2010_m, cchs2009_m, cchs2010_m, cchs2011_2012_m, cchs2012_m, cchs2013_2014_m, cchs2014_m, cchs2015_2016_m, cchs2017_2018_m, cchs2019_2020_m, cchs2021_m, cchs2022_m, cchs2023_m","cchs2001_p::SMKA_208, cchs2003_p::SMKC_208, cchs2005_p::SMKE_208, cchs2015_2016_p::SMK_075, cchs2017_2018_p::SMK_075, cchs2019_2020_p::SMK_075, cchs2001_m::SMKA_208,  cchs2003_m::SMKC_208, cchs2005_m::SMKE_208, cchs2015_2016_m::SMK_075, cchs2017_2018_m::SMK_075, cchs2019_2020_m::SMK_075, cchs2021_m::SMK_075, cchs2022_m::SPU_20, cchs2023_m::SPU_20, [SMK_208]",smoking,Health behaviour,cigarettes,{recommended:secondary} {sub_subject:intensity} Universe: former daily smokers. Use cigs_per_day for unified daily intensity.,,3.0.0-alpha,2026-01-04,Created from variable_details_draft.csv,ICES confirmed,,active,
SMKDGSTP,Yrs quit (P cat),Years since quit smoking completely (PUMF grouped categorical),Categorical,"cchs2015_2016_p, cchs2017_2018_p, cchs2019_2020_p",[SMKDGSTP],smoking,Health behaviour,N/A,"{sub_subject:cessation} Universe: former smokers. PUMF 2015+ only. Grouped categories: 0=<1yr, 1=1-2yr, 2=3-5yr, 3=6-10yr, 4=11+yr.",StatCan derived variable grouped for disclosure control.,3.0.0-alpha,2026-01-05,Split from SMKDSTP 2026-01-05. PUMF categorical 2015+ only.,,,active,
SMKDGSTP_cont,Yrs quit smoking,Years since quit smoking completely,Continuous,"cchs2003_p, cchs2005_p, cchs2007_2008_p, cchs2009_2010_p, cchs2010_p, cchs2011_2012_p, cchs2012_p, cchs2013_2014_p, cchs2015_2016_p, cchs2017_2018_p, cchs2019_2020_p, cchs2003_m, cchs2005_m, cchs2007_2008_m, cchs2009_2010_m, cchs2009_m, cchs2010_m, cchs2011_2012_m, cchs2012_m, cchs2013_2014_m, cchs2014_m, cchs2015_2016_m, cchs2017_2018_m, cchs2019_2020_m, cchs2021_m, cchs2022_m, cchs2023_m","cchs2003_p::SMKCGSTP, cchs2005_p::SMKEGSTP, cchs2007_2008_p::SMKGSTP, cchs2009_2010_p::SMKGSTP, cchs2010_p::SMKGSTP, cchs2011_2012_p::SMKGSTP, cchs2012_p::SMKGSTP, cchs2013_2014_p::SMKGSTP, cchs2003_m::SMKCDSTP, cchs2005_m::SMKEDSTP, cchs2007_2008_m::SMKDSTP, cchs2009_2010_m::SMKDSTP, cchs2009_m::SMKDSTP, cchs2010_m::SMKDSTP, cchs2011_2012_m::SMKDSTP, cchs2012_m::SMKDSTP, cchs2013_2014_m::SMKDSTP, cchs2014_m::SMKDSTP, cchs2015_2016_m::SMKDVSTP, cchs2017_2018_m::SMKDVSTP, cchs2019_2020_m::SMKDVSTP, cchs2021_m::SMKDVSTP, cchs2022_m::SMKDVSTP, cchs2023_m::SMKDVSTP, [SMKDGSTP]",smoking,Health behaviour,years,"{sub_subject:cessation} Universe: former smokers. PUMF 2007-2014: pass-through continuous; PUMF 2015+: midpoint from SMKDGSTP; Master: pass-through continuous. Not available 2001, 2003-2005 PUMF. 2019-2020 PUMF confirmed via Gemini Gem review (2026-03-28).","Unified continuous years since quit. PUMF pre-2015 continuous, PUMF 2015+ midpoint imputed, Master continuous pass-through.",3.0.0-alpha,2026-01-05,Split from SMKDSTP 2026-01-05. Follows 02-initiation _cont pattern.,,,active,
SMKDSTY,Smoking type,Type of smoker derived (6-category),Categorical,"cchs2001_p, cchs2003_p, cchs2005_p, cchs2007_2008_p, cchs2009_2010_p, cchs2010_p, cchs2011_2012_p, cchs2012_p, cchs2013_2014_p, cchs2014_p, cchs2015_2016_p, cchs2017_2018_p, cchs2019_2020_p, cchs2022_p, cchs2023_p, cchs2001_m, cchs2003_m, cchs2005_m, cchs2007_2008_m, cchs2009_2010_m, cchs2009_m, cchs2010_m, cchs2011_2012_m, cchs2012_m, cchs2013_2014_m, cchs2014_m, cchs2015_2016_m, cchs2017_2018_m, cchs2019_2020_m, cchs2021_m, cchs2022_m, cchs2023_m","cchs2001_p::SMKADSTY, cchs2003_p::SMKCDSTY, cchs2005_p::SMKEDSTY, cchs2015_2016_p::SMKDVSTY, cchs2017_2018_p::SMKDVSTY, cchs2019_2020_p::SMKDVSTY, cchs2022_p::SMKDVSTY, cchs2023_p::SMKDVSTY, cchs2001_m::SMKADSTY, cchs2003_m::SMKCDSTY, cchs2005_m::SMKEDSTY, cchs2015_2016_m::SMKDVSTY, cchs2017_2018_m::SMKDVSTY, cchs2019_2020_m::SMKDVSTY, cchs2021_m::SMKDVSTY, cchs2022_m::SMKDVSTY, cchs2023_m::SMKDVSTY, [SMKDSTY]",smoking,Health behaviour,N/A,{sub_subject:status} Raw pass-through of StatCan derived variable. Full coverage 2001-2023 PUMF and Master. CAUTION: Category 5 meaning changed in 2015. Use SMKDSTY_cat3 or SMKDSTY_cat5 for comparable cross-cycle analyses.,"2015 onwards for smoke status still has 6 categories, but removed 'always occasional' (Never daily current occasional smoker) and added 'experimental' (at least 1 cig, non-smoker now)",3.0.0-alpha,2026-01-04,"v3.0.0: NEW variable. Raw pass-through of StatCan derived smoking status. Required for pack-years calculation. CAUTION: Category 5 meaning changed in 2015 (former occasional -> experimental smoker). For comparable cross-cycle analyses, use SMKDSTY_cat3 or SMKDSTY_cat5 instead.",,,active,
SMKDSTY_2009plus,Type of smoker (6-cat 2009+),"Type of smoker (6-category, 2009+ categories per SMKDVSTY scheme)",Categorical,"cchs2009_2010_p, cchs2010_p, cchs2011_2012_p, cchs2012_p, cchs2013_2014_p, cchs2015_2016_p, cchs2017_2018_p, cchs2019_2020_p, cchs2022_p, cchs2023_p, cchs2009_2010_m, cchs2009_m, cchs2010_m, cchs2011_2012_m, cchs2012_m, cchs2013_2014_m, cchs2014_m, cchs2015_2016_m, cchs2017_2018_m, cchs2019_2020_m, cchs2021_m, cchs2022_m, cchs2023_m",[SMKDVSTY],smoking,Health behaviour,N/A,{sub_subject:status} 2015+ category structure only. Available 2015-2023 PUMF and Master. Direct SMKDVSTY pass-through. Not available pre-2015; use SMKDSTY_original for earlier cycles.,"2015 onwards for smoke status still has 6 categories, but removed 'always occasional' (Never daily current occasional smoker) and added 'experimental' (at least 1 cig, non-smoker now)",3.0.0-alpha,2026-01-04,v3.0.0: 2015+ only. Direct pass-through of SMKDVSTY. Use when 2015+ category structure is preferred (includes 'experimental smoker' category). Not available pre-2015; use SMKDSTY_original for full cycle coverage.,,,active,
SMKDSTY_cat3,Smoking (3-cat),"Smoking status (3-category): current, former, never",Categorical,"cchs2001_p, cchs2003_p, cchs2005_p, cchs2007_2008_p, cchs2009_2010_p, cchs2010_p, cchs2011_2012_p, cchs2012_p, cchs2013_2014_p, cchs2014_p, cchs2015_2016_p, cchs2017_2018_p, cchs2019_2020_p, cchs2022_p, cchs2023_p, cchs2001_m, cchs2003_m, cchs2005_m, cchs2007_2008_m, cchs2009_2010_m, cchs2009_m, cchs2010_m, cchs2011_2012_m, cchs2012_m, cchs2013_2014_m, cchs2014_m, cchs2015_2016_m, cchs2017_2018_m, cchs2019_2020_m, cchs2021_m, cchs2022_m, cchs2023_m","cchs2001_p::SMKADSTY, cchs2003_p::SMKCDSTY, cchs2005_p::SMKEDSTY, cchs2015_2016_p::SMKDVSTY, cchs2017_2018_p::SMKDVSTY, cchs2019_2020_p::SMKDVSTY, cchs2022_p::SMKDVSTY, cchs2023_p::SMKDVSTY, cchs2001_m::SMKADSTY, cchs2003_m::SMKCDSTY, cchs2005_m::SMKEDSTY, cchs2015_2016_m::SMKDVSTY, cchs2017_2018_m::SMKDVSTY, cchs2019_2020_m::SMKDVSTY, cchs2021_m::SMKDVSTY, cchs2022_m::SMKDVSTY, cchs2023_m::SMKDVSTY, [SMKDSTY]",smoking,Health behaviour,N/A,{sub_subject:status} Collapsed to current/former/never. Full coverage 2001-2023 PUMF and Master. Recommended for cross-cycle comparisons requiring full comparability. {recommended:secondary},Re-categorization of SMKDSTY to be used for smoking imputation,3.0.0-alpha,2026-01-04,"v3.0.0: Recommended for cross-cycle comparisons. Collapses to current/former/never, avoiding all semantic breaks. Full PUMF and Master coverage 2001-2023.",,,active,
SMKDSTY_cat5,Smoking (5-cat),"Smoking status (5-category): daily, occasional, former daily, former occasional, never",Categorical,"cchs2001_p, cchs2003_p, cchs2005_p, cchs2007_2008_p, cchs2009_2010_p, cchs2010_p, cchs2011_2012_p, cchs2012_p, cchs2013_2014_p, cchs2014_p, cchs2015_2016_p, cchs2017_2018_p, cchs2019_2020_p, cchs2022_p, cchs2023_p, cchs2001_m, cchs2003_m, cchs2005_m, cchs2007_2008_m, cchs2009_2010_m, cchs2009_m, cchs2010_m, cchs2011_2012_m, cchs2012_m, cchs2013_2014_m, cchs2014_m, cchs2015_2016_m, cchs2017_2018_m, cchs2019_2020_m, cchs2021_m, cchs2022_m, cchs2023_m","cchs2001_p::SMKADSTY, cchs2003_p::SMKCDSTY, cchs2005_p::SMKEDSTY, cchs2015_2016_p::SMKDVSTY, cchs2017_2018_p::SMKDVSTY, cchs2019_2020_p::SMKDVSTY, cchs2022_p::SMKDVSTY, cchs2023_p::SMKDVSTY, cchs2001_m::SMKADSTY, cchs2003_m::SMKCDSTY, cchs2005_m::SMKEDSTY, cchs2015_2016_m::SMKDVSTY, cchs2017_2018_m::SMKDVSTY, cchs2019_2020_m::SMKDVSTY, cchs2021_m::SMKDVSTY, cchs2022_m::SMKDVSTY, cchs2023_m::SMKDVSTY, [SMKDSTY]",smoking,Health behaviour,N/A,{sub_subject:status} 5-category avoiding semantic break. Full coverage 2001-2023 PUMF and Master. Merges occasional subtypes and former occasional/experimental. Recommended when more detail than 3-category is needed. {recommended:secondary},"Re-categorization of SMKDSTY to be used for smoking imputation. Prior to 2015, 'occasional' and 'always occasional' are combined to form the current 'occasional' category. 2015 onwards, 'former occasional' and 'experimental' are combined to form the current 'former occasional' category",3.0.0-alpha,2026-01-04,v3.0.0: Recommended when more detail than 3-category is needed but cross-cycle comparability is required. Merges categories to avoid the 2015 semantic break on category 5. Full PUMF and Master coverage 2001-2023.,Yes,,active,
SMKDSTY_original,Type of smoker (6-cat original),"Type of smoker (6-category, original StatCan scheme with derivation for post-2014)",Categorical,"cchs2001_p, cchs2003_p, cchs2005_p, cchs2007_2008_p, cchs2009_2010_p, cchs2010_p, cchs2011_2012_p, cchs2012_p, cchs2013_2014_p, cchs2014_p, cchs2015_2016_p, cchs2017_2018_p, cchs2019_2020_p, cchs2022_p, cchs2023_p, cchs2001_m, cchs2003_m, cchs2005_m, cchs2007_2008_m, cchs2009_2010_m, cchs2009_m, cchs2010_m, cchs2011_2012_m, cchs2012_m, cchs2013_2014_m, cchs2014_m, cchs2015_2016_m, cchs2017_2018_m, cchs2019_2020_m, cchs2021_m, cchs2022_m, cchs2023_m","cchs2001_p::SMKADSTY, cchs2003_p::SMKCDSTY, cchs2005_p::SMKEDSTY, cchs2007_2008_p::SMKDSTY, cchs2009_2010_p::SMKDSTY, cchs2010_p::SMKDSTY, cchs2011_2012_p::SMKDSTY, cchs2012_p::SMKDSTY, cchs2013_2014_p::SMKDSTY, cchs2001_m::SMKADSTY, cchs2003_m::SMKCDSTY, cchs2005_m::SMKEDSTY, cchs2007_2008_m::SMKDSTY, cchs2009_2010_m::SMKDSTY, cchs2009_m::SMKDSTY, cchs2010_m::SMKDSTY, cchs2011_2012_m::SMKDSTY, cchs2012_m::SMKDSTY, cchs2013_2014_m::SMKDSTY, cchs2014_m::SMKDSTY, DerivedVar::[SMK_202, SMK_05D, SMK_01A]",smoking,Health behaviour,N/A,"{recommended:primary} {sub_subject:status} Full coverage 2001-2023 PUMF and Master. Derivation: 2001-2014 pass-through from SMKDSTY; 2015-2021 derived from SMK_202, SMK_05D, SMK_01A; 2022-2023 remapped from SMKDVSTY (cat 5 experimental → former occasional). Use when consistent 6-category pre-2015 definitions are needed.","2015 onwards for smoke status still has 6 categories, but removed 'always occasional' (Never daily current occasional smoker) and added 'experimental' (at least 1 cig, non-smoker now)",3.0.0-alpha,2026-01-04,"v3.0.0: Provides consistent pre-2015 category structure across all cycles. 2001-2014: direct pass-through. 2015+: derived from SMK_202, SMK_05D, SMK_01A using calculate_smoking_status_detailed(). PUMF validated through 2018; Master validated through 2023.",Yes,SMKDSTY_fun is used to harmonize this var until 2023. SMKDSTY_fun can be applied to 2022 and 2023 cycles because SMK_005 was extended until 2023.,active,
SMKDVSTP,Yrs quit smoking,Years since quit smoking completely (Master continuous),Continuous,"cchs2003_m, cchs2005_m, cchs2007_2008_m, cchs2009_2010_m, cchs2009_m, cchs2010_m, cchs2011_2012_m, cchs2012_m, cchs2013_2014_m, cchs2014_m, cchs2015_2016_m, cchs2017_2018_m, cchs2019_2020_m, cchs2021_m, cchs2022_m, cchs2023_m","cchs2003_m::SMKCDSTP, cchs2005_m::SMKEDSTP, cchs2007_2008_m::SMKDSTP, cchs2009_2010_m::SMKDSTP, cchs2009_m::SMKDSTP, cchs2010_m::SMKDSTP, cchs2011_2012_m::SMKDSTP, cchs2012_m::SMKDSTP, cchs2013_2014_m::SMKDSTP, cchs2014_m::SMKDSTP, [SMKDVSTP]",smoking,Health behaviour,years,{sub_subject:cessation} Universe: former smokers. Master file only. StatCan derived continuous (0-88 years). Not available 2001.,StatCan derived variable for years since completely quit smoking.,3.0.0-alpha,2026-01-05,Split from SMKDSTP 2026-01-05. Master continuous pass-through.,,,active,
SMKG01C_2005plus,Age 1st cig (2005+ cat),"Age smoked first cigarette (2005+, 11-category)",Categorical,"cchs2005_p, cchs2007_2008_p, cchs2009_2010_p, cchs2010_p, cchs2011_2012_p, cchs2012_p, cchs2013_2014_p, cchs2014_p, cchs2015_2016_p, cchs2017_2018_p, cchs2019_2020_p","cchs2005_p::SMKEG01C, cchs2015_2016_p::SMKG035, cchs2017_2018_p::SMKG035, [SMKG01C]",smoking,Health behaviour,years,Universe: ever smoked 100+ cigarettes. PUMF only. 2015+ grouped categories. {sub_subject:initiation},,3.0.0-alpha,2026-01-04,Added from variable_details_draft.csv,,,active,
SMKG01C_cont,Age 1st cig,Age smoked first whole cigarette,Continuous,"cchs2001_p, cchs2003_p, cchs2005_p, cchs2007_2008_p, cchs2009_2010_p, cchs2010_p, cchs2011_2012_p, cchs2012_p, cchs2013_2014_p, cchs2014_p, cchs2015_2016_p, cchs2017_2018_p, cchs2019_2020_p, cchs2001_m, cchs2003_m, cchs2005_m, cchs2007_2008_m, cchs2009_2010_m, cchs2009_m, cchs2010_m, cchs2011_2012_m, cchs2012_m, cchs2013_2014_m, cchs2014_m, cchs2015_2016_m, cchs2017_2018_m, cchs2019_2020_m, cchs2021_m, cchs2022_m, cchs2023_m","cchs2001_p::SMKAG01C, cchs2003_p::SMKCG01C, cchs2005_p::SMKEG01C, cchs2015_2016_p::SMKG035, cchs2017_2018_p::SMKG035, cchs2019_2020_p::SMKG035, cchs2001_m::SMKA_01C, cchs2003_m::SMKC_01C, cchs2005_m::SMKE_01C, cchs2007_2008_m::SMK_01C, cchs2009_2010_m::SMK_01C, cchs2009_m::SMK_01C, cchs2010_m::SMK_01C, cchs2011_2012_m::SMK_01C, cchs2012_m::SMK_01C, cchs2013_2014_m::SMK_01C, cchs2014_m::SMK_01C, cchs2015_2016_m::SMK_035, cchs2017_2018_m::SMK_035, cchs2019_2020_m::SMK_035, cchs2021_m::SMK_035, cchs2022_m::CSS_10, cchs2023_m::CSS_10, [SMKG01C]",smoking,Health behaviour,years,Universe: ever smoked 100+ cigarettes. PUMF: midpoint imputation from grouped categories. Master: direct pass-through of continuous values. {sub_subject:initiation},,3.0.0-alpha,2026-01-04,Labels updated 2026-01-04. Master coverage added 2026-01-05 for cross-validation and replication.,,,active,
SMKG01C_pre2005,Age 1st cig (pre-2005 cat),"Age smoked first cigarette (pre-2005, 10-category)",Categorical,"cchs2001_p, cchs2003_p","cchs2001_p::SMKAG01C, cchs2003_p::SMKCG01C",smoking,Health behaviour,years,Universe: ever smoked 100+ cigarettes. PUMF only. Pre-2015 grouped categories. {sub_subject:initiation},,3.0.0-alpha,2026-01-04,Added from variable_details_draft.csv,,,active,
SMKG040,Age daily smoking,Age started smoking daily - ever-daily (categorical),Categorical,"cchs2015_2016_p, cchs2017_2018_p, cchs2019_2020_p, cchs2022_p, cchs2023_p",[SMKG040],smoking,Health behaviour,years,Universe: ever-daily smokers. Categorical grouping of age started daily smoking. 2015+ only. {sub_subject:initiation},,3.0.0-alpha,2026-01-04,Added from variable_details_draft.csv,,,active,
SMKG040_cont,Age daily (ever),Age started smoking cigarettes daily (all ever-daily smokers),Continuous,"cchs2001_p, cchs2003_p, cchs2005_p, cchs2007_2008_p, cchs2009_2010_p, cchs2010_p, cchs2011_2012_p, cchs2012_p, cchs2013_2014_p, cchs2014_p, cchs2015_2016_p, cchs2017_2018_p, cchs2019_2020_p, cchs2001_m, cchs2003_m, cchs2005_m, cchs2007_2008_m, cchs2009_2010_m, cchs2009_m, cchs2010_m, cchs2011_2012_m, cchs2012_m, cchs2013_2014_m, cchs2014_m, cchs2015_2016_m, cchs2017_2018_m, cchs2019_2020_m, cchs2021_m, cchs2022_m, cchs2023_m","cchs2001_p::[SMKAG203, SMKAG207], cchs2003_p::[SMKCG203, SMKCG207], cchs2005_p::[SMKEG203, SMKEG207], cchs2007_2008_p::[SMKG203, SMKG207], cchs2009_2010_p::[SMKG203, SMKG207], cchs2010_p::[SMKG203, SMKG207], cchs2011_2012_p::[SMKG203, SMKG207], cchs2012_p::[SMKG203, SMKG207], cchs2013_2014_p::[SMKG203, SMKG207], cchs2001_m::[SMKA_203, SMKA_207], cchs2003_m::[SMKC_203, SMKC_207], cchs2005_m::[SMKE_203, SMKE_207], cchs2007_2008_m::[SMK_203, SMK_207], cchs2009_2010_m::[SMK_203, SMK_207], cchs2009_m::[SMK_203, SMK_207], cchs2010_m::[SMK_203, SMK_207], cchs2011_2012_m::[SMK_203, SMK_207], cchs2012_m::[SMK_203, SMK_207], cchs2013_2014_m::[SMK_203, SMK_207], cchs2014_m::[SMK_203, SMK_207], cchs2015_2016_m::SMK_040, cchs2017_2018_m::SMK_040, cchs2019_2020_m::SMK_040, cchs2021_m::SMK_040, cchs2022_m::SPU_15, cchs2023_m::SPU_15, [SMKG040]",smoking,Health behaviour,years,Universe: all ever-daily smokers. PUMF: midpoint imputation from grouped categories. Master: direct pass-through of continuous values. {sub_subject:initiation},,3.0.0-alpha,2026-01-04,Labels updated 2026-01-04. Master coverage added 2026-01-05 for cross-validation and replication.,,,active,
SMKG06C,Yrs quit occ,Years since stopped smoking - never daily occasional (PUMF categorical),Categorical,"cchs2003_p, cchs2005_p, cchs2007_2008_p, cchs2009_2010_p, cchs2010_p, cchs2011_2012_p, cchs2012_p, cchs2013_2014_p, cchs2014_p","cchs2003_p::SMKCG06C, cchs2005_p::SMKEG06C, [SMKG06C]",smoking,Health behaviour,years,{sub_subject:cessation} Universe: former occasional (never daily). PUMF categorical.,,3.0.0-alpha,2026-01-04,Added from variable_details_draft.csv,,,active,
SMKG09C,Yrs quit daily,Years since stopped smoking daily - former daily (PUMF categorical),Categorical,"cchs2003_p, cchs2005_p, cchs2007_2008_p, cchs2009_2010_p, cchs2010_p, cchs2011_2012_p, cchs2012_p, cchs2013_2014_p, cchs2014_p, cchs2015_2016_p, cchs2017_2018_p","cchs2003_p::SMKCG09C, cchs2005_p::SMKEG09C, cchs2015_2016_p::SMKG090, cchs2017_2018_p::SMKG090, [SMKG09C]",smoking,Health behaviour,years,{sub_subject:cessation} Universe: former daily smokers. PUMF categorical.,,3.0.0-alpha,2026-01-04,Added from variable_details_draft.csv,,,active,
SMKG09C_cont,Yrs quit daily,Years since stopped smoking daily - former daily (PUMF continuous derived),Continuous,"cchs2003_p, cchs2005_p, cchs2007_2008_p, cchs2009_2010_p, cchs2010_p, cchs2011_2012_p, cchs2012_p, cchs2013_2014_p, cchs2014_p, cchs2015_2016_p, cchs2017_2018_p, cchs2003_m, cchs2005_m, cchs2007_2008_m, cchs2009_2010_m, cchs2009_m, cchs2010_m, cchs2011_2012_m, cchs2012_m, cchs2013_2014_m, cchs2014_m, cchs2015_2016_m, cchs2017_2018_m, cchs2019_2020_m, cchs2021_m","cchs2003_p::SMKCG09C, cchs2005_p::SMKEG09C, cchs2015_2016_p::SMKG090, cchs2017_2018_p::SMKG090, cchs2003_m::SMKC_09C, cchs2005_m::SMKE_09C, cchs2007_2008_m::SMK_09C, cchs2009_2010_m::SMK_09C, cchs2009_m::SMK_09C, cchs2010_m::SMK_09C, cchs2011_2012_m::SMK_09C, cchs2012_m::SMK_09C, cchs2013_2014_m::SMK_09C, cchs2014_m::SMK_09C, cchs2015_2016_m::SMK_090, cchs2017_2018_m::SMK_090, cchs2019_2020_m::SMK_090, cchs2021_m::SMK_090, [SMKG09C]",smoking,Health behaviour,years,{sub_subject:cessation} Universe: former daily smokers. PUMF continuous derived. {recommended:secondary},,3.0.0-alpha,2026-01-04,Added from variable_details_draft.csv,,,active,
SMKG203_2005plus,Age daily curr (2005+ cat),"Age started smoking daily - current daily (2005+, 11-category)",Categorical,"cchs2005_p, cchs2007_2008_p, cchs2009_2010_p, cchs2010_p, cchs2011_2012_p, cchs2012_p, cchs2013_2014_p, cchs2014_p, cchs2005_m, cchs2007_2008_m, cchs2009_2010_m, cchs2009_m, cchs2010_m, cchs2011_2012_m, cchs2012_m, cchs2013_2014_m, cchs2014_m","cchs2005_p::SMKEG203, [SMKG203]",smoking,Health behaviour,years,Universe: current daily smokers. PUMF only. 2015+ grouped categories. {sub_subject:initiation},,3.0.0-alpha,2026-01-04,Added from variable_details_draft.csv,,,active,
SMKG203_cont,Age daily (curr),Age started smoking cigarettes daily (current daily smokers),Continuous,"cchs2001_p, cchs2003_p, cchs2005_p, cchs2007_2008_p, cchs2009_2010_p, cchs2010_p, cchs2011_2012_p, cchs2012_p, cchs2013_2014_p, cchs2014_p, cchs2015_2016_p, cchs2017_2018_p, cchs2019_2020_p, cchs2022_p, cchs2023_p, cchs2001_m, cchs2003_m, cchs2005_m, cchs2007_2008_m, cchs2009_2010_m, cchs2009_m, cchs2010_m, cchs2011_2012_m, cchs2012_m, cchs2013_2014_m, cchs2014_m, cchs2015_2016_m, cchs2017_2018_m, cchs2019_2020_m, cchs2021_m","cchs2001_p::SMKAG203, cchs2003_p::SMKCG203, cchs2005_p::SMKEG203, cchs2015_2016_p::[SMKG005, SMKG040], cchs2017_2018_p::[SMKG005, SMKG040], cchs2019_2020_p::[SMKG005, SMKG040], cchs2001_m::SMKA_203, cchs2003_m::SMKC_203, cchs2005_m::SMKE_203, cchs2007_2008_m::SMK_203, cchs2009_2010_m::SMK_203, cchs2009_m::SMK_203, cchs2010_m::SMK_203, cchs2011_2012_m::SMK_203, cchs2012_m::SMK_203, cchs2013_2014_m::SMK_203, cchs2014_m::SMK_203, cchs2015_2016_m::[SMK_005, SMK_040], cchs2017_2018_m::[SMK_005, SMK_040], cchs2019_2020_m::[SMK_005, SMK_040], cchs2021_m::[SMK_005, SMK_040], cchs2022_m::[CSS_05, SPU_15], cchs2023_m::[CSS_05, SPU_15], [SMKG203]",smoking,Health behaviour,years,Universe: current daily smokers. PUMF: midpoint imputation from grouped categories. Master: direct pass-through of continuous values. {recommended:secondary} {sub_subject:initiation},,3.0.0-alpha,2026-01-04,Labels updated 2026-01-04. Master coverage added 2026-01-05 for cross-validation and replication.,,,active,
SMKG203_pre2005,Age daily curr (pre-2005 cat),"Age started smoking daily - current daily (pre-2005, 10-category)",Categorical,"cchs2001_p, cchs2003_p","cchs2001_p::SMKAG203, cchs2003_p::SMKCG203",smoking,Health behaviour,years,Universe: current daily smokers. PUMF only. Pre-2015 grouped categories. {sub_subject:initiation},,3.0.0-alpha,2026-01-04,Added from variable_details_draft.csv,,,active,
SMKG207_2005plus,Age daily fmr (2005+ cat),"Age started smoking daily - former daily (2005+, 11-category)",Categorical,"cchs2005_p, cchs2007_2008_p, cchs2009_2010_p, cchs2010_p, cchs2011_2012_p, cchs2012_p, cchs2013_2014_p, cchs2014_p","cchs2005_p::SMKEG207, [SMKG207]",smoking,Health behaviour,years,Universe: former daily smokers. PUMF only. 2015+ grouped categories. {sub_subject:initiation},,3.0.0-alpha,2026-01-04,Added from variable_details_draft.csv,,,active,
SMKG207_cont,Age daily (fmr),Age started smoking cigarettes daily (former daily smokers),Continuous,"cchs2001_p, cchs2003_p, cchs2005_p, cchs2007_2008_p, cchs2009_2010_p, cchs2010_p, cchs2011_2012_p, cchs2012_p, cchs2013_2014_p, cchs2014_p, cchs2015_2016_p, cchs2017_2018_p, cchs2019_2020_p, cchs2022_p, cchs2023_p, cchs2001_m, cchs2003_m, cchs2005_m, cchs2007_2008_m, cchs2009_2010_m, cchs2009_m, cchs2010_m, cchs2011_2012_m, cchs2012_m, cchs2013_2014_m, cchs2014_m, cchs2015_2016_m, cchs2017_2018_m, cchs2019_2020_m, cchs2021_m","cchs2001_p::SMKAG207, cchs2003_p::SMKCG207, cchs2005_p::SMKEG207, cchs2015_2016_p::[SMKG005, SMKG030, SMKG040], cchs2017_2018_p::[SMKG005, SMKG030, SMKG040], cchs2019_2020_p::[SMKG005, SMKG030, SMKG040], cchs2001_m::SMKA_207, cchs2003_m::SMKC_207, cchs2005_m::SMKE_207, cchs2007_2008_m::SMK_207, cchs2009_2010_m::SMK_207, cchs2009_m::SMK_207, cchs2010_m::SMK_207, cchs2011_2012_m::SMK_207, cchs2012_m::SMK_207, cchs2013_2014_m::SMK_207, cchs2014_m::SMK_207, cchs2015_2016_m::[SMK_005, SMK_030, SMK_040], cchs2017_2018_m::[SMK_005, SMK_030, SMK_040], cchs2019_2020_m::[SMK_005, SMK_030, SMK_040], cchs2021_m::[SMK_005, SMK_030, SMK_040], cchs2022_m::[CSS_05, SPU_05, SPU_15], cchs2023_m::[CSS_05, SPU_05, SPU_15], [SMKG207]",smoking,Health behaviour,years,Universe: former daily smokers. PUMF: midpoint imputation from grouped categories. Master: direct pass-through of continuous values. {recommended:secondary} {sub_subject:initiation},,3.0.0-alpha,2026-01-04,Labels updated 2026-01-04. Master coverage added 2026-01-05 for cross-validation and replication.,,,active,
SMKG207_pre2005,Age daily fmr (pre-2005 cat),"Age started smoking daily - former daily (pre-2005, 10-category)",Categorical,"cchs2001_p, cchs2003_p","cchs2001_p::SMKAG207, cchs2003_p::SMKCG207",smoking,Health behaviour,years,Universe: former daily smokers. PUMF only. Pre-2015 grouped categories. {sub_subject:initiation},,3.0.0-alpha,2026-01-04,Added from variable_details_draft.csv,,,active,
smoke_simple,Simple smoking status,"Simplified smoking status (current, former, never)",Categorical,"cchs2001_p, cchs2003_p, cchs2005_p, cchs2007_2008_p, cchs2009_2010_p, cchs2010_p, cchs2011_2012_p, cchs2012_p, cchs2013_2014_p, cchs2014_p, cchs2015_2016_p, cchs2017_2018_p, cchs2019_2020_p, cchs2022_p, cchs2023_p, cchs2001_m, cchs2003_m, cchs2005_m, cchs2007_2008_m, cchs2009_2010_m, cchs2009_m, cchs2010_m, cchs2011_2012_m, cchs2012_m, cchs2013_2014_m, cchs2014_m, cchs2015_2016_m, cchs2017_2018_m, cchs2019_2020_m, cchs2021_m, cchs2022_m, cchs2023_m","DerivedVar::[SMKDSTY_cat5, time_quit_smoking]",smoking,Health behaviour,N/A,{sub_subject:status},,2.2.0,2025-06-30,Variable metadata completed,,,active,
smoked_100_lifetime,Smoked 100+ (ever)*,Ever smoked 100 or more cigarettes in lifetime (unified),Categorical,"cchs2001_p, cchs2003_p, cchs2005_p, cchs2007_2008_p, cchs2009_2010_p, cchs2010_p, cchs2011_2012_p, cchs2012_p, cchs2013_2014_p, cchs2014_p, cchs2015_2016_p, cchs2017_2018_p, cchs2019_2020_p, cchs2001_m, cchs2003_m, cchs2005_m, cchs2007_2008_m, cchs2009_2010_m, cchs2009_m, cchs2010_m, cchs2011_2012_m, cchs2012_m, cchs2013_2014_m, cchs2014_m, cchs2015_2016_m, cchs2017_2018_m, cchs2019_2020_m, cchs2021_m, cchs2022_m, cchs2023_m",DerivedVar::[SMK_01A],smoking,Health behaviour,N/A,"{recommended:primary} {sub_subject:initiation} Universe: respondents who have smoked at least one whole cigarette. Pass-through of SMK_01A (1=Yes, 2=No) under unified variable name. PUMF: 2001-2021. Master: 2001-2023.",Unified categorical indicator of ever having smoked 100+ cigarettes. Self-documenting wrapper for SMK_01A.,3.0.0-alpha,2026-02-23,,,,active,
SPS_01,SPS-5 - people to depend on for help,Five-item social provision scale - people to depend on for help,Continuous,"cchs2011_2012_p, cchs2012_p, cchs2013_2014_p, cchs2014_p, cchs2015_2016_p, cchs2017_2018_p, cchs2012_s","cchs2015_2016_p::SPS_005,cchs2017_2018_p::SPS_005,[SPS_01]",Chronic condition,Health status,N/A,,,2.2.0,2025-06-30,Variable metadata completed,,,active,
SPS_02,SPS-5 - people who enjoy same social activities,Five-item social provision scale - people who enjoy same social activities,Continuous,"cchs2011_2012_p, cchs2012_p, cchs2013_2014_p, cchs2014_p, cchs2015_2016_p, cchs2017_2018_p, cchs2012_s","cchs2015_2016_p::SPS_010,cchs2017_2018_p::SPS_010,[SPS_02]",Chronic condition,Health status,N/A,,,2.2.0,2025-06-30,Variable metadata completed,,,active,
SPS_03,SPS-5 - close relationships,Five-item social provision scale - close relationships,Continuous,"cchs2011_2012_p, cchs2012_p, cchs2013_2014_p, cchs2014_p, cchs2015_2016_p, cchs2017_2018_p, cchs2012_s","cchs2015_2016_p::SPS_015,cchs2017_2018_p::SPS_015,[SPS_03]",Chronic condition,Health status,N/A,,,2.2.0,2025-06-30,Variable metadata completed,,,active,
SPS_04,SPS-5 - important decision discussion,Five-item social provision scale - important decision discussion,Continuous,"cchs2011_2012_p, cchs2012_p, cchs2013_2014_p, cchs2014_p, cchs2015_2016_p, cchs2017_2018_p, cchs2012_s","cchs2015_2016_p::SPS_020,cchs2017_2018_p::SPS_020,[SPS_04]",Chronic condition,Health status,N/A,,,2.2.0,2025-06-30,Variable metadata completed,,,active,
SPS_05,SPS-5 - competence and skill are recognized,Five-item social provision scale - competence and skill are recognized,Continuous,"cchs2011_2012_p, cchs2012_p, cchs2013_2014_p, cchs2014_p, cchs2015_2016_p, cchs2017_2018_p, cchs2012_s","cchs2015_2016_p::SPS_025,cchs2017_2018_p::SPS_025,[SPS_05]",Chronic condition,Health status,N/A,,,2.2.0,2025-06-30,Variable metadata completed,,,active,
SPS_06,SPS-5 - trustworthy person for advice,Five-item social provision scale - trustworthy person for advice,Continuous,"cchs2011_2012_p, cchs2012_p, cchs2013_2014_p, cchs2014_p, cchs2015_2016_p, cchs2017_2018_p, cchs2012_s","cchs2015_2016_p::SPS_030,cchs2017_2018_p::SPS_030,[SPS_06]",Chronic condition,Health status,N/A,,,2.2.0,2025-06-30,Variable metadata completed,,,active,
SPS_07,SPS-5 - group with shared attitudes and beliefs,Five-item social provision scale - group with shared attitudes and beliefs,Continuous,"cchs2011_2012_p, cchs2012_p, cchs2013_2014_p, cchs2014_p, cchs2015_2016_p, cchs2017_2018_p, cchs2012_s","cchs2015_2016_p::SPS_035,cchs2017_2018_p::SPS_035,[SPS_07]",Chronic condition,Health status,N/A,,,2.2.0,2025-06-30,Variable metadata completed,,,active,
SPS_08,SPS-5 - strong emotional bond with a least one person,Five-item social provision scale - strong emotional bond with a least one person,Continuous,"cchs2011_2012_p, cchs2012_p, cchs2013_2014_p, cchs2014_p, cchs2015_2016_p, cchs2017_2018_p, cchs2012_s","cchs2015_2016_p::SPS_040,cchs2017_2018_p::SPS_040,[SPS_08]",Chronic condition,Health status,N/A,,,2.2.0,2025-06-30,Variable metadata completed,,,active,
SPS_09,SPS-5 - admired talents and abilities,Five-item social provision scale - admired talents and abilities,Continuous,"cchs2011_2012_p, cchs2012_p, cchs2013_2014_p, cchs2014_p, cchs2015_2016_p, cchs2017_2018_p, cchs2012_s","cchs2015_2016_p::SPS_045,cchs2017_2018_p::SPS_045,[SPS_09]",Chronic condition,Health status,N/A,,,2.2.0,2025-06-30,Variable metadata completed,,,active,
SPS_10,SPS-5 - strong emotional bond,Five-item social provision scale - strong emotional bond,Continuous,"cchs2011_2012_p, cchs2012_p, cchs2013_2014_p, cchs2014_p, cchs2015_2016_p, cchs2017_2018_p, cchs2012_s","cchs2015_2016_p::SPS_050,cchs2017_2018_p::SPS_050,[SPS_10]",Chronic condition,Health status,N/A,,,2.2.0,2025-06-30,Variable metadata completed,,,active,
SPS5_der,SPS-5 - overall,Five-item social provision scale - overall,Continuous,"cchs2011_2012_p, cchs2012_p, cchs2013_2014_p, cchs2014_p, cchs2015_2016_p, cchs2017_2018_p, cchs2012_s","DerivedVar::[SPS_03, SPS_04, SPS_05, SPS_07, SPS_10]",Chronic condition,Health status,N/A,,,2.2.0,2025-06-30,Variable metadata completed,,,active,
SSA_01,MOS - # close friend and relatives,Medical Outcome Study  - Social Support Survey - number of close friends and relatives,Continuous,"cchs2007_2008_p, cchs2009_2010_p, cchs2010_p, cchs2011_2012_p, cchs2012_p, cchs2009_s, cchs2010_s, cchs2012_s",[SSA_01],Chronic condition,Health status,N/A,,,2.2.0,2025-06-30,Variable metadata completed,,,active,
SSA_02,MOS - has someone to give help if confined to bed,Medical Outcome Study  - Social Support Survey -  has someone to give help if confined to bed,Continuous,"cchs2007_2008_p, cchs2009_2010_p, cchs2010_p, cchs2011_2012_p, cchs2012_p, cchs2009_s, cchs2010_s, cchs2012_s",[SSA_02],Chronic condition,Health status,N/A,,,2.2.0,2025-06-30,Variable metadata completed,,,active,
SSA_03,MOS - has someone to listen,Medical Outcome Study  - Social Support Survey - has someone to listen,Continuous,"cchs2007_2008_p, cchs2009_2010_p, cchs2010_p, cchs2011_2012_p, cchs2012_p, cchs2009_s, cchs2010_s, cchs2012_s",[SSA_03],Chronic condition,Health status,N/A,,,2.2.0,2025-06-30,Variable metadata completed,,,active,
SSA_04,MOS - has someone to provide/give advice about a crisis,Medical Outcome Study  - Social Support Survey - has someone to listen,Continuous,"cchs2007_2008_p, cchs2009_2010_p, cchs2010_p, cchs2011_2012_p, cchs2012_p, cchs2009_s, cchs2010_s, cchs2012_s",[SSA_04],Chronic condition,Health status,N/A,,,2.2.0,2025-06-30,Variable metadata completed,,,active,
SSA_05,MOS - has someone to take to doctor,Medical Outcome Study  - Social Support Survey - has someone to take to doctor,Continuous,"cchs2007_2008_p, cchs2009_2010_p, cchs2010_p, cchs2011_2012_p, cchs2012_p, cchs2009_s, cchs2010_s, cchs2012_s",[SSA_05],Chronic condition,Health status,N/A,,,2.2.0,2025-06-30,Variable metadata completed,,,active,
SSA_06,MOS - has someone who shows love and affection,Medical Outcome Study  - Social Support Survey - has someone who shows love and affection,Continuous,"cchs2007_2008_p, cchs2009_2010_p, cchs2010_p, cchs2011_2012_p, cchs2012_p, cchs2009_s, cchs2010_s, cchs2012_s",[SSA_06],Chronic condition,Health status,N/A,,,2.2.0,2025-06-30,Variable metadata completed,,,active,
SSA_07,MOS - has someone to have a good time with,Medical Outcome Study  - Social Support Survey - has someone to have a good time with,Continuous,"cchs2007_2008_p, cchs2009_2010_p, cchs2010_p, cchs2011_2012_p, cchs2012_p, cchs2009_s, cchs2010_s, cchs2012_s",[SSA_07],Chronic condition,Health status,N/A,,,2.2.0,2025-06-30,Variable metadata completed,,,active,
SSA_08,MOS - has someone to give info to help understand a situation,Medical Outcome Study  - Social Support Survey - has someone to give info to help understand a situation,Continuous,"cchs2007_2008_p, cchs2009_2010_p, cchs2010_p, cchs2011_2012_p, cchs2012_p, cchs2009_s, cchs2010_s, cchs2012_s",[SSA_08],Chronic condition,Health status,N/A,,,2.2.0,2025-06-30,Variable metadata completed,,,active,
SSA_09,MOS - has someone to confide in,Medical Outcome Study  - Social Support Survey - has someone to confide in,Continuous,"cchs2007_2008_p, cchs2009_2010_p, cchs2010_p, cchs2011_2012_p, cchs2012_p, cchs2009_s, cchs2010_s, cchs2012_s",[SSA_09],Chronic condition,Health status,N/A,,,2.2.0,2025-06-30,Variable metadata completed,,,active,
SSA_10,MOS - has someone who gives hugs,Medical Outcome Study  - Social Support Survey - has someone who gives hugs,Continuous,"cchs2007_2008_p, cchs2009_2010_p, cchs2010_p, cchs2011_2012_p, cchs2012_p, cchs2009_s, cchs2010_s, cchs2012_s",[SSA_10],Chronic condition,Health status,N/A,,,2.2.0,2025-06-30,Variable metadata completed,,,active,
SSA_11,MOS - has someone to get together with for relaxation,Medical Outcome Study  - Social Support Survey - has someone to get together with for relaxation,Continuous,"cchs2007_2008_p, cchs2009_2010_p, cchs2010_p, cchs2011_2012_p, cchs2012_p, cchs2009_s, cchs2010_s, cchs2012_s",[SSA_11],Chronic condition,Health status,N/A,,,2.2.0,2025-06-30,Variable metadata completed,,,active,
SSA_12,MOS - has someone to prepare meals,Medical Outcome Study  - Social Support Survey - has someone to prepare meals,Continuous,"cchs2007_2008_p, cchs2009_2010_p, cchs2010_p, cchs2011_2012_p, cchs2012_p, cchs2009_s, cchs2010_s, cchs2012_s",[SSA_12],Chronic condition,Health status,N/A,,,2.2.0,2025-06-30,Variable metadata completed,,,active,
SSA_13,MOS - has someone to give advice,Medical Outcome Study  - Social Support Survey - has someone to give advice,Continuous,"cchs2007_2008_p, cchs2009_2010_p, cchs2010_p, cchs2011_2012_p, cchs2012_p, cchs2009_s, cchs2010_s, cchs2012_s",[SSA_13],Chronic condition,Health status,N/A,,,2.2.0,2025-06-30,Variable metadata completed,,,active,
SSA_14,MOS - has someone to do things to get mind off things,Medical Outcome Study  - Social Support Survey - has someone to do things to get mind off things,Continuous,"cchs2007_2008_p, cchs2009_2010_p, cchs2010_p, cchs2011_2012_p, cchs2012_p, cchs2009_s, cchs2010_s, cchs2012_s",[SSA_14],Chronic condition,Health status,N/A,,,2.2.0,2025-06-30,Variable metadata completed,,,active,
SSA_15,MOS - has someone to help with daily chores if sick,Medical Outcome Study  - Social Support Survey - has someone to help with daily chores if sick,Continuous,"cchs2007_2008_p, cchs2009_2010_p, cchs2010_p, cchs2011_2012_p, cchs2012_p, cchs2009_s, cchs2010_s, cchs2012_s",[SSA_15],Chronic condition,Health status,N/A,,,2.2.0,2025-06-30,Variable metadata completed,,,active,
SSA_16,MOS - has someone to share most private worries and fears with,Medical Outcome Study  - Social Support Survey - has someone to share most private worries and fears with,Continuous,"cchs2007_2008_p, cchs2009_2010_p, cchs2010_p, cchs2011_2012_p, cchs2012_p, cchs2009_s, cchs2010_s, cchs2012_s",[SSA_16],Chronic condition,Health status,N/A,,,2.2.0,2025-06-30,Variable metadata completed,,,active,
SSA_17,MOS - has someone to turn to for suggestions for personal problems,Medical Outcome Study  - Social Support Survey - has someone to share most private worries and fears with,Continuous,"cchs2007_2008_p, cchs2009_2010_p, cchs2010_p, cchs2011_2012_p, cchs2012_p, cchs2009_s, cchs2010_s, cchs2012_s",[SSA_17],Chronic condition,Health status,N/A,,,2.2.0,2025-06-30,Variable metadata completed,,,active,
SSA_18,MOS - has someone to do something enjoyable with,Medical Outcome Study  - Social Support Survey - has someone to do something enjoyable with,Continuous,"cchs2007_2008_p, cchs2009_2010_p, cchs2010_p, cchs2011_2012_p, cchs2012_p, cchs2009_s, cchs2010_s, cchs2012_s",[SSA_18],Chronic condition,Health status,N/A,,,2.2.0,2025-06-30,Variable metadata completed,,,active,
SSA_19,MOS - has someone who understands problems,Medical Outcome Study  - Social Support Survey - has someone who understands problems,Continuous,"cchs2007_2008_p, cchs2009_2010_p, cchs2010_p, cchs2011_2012_p, cchs2012_p, cchs2009_s, cchs2010_s, cchs2012_s",[SSA_19],Chronic condition,Health status,N/A,,,2.2.0,2025-06-30,Variable metadata completed,,,active,
SSA_20,MOS - has someone who loves and makes feel wanted,Medical Outcome Study  - Social Support Survey - has someone who loves and makes feel wanted,Continuous,"cchs2007_2008_p, cchs2009_2010_p, cchs2010_p, cchs2011_2012_p, cchs2012_p, cchs2009_s, cchs2010_s, cchs2012_s",[SSA_20],Chronic condition,Health status,N/A,,,2.2.0,2025-06-30,Variable metadata completed,,,active,
time_quit_smoking,Yrs since quit smoking,Years since quit smoking (combined former daily and occasional),Continuous,"cchs2001_p, cchs2003_p, cchs2005_p, cchs2007_2008_p, cchs2009_2010_p, cchs2010_p, cchs2011_2012_p, cchs2012_p, cchs2013_2014_p, cchs2014_p, cchs2015_2016_p, cchs2017_2018_p, cchs2019_2020_p, cchs2022_p, cchs2023_p, cchs2001_m, cchs2003_m, cchs2005_m, cchs2007_2008_m, cchs2009_2010_m, cchs2009_m, cchs2010_m, cchs2011_2012_m, cchs2012_m, cchs2013_2014_m, cchs2014_m, cchs2015_2016_m, cchs2017_2018_m, cchs2019_2020_m, cchs2021_m, cchs2022_m, cchs2023_m","DerivedVar::[SMK_09A_cont, SMK_06A_cont, SMKDVSTP]",smoking,Health behaviour,years,{recommended:primary} {sub_subject:cessation} Universe: all former smokers. Routes: PUMF uses SMK_09A_cont/SMK_06A_cont (midpoint-converted); Master 2003+ uses SMKDVSTP (StatCan derived continuous).,"Combined time since quit smoking. Uses SMK_09A_cont (former daily) with priority, falls back to SMK_06A_cont (former occasional). Original v2 variable maintained for backward compatibility; see time_quit_smoking_complete and time_quit_smoking_daily for v3 pathway-specific variants.",3.0.0-alpha,2026-03-27,"Fixed: Changed SPU_25 to SMKDVSTP for Master 2022/2023 (SPU_25 is categorical, SMKDVSTP is continuous).",,,active,
time_quit_smoking_complete,Yrs quit smoking completely,Years since quit smoking completely,Continuous,"cchs2001_p, cchs2003_p, cchs2005_p, cchs2007_2008_p, cchs2009_2010_p, cchs2010_p, cchs2011_2012_p, cchs2012_p, cchs2013_2014_p, cchs2014_p, cchs2015_2016_p, cchs2017_2018_p, cchs2019_2020_p, cchs2022_p, cchs2023_p, cchs2001_m, cchs2003_m, cchs2005_m, cchs2007_2008_m, cchs2009_2010_m, cchs2009_m, cchs2010_m, cchs2011_2012_m, cchs2012_m, cchs2013_2014_m, cchs2014_m, cchs2015_2016_m, cchs2017_2018_m, cchs2019_2020_m, cchs2021_m, cchs2022_m, cchs2023_m","DerivedVar::[SMKDSTY_cat5, SMK_10_gate, SMK_06A_cont, SMK_09A_cont, SMK_10A_cont, SMKDVSTP]",smoking,Health behaviour,years,{recommended:primary} {sub_subject:cessation} Universe: all former smokers. Routes: PUMF uses SMK_09A_cont/SMK_06A_cont (midpoint-converted); Master 2003+ uses SMKDVSTP (StatCan derived continuous).,Unified continuous years since quit smoking. PUMF: midpoint from categorical; Master: SMKDVSTP pass-through.,3.0.0-alpha,2026-01-11,"Fixed: Changed SPU_25 to SMKDVSTP for Master 2022/2023 (SPU_25 is categorical, SMKDVSTP is continuous).",,,active,
time_quit_smoking_daily,Yrs quit smoking daily,Years since quit smoking daily - former daily smokers,Continuous,"cchs2001_p, cchs2003_p, cchs2005_p, cchs2007_2008_p, cchs2009_2010_p, cchs2010_p, cchs2011_2012_p, cchs2012_p, cchs2013_2014_p, cchs2014_p, cchs2015_2016_p, cchs2017_2018_p, cchs2019_2020_p, cchs2022_p, cchs2023_p, cchs2001_m, cchs2003_m, cchs2005_m, cchs2007_2008_m, cchs2009_2010_m, cchs2009_m, cchs2010_m, cchs2011_2012_m, cchs2012_m, cchs2013_2014_m, cchs2014_m, cchs2015_2016_m, cchs2017_2018_m, cchs2019_2020_m, cchs2021_m, cchs2022_m, cchs2023_m","DerivedVar::[SMKDSTY_cat5, SMK_09A_cont, SMK_09C]",smoking,Health behaviour,years,{recommended:primary} {sub_subject:cessation} Universe: all former smokers. Routes: PUMF uses SMK_09A_cont/SMK_06A_cont (midpoint-converted); Master 2003+ uses SMKDVSTP (StatCan derived continuous).,Unified continuous years since quit smoking. PUMF: midpoint from categorical; Master: SMKDVSTP pass-through.,3.0.0-alpha,2026-01-11,"Fixed: Changed SPU_25 to SMKDVSTP for Master 2022/2023 (SPU_25 is categorical, SMKDVSTP is continuous).",,,active,
WTS_M,Weight,Weights,Continuous,"cchs2001_p, cchs2003_p, cchs2005_p, cchs2007_2008_p, cchs2009_2010_p, cchs2010_p, cchs2011_2012_p, cchs2012_p, cchs2013_2014_p, cchs2014_p, cchs2015_2016_p, cchs2017_2018_p, cchs2009_s, cchs2010_s, cchs2012_s","cchs2001_p::WTSAM, cchs2003_p::WTSC_M, cchs2005_p::WTSE_M, [WTS_M]",N/A,N/A,N/A,,,2.2.0,2025-06-30,Variable metadata completed,,,active,
WTS_S,Weight - Share,Weights - Share,Continuous,"cchs2009_s, cchs2010_s, cchs2012_s",[WTS_S],N/A,N/A,N/A,,,2.2.0,2025-06-30,Variable metadata completed,,,active,
