"variable","dummyVariable","typeEnd","databaseStart","variableStart","ICES.confirmation","typeStart","recEnd","numValidCat","catLabel","catLabelLong","units","recStart","catStartLabel","variableStartShortLabel","variableStartLabel","notes","version","lastUpdated","status","reviewNotes","review"
"SMKDVSTP","N/A","cont","cchs2003_m, cchs2005_m, cchs2007_2008_m, cchs2009_2010_m, cchs2011_2012_m, cchs2013_2014_m, cchs2015_2016_m, cchs2017_2018_m, cchs2019_2020_m, cchs2021_m, cchs2022_m","cchs2003_m::SMKCDSTP, cchs2005_m::SMKEDSTP, cchs2007_2008_m::SMKDSTP, cchs2009_2010_m::SMKDSTP, cchs2011_2012_m::SMKDSTP, cchs2013_2014_m::SMKDSTP, cchs2015_2016_m::SMKDVSTP, cchs2017_2018_m::SMKDVSTP, cchs2019_2020_m::SMKDVSTP, cchs2021_m::SMKDVSTP, cchs2022_m::SMKDVSTP","","cont","NA::a","N/A","N/A","Not applicable","years","996","Not applicable","Yrs quit (M)","Years since quit smoking completely (Master)","","3.0.0-alpha","2026-01-05","active","Split from SMKDSTP 2026-01-05. Master continuous pass-through.",""
"SMKDVSTP","N/A","cont","cchs2003_m, cchs2005_m, cchs2007_2008_m, cchs2009_2010_m, cchs2011_2012_m, cchs2013_2014_m, cchs2015_2016_m, cchs2017_2018_m, cchs2019_2020_m, cchs2021_m, cchs2022_m","cchs2003_m::SMKCDSTP, cchs2005_m::SMKEDSTP, cchs2007_2008_m::SMKDSTP, cchs2009_2010_m::SMKDSTP, cchs2011_2012_m::SMKDSTP, cchs2013_2014_m::SMKDSTP, cchs2015_2016_m::SMKDVSTP, cchs2017_2018_m::SMKDVSTP, cchs2019_2020_m::SMKDVSTP, cchs2021_m::SMKDVSTP, cchs2022_m::SMKDVSTP","","cont","NA::b","N/A","N/A","Catch-all missing","years","else","else","Yrs quit (M)","Years since quit smoking completely (Master)","","3.0.0-alpha","2026-01-05","active","Split from SMKDSTP 2026-01-05. Master continuous pass-through.",""
"SMKDVSTP","N/A","cont","cchs2003_m, cchs2005_m, cchs2007_2008_m, cchs2009_2010_m, cchs2011_2012_m, cchs2013_2014_m, cchs2015_2016_m, cchs2017_2018_m, cchs2019_2020_m, cchs2021_m, cchs2022_m","cchs2003_m::SMKCDSTP, cchs2005_m::SMKEDSTP, cchs2007_2008_m::SMKDSTP, cchs2009_2010_m::SMKDSTP, cchs2011_2012_m::SMKDSTP, cchs2013_2014_m::SMKDSTP, cchs2015_2016_m::SMKDVSTP, cchs2017_2018_m::SMKDVSTP, cchs2019_2020_m::SMKDVSTP, cchs2021_m::SMKDVSTP, cchs2022_m::SMKDVSTP","","cont","NA::b","N/A","N/A","Don't know/Refusal/Not stated","years","[97,99]","Missing","Yrs quit (M)","Years since quit smoking completely (Master)","","3.0.0-alpha","2026-01-05","active","Split from SMKDSTP 2026-01-05. Master continuous pass-through.",""
"SMKDVSTP","N/A","cont","cchs2003_m, cchs2005_m","cchs2003_m::SMKCDSTP, cchs2005_m::SMKEDSTP","","cont","copy","N/A","N/A","Years since quit","years","[0,79]","Years since quit","Yrs quit (M)","Years since quit smoking completely (Master)","","3.0.0-alpha","2026-01-05","active","Split from SMKDSTP 2026-01-05. Master continuous pass-through.",""
"SMKDVSTP","N/A","cont","cchs2007_2008_m, cchs2009_2010_m, cchs2011_2012_m, cchs2013_2014_m","[SMKDSTP]","","cont","copy","N/A","N/A","Years since quit","years","[0,82]","Years since quit","Yrs quit (M)","Years since quit smoking completely (Master)","","3.0.0-alpha","2026-01-05","active","Split from SMKDSTP 2026-01-05. Master continuous pass-through.",""
"SMKDVSTP","N/A","cont","cchs2015_2016_m, cchs2017_2018_m, cchs2019_2020_m, cchs2021_m, cchs2022_m","[SMKDVSTP]","","cont","copy","N/A","N/A","Years since quit","years","[0,88]","Years since quit","Yrs quit (M)","Years since quit smoking completely (Master)","","3.0.0-alpha","2026-01-05","active","Split from SMKDSTP 2026-01-05. Master continuous pass-through.",""
"SMKDGSTP","SMKDGSTP_0","cat","cchs2015_2016_p, cchs2017_2018_p","cchs2015_2016_p::SMKDGSTP, cchs2017_2018_p::SMKDGSTP","","cat","0","5","<1 year","Less than 1 year","N/A","0","<1 year","Yrs quit (P cat)","Years since quit smoking (PUMF grouped categorical)","","3.0.0-alpha","2026-01-05","active","Split from SMKDSTP 2026-01-05. PUMF categorical 2015+ only. DDI shows 5 categories (0-4).",""
"SMKDGSTP","SMKDGSTP_1","cat","cchs2015_2016_p, cchs2017_2018_p","cchs2015_2016_p::SMKDGSTP, cchs2017_2018_p::SMKDGSTP","","cat","1","5","1-2 years","1 to 2 years","N/A","1","1-2 years","Yrs quit (P cat)","Years since quit smoking (PUMF grouped categorical)","","3.0.0-alpha","2026-01-05","active","Split from SMKDSTP 2026-01-05. PUMF categorical 2015+ only. DDI shows 5 categories (0-4).",""
"SMKDGSTP","SMKDGSTP_2","cat","cchs2015_2016_p, cchs2017_2018_p","cchs2015_2016_p::SMKDGSTP, cchs2017_2018_p::SMKDGSTP","","cat","2","5","3-5 years","3 to 5 years","N/A","2","3-5 years","Yrs quit (P cat)","Years since quit smoking (PUMF grouped categorical)","","3.0.0-alpha","2026-01-05","active","Split from SMKDSTP 2026-01-05. PUMF categorical 2015+ only. DDI shows 5 categories (0-4).",""
"SMKDGSTP","SMKDGSTP_3","cat","cchs2015_2016_p, cchs2017_2018_p","cchs2015_2016_p::SMKDGSTP, cchs2017_2018_p::SMKDGSTP","","cat","3","5","6-10 years","6 to 10 years","N/A","3","6-10 years","Yrs quit (P cat)","Years since quit smoking (PUMF grouped categorical)","","3.0.0-alpha","2026-01-05","active","Split from SMKDSTP 2026-01-05. PUMF categorical 2015+ only. DDI shows 5 categories (0-4).",""
"SMKDGSTP","SMKDGSTP_4","cat","cchs2015_2016_p, cchs2017_2018_p","cchs2015_2016_p::SMKDGSTP, cchs2017_2018_p::SMKDGSTP","","cat","4","5","11+ years","11 or more years","N/A","4","11+ years","Yrs quit (P cat)","Years since quit smoking (PUMF grouped categorical)","","3.0.0-alpha","2026-01-05","active","Split from SMKDSTP 2026-01-05. PUMF categorical 2015+ only. DDI shows 5 categories (0-4).",""
"SMKDGSTP","SMKDGSTP_NAa","cat","cchs2015_2016_p, cchs2017_2018_p","cchs2015_2016_p::SMKDGSTP, cchs2017_2018_p::SMKDGSTP","","cat","NA::a","5","Not applicable","Not applicable","N/A","6","Valid skip","Yrs quit (P cat)","Years since quit smoking (PUMF grouped categorical)","","3.0.0-alpha","2026-01-05","active","Split from SMKDSTP 2026-01-05. PUMF categorical 2015+ only. DDI shows 5 categories (0-4).",""
"SMKDGSTP","SMKDGSTP_NAb","cat","cchs2015_2016_p, cchs2017_2018_p","cchs2015_2016_p::SMKDGSTP, cchs2017_2018_p::SMKDGSTP","","cat","NA::b","5","Not stated","Not stated","N/A","9","Not stated","Yrs quit (P cat)","Years since quit smoking (PUMF grouped categorical)","","3.0.0-alpha","2026-01-05","active","Split from SMKDSTP 2026-01-05. PUMF categorical 2015+ only. DDI shows 5 categories (0-4).",""
"SMKDGSTP_cont","N/A","cont","cchs2007_2008_p, cchs2015_2016_p, cchs2017_2018_p, cchs2003_m, cchs2005_m, cchs2007_2008_m, cchs2009_2010_m, cchs2011_2012_m, cchs2013_2014_m, cchs2015_2016_m, cchs2017_2018_m, cchs2019_2020_m, cchs2021_m, cchs2022_m","cchs2007_2008_p::SMKDSTP, cchs2015_2016_p::SMKDGSTP, cchs2017_2018_p::SMKDGSTP, cchs2003_m::SMKCDSTP, cchs2005_m::SMKEDSTP, cchs2007_2008_m::SMKDSTP, cchs2009_2010_m::SMKDSTP, cchs2011_2012_m::SMKDSTP, cchs2013_2014_m::SMKDSTP, cchs2015_2016_m::SMKDVSTP, cchs2017_2018_m::SMKDVSTP, cchs2019_2020_m::SMKDVSTP, cchs2021_m::SMKDVSTP, cchs2022_m::SMKDVSTP","","cont","NA::a","N/A","N/A","Not applicable","years","996","Not applicable","Yrs quit (unified)","Years since quit smoking (PUMF pseudo-continuous + Master)","","3.0.0-alpha","2026-01-05","active","Split from SMKDSTP 2026-01-05. PUMF 2007-2014 continuous, PUMF 2015+ midpoint, Master pass-through.",""
"SMKDGSTP_cont","N/A","cont","cchs2007_2008_p, cchs2015_2016_p, cchs2017_2018_p, cchs2003_m, cchs2005_m, cchs2007_2008_m, cchs2009_2010_m, cchs2011_2012_m, cchs2013_2014_m, cchs2015_2016_m, cchs2017_2018_m, cchs2019_2020_m, cchs2021_m, cchs2022_m","cchs2007_2008_p::SMKDSTP, cchs2015_2016_p::SMKDGSTP, cchs2017_2018_p::SMKDGSTP, cchs2003_m::SMKCDSTP, cchs2005_m::SMKEDSTP, cchs2007_2008_m::SMKDSTP, cchs2009_2010_m::SMKDSTP, cchs2011_2012_m::SMKDSTP, cchs2013_2014_m::SMKDSTP, cchs2015_2016_m::SMKDVSTP, cchs2017_2018_m::SMKDVSTP, cchs2019_2020_m::SMKDVSTP, cchs2021_m::SMKDVSTP, cchs2022_m::SMKDVSTP","","cont","NA::b","N/A","N/A","Catch-all missing","years","else","else","Yrs quit (unified)","Years since quit smoking (PUMF pseudo-continuous + Master)","","3.0.0-alpha","2026-01-05","active","Split from SMKDSTP 2026-01-05. PUMF 2007-2014 continuous, PUMF 2015+ midpoint, Master pass-through.",""
"SMKDGSTP_cont","N/A","cont","cchs2007_2008_p, cchs2015_2016_p, cchs2017_2018_p, cchs2003_m, cchs2005_m, cchs2007_2008_m, cchs2009_2010_m, cchs2011_2012_m, cchs2013_2014_m, cchs2015_2016_m, cchs2017_2018_m, cchs2019_2020_m, cchs2021_m, cchs2022_m","cchs2007_2008_p::SMKDSTP, cchs2015_2016_p::SMKDGSTP, cchs2017_2018_p::SMKDGSTP, cchs2003_m::SMKCDSTP, cchs2005_m::SMKEDSTP, cchs2007_2008_m::SMKDSTP, cchs2009_2010_m::SMKDSTP, cchs2011_2012_m::SMKDSTP, cchs2013_2014_m::SMKDSTP, cchs2015_2016_m::SMKDVSTP, cchs2017_2018_m::SMKDVSTP, cchs2019_2020_m::SMKDVSTP, cchs2021_m::SMKDVSTP, cchs2022_m::SMKDVSTP","","cont","NA::b","N/A","N/A","Don't know/Refusal/Not stated","years","[97,99]","Missing","Yrs quit (unified)","Years since quit smoking (PUMF pseudo-continuous + Master)","","3.0.0-alpha","2026-01-05","active","Split from SMKDSTP 2026-01-05. PUMF 2007-2014 continuous, PUMF 2015+ midpoint, Master pass-through.",""
"SMKDGSTP_cont","N/A","cont","cchs2003_m, cchs2005_m","cchs2003_m::SMKCDSTP, cchs2005_m::SMKEDSTP","","cont","copy","N/A","N/A","Years since quit","years","[0,79]","Years since quit","Yrs quit (unified)","Years since quit smoking (PUMF pseudo-continuous + Master)","","3.0.0-alpha","2026-01-05","active","Split from SMKDSTP 2026-01-05. PUMF 2007-2014 continuous, PUMF 2015+ midpoint, Master pass-through.",""
"SMKDGSTP_cont","N/A","cont","cchs2007_2008_m, cchs2009_2010_m, cchs2011_2012_m, cchs2013_2014_m","[SMKDSTP]","","cont","copy","N/A","N/A","Years since quit","years","[0,82]","Years since quit","Yrs quit (unified)","Years since quit smoking (PUMF pseudo-continuous + Master)","","3.0.0-alpha","2026-01-05","active","Split from SMKDSTP 2026-01-05. PUMF 2007-2014 continuous, PUMF 2015+ midpoint, Master pass-through.",""
"SMKDGSTP_cont","N/A","cont","cchs2015_2016_m, cchs2017_2018_m, cchs2019_2020_m, cchs2021_m, cchs2022_m","[SMKDVSTP]","","cont","copy","N/A","N/A","Years since quit","years","[0,88]","Years since quit","Yrs quit (unified)","Years since quit smoking (PUMF pseudo-continuous + Master)","","3.0.0-alpha","2026-01-05","active","Split from SMKDSTP 2026-01-05. PUMF 2007-2014 continuous, PUMF 2015+ midpoint, Master pass-through.",""
"SMKDGSTP_cont","N/A","cont","cchs2007_2008_p","[SMKDSTP]","","cont","copy","N/A","N/A","Years since quit","years","[0,82]","Years since quit","Yrs quit (unified)","Years since quit smoking (PUMF pseudo-continuous + Master)","","3.0.0-alpha","2026-01-05","active","Split from SMKDSTP 2026-01-05. PUMF 2007-2014 continuous, PUMF 2015+ midpoint, Master pass-through.",""
"SMKDGSTP_cont","N/A","cont","cchs2015_2016_p, cchs2017_2018_p","[SMKDGSTP]","","cat","0.5","N/A","N/A","<1 year midpoint","years","0","<1 year","Yrs quit (unified)","Years since quit smoking (PUMF pseudo-continuous + Master)","","3.0.0-alpha","2026-01-05","active","Split from SMKDSTP 2026-01-05. PUMF 2007-2014 continuous, PUMF 2015+ midpoint, Master pass-through.",""
"SMKDGSTP_cont","N/A","cont","cchs2015_2016_p, cchs2017_2018_p","[SMKDGSTP]","","cat","1.5","N/A","N/A","1-2 years midpoint","years","1","1-2 years","Yrs quit (unified)","Years since quit smoking (PUMF pseudo-continuous + Master)","","3.0.0-alpha","2026-01-05","active","Split from SMKDSTP 2026-01-05. PUMF 2007-2014 continuous, PUMF 2015+ midpoint, Master pass-through.",""
"SMKDGSTP_cont","N/A","cont","cchs2015_2016_p, cchs2017_2018_p","[SMKDGSTP]","","cat","4.0","N/A","N/A","3-5 years midpoint","years","2","3-5 years","Yrs quit (unified)","Years since quit smoking (PUMF pseudo-continuous + Master)","","3.0.0-alpha","2026-01-05","active","Split from SMKDSTP 2026-01-05. PUMF 2007-2014 continuous, PUMF 2015+ midpoint, Master pass-through.",""
"SMKDGSTP_cont","N/A","cont","cchs2015_2016_p, cchs2017_2018_p","[SMKDGSTP]","","cat","8.0","N/A","N/A","6-10 years midpoint","years","3","6-10 years","Yrs quit (unified)","Years since quit smoking (PUMF pseudo-continuous + Master)","","3.0.0-alpha","2026-01-05","active","Split from SMKDSTP 2026-01-05. PUMF 2007-2014 continuous, PUMF 2015+ midpoint, Master pass-through.",""
"SMKDGSTP_cont","N/A","cont","cchs2015_2016_p, cchs2017_2018_p","[SMKDGSTP]","","cat","15.0","N/A","N/A","11+ years midpoint","years","4","11+ years","Yrs quit (unified)","Years since quit smoking (PUMF pseudo-continuous + Master)","","3.0.0-alpha","2026-01-05","active","Split from SMKDSTP 2026-01-05. PUMF 2007-2014 continuous, PUMF 2015+ midpoint, Master pass-through.",""
"SMKDGSTP_cont","N/A","cont","cchs2007_2008_p","[SMKDSTP]","","cont","NA::a","N/A","N/A","Not applicable","years","996","Not applicable","Yrs quit (unified)","Years since quit smoking (PUMF pseudo-continuous + Master)","","3.0.0-alpha","2026-01-05","active","Split from SMKDSTP 2026-01-05. PUMF 2007-2014 continuous, PUMF 2015+ midpoint, Master pass-through.",""
"SMKDGSTP_cont","N/A","cont","cchs2015_2016_p, cchs2017_2018_p","[SMKDGSTP]","","cont","NA::a","N/A","N/A","Valid skip","years","6","Valid skip","Yrs quit (unified)","Years since quit smoking (PUMF pseudo-continuous + Master)","","3.0.0-alpha","2026-01-05","active","Split from SMKDSTP 2026-01-05. PUMF 2007-2014 continuous, PUMF 2015+ midpoint, Master pass-through.",""
"SMKDGSTP_cont","N/A","cont","cchs2015_2016_p, cchs2017_2018_p","[SMKDGSTP]","","cat","NA::b","N/A","N/A","Not stated","years","9","Not stated","Yrs quit (unified)","Years since quit smoking (PUMF pseudo-continuous + Master)","","3.0.0-alpha","2026-01-05","active","Split from SMKDSTP 2026-01-05. PUMF 2007-2014 continuous, PUMF 2015+ midpoint, Master pass-through.",""
"SMKDGSTP_cont","N/A","cont","cchs2007_2008_p","[SMKDSTP]","","cat","NA::b","N/A","N/A","Missing","years","999","Not stated","Yrs quit (unified)","Years since quit smoking (PUMF pseudo-continuous + Master)","","3.0.0-alpha","2026-01-05","active","Split from SMKDSTP 2026-01-05. PUMF 2007-2014 continuous, PUMF 2015+ midpoint, Master pass-through.",""
"SMKDGSTP_cont","N/A","cont","cchs2015_2016_p, cchs2017_2018_p","[SMKDGSTP]","","cat","NA::b","N/A","N/A","Not stated","years","else","else","Yrs quit (unified)","Years since quit smoking (PUMF pseudo-continuous + Master)","","3.0.0-alpha","2026-01-05","active","Split from SMKDSTP 2026-01-05. PUMF 2007-2014 continuous, PUMF 2015+ midpoint, Master pass-through.",""
"SMK_10_gate","SMK_10_gate_1","cat","cchs2003_m, cchs2003_p, cchs2005_m, cchs2005_p, cchs2007_2008_m, cchs2007_2008_p, cchs2009_2010_m, cchs2009_2010_p, cchs2011_2012_m, cchs2011_2012_p, cchs2013_2014_m, cchs2013_2014_p, cchs2015_2016_m, cchs2015_2016_p, cchs2017_2018_m, cchs2017_2018_p, cchs2019_2020_m, cchs2021_m, cchs2022_m, cchs2023_m, cchs2019_2020_p, cchs2021_p, cchs2022_p, cchs2023_p","cchs2003_m::SMKC_10, cchs2003_p::SMKC_10, cchs2005_m::SMKE_10, cchs2005_p::SMKE_10, cchs2007_2008_m::SMK_10, cchs2007_2008_p::SMK_10, cchs2009_2010_m::SMK_10, cchs2009_2010_p::SMK_10, cchs2011_2012_m::SMK_10, cchs2011_2012_p::SMK_10, cchs2013_2014_m::SMK_10, cchs2013_2014_p::SMK_10, cchs2015_2016_m::SMK_095, cchs2015_2016_p::SMK_095, cchs2017_2018_m::SMK_095, cchs2017_2018_p::SMK_095, cchs2019_2020_m::SMK_095, cchs2021_m::SMK_095, cchs2022_m::SPU_30, cchs2023_m::SPU_30","","cat","1","2","Yes","Quit completely when stopped daily","","1","Yes","Quit gate","Quit smoking completely when stopped daily","","3.0.0-alpha","2026-01-04","active","NEW: Quit gate (quit completely when stopped daily). Master/PUMF 2003-2023. Extended PUMF to 2019-2023 (2021_p, 2023_p need DDI confirmation).",""
"SMK_10_gate","SMK_10_gate_2","cat","cchs2003_m, cchs2003_p, cchs2005_m, cchs2005_p, cchs2007_2008_m, cchs2007_2008_p, cchs2009_2010_m, cchs2009_2010_p, cchs2011_2012_m, cchs2011_2012_p, cchs2013_2014_m, cchs2013_2014_p, cchs2015_2016_m, cchs2015_2016_p, cchs2017_2018_m, cchs2017_2018_p, cchs2019_2020_m, cchs2021_m, cchs2022_m, cchs2023_m, cchs2019_2020_p, cchs2021_p, cchs2022_p, cchs2023_p","cchs2003_m::SMKC_10, cchs2003_p::SMKC_10, cchs2005_m::SMKE_10, cchs2005_p::SMKE_10, cchs2007_2008_m::SMK_10, cchs2007_2008_p::SMK_10, cchs2009_2010_m::SMK_10, cchs2009_2010_p::SMK_10, cchs2011_2012_m::SMK_10, cchs2011_2012_p::SMK_10, cchs2013_2014_m::SMK_10, cchs2013_2014_p::SMK_10, cchs2015_2016_m::SMK_095, cchs2015_2016_p::SMK_095, cchs2017_2018_m::SMK_095, cchs2017_2018_p::SMK_095, cchs2019_2020_m::SMK_095, cchs2021_m::SMK_095, cchs2022_m::SPU_30, cchs2023_m::SPU_30","","cat","2","2","No","Continued occasional smoking","","2","No","Quit gate","Quit smoking completely when stopped daily","","3.0.0-alpha","2026-01-04","active","NEW: Quit gate (quit completely when stopped daily). Master/PUMF 2003-2023. Extended PUMF to 2019-2023 (2021_p, 2023_p need DDI confirmation).",""
"SMK_10_gate","SMK_10_gate_NAa","cat","cchs2003_m, cchs2003_p, cchs2005_m, cchs2005_p, cchs2007_2008_m, cchs2007_2008_p, cchs2009_2010_m, cchs2009_2010_p, cchs2011_2012_m, cchs2011_2012_p, cchs2013_2014_m, cchs2013_2014_p, cchs2015_2016_m, cchs2015_2016_p, cchs2017_2018_m, cchs2017_2018_p, cchs2019_2020_m, cchs2021_m, cchs2022_m, cchs2023_m, cchs2019_2020_p, cchs2021_p, cchs2022_p, cchs2023_p","cchs2003_m::SMKC_10, cchs2003_p::SMKC_10, cchs2005_m::SMKE_10, cchs2005_p::SMKE_10, cchs2007_2008_m::SMK_10, cchs2007_2008_p::SMK_10, cchs2009_2010_m::SMK_10, cchs2009_2010_p::SMK_10, cchs2011_2012_m::SMK_10, cchs2011_2012_p::SMK_10, cchs2013_2014_m::SMK_10, cchs2013_2014_p::SMK_10, cchs2015_2016_m::SMK_095, cchs2015_2016_p::SMK_095, cchs2017_2018_m::SMK_095, cchs2017_2018_p::SMK_095, cchs2019_2020_m::SMK_095, cchs2021_m::SMK_095, cchs2022_m::SPU_30, cchs2023_m::SPU_30","","cat","NA::a","2","Not applicable","Not applicable","","6","Not applicable","Quit gate","Quit smoking completely when stopped daily","","3.0.0-alpha","2026-01-04","active","NEW: Quit gate (quit completely when stopped daily). Master/PUMF 2003-2023. Extended PUMF to 2019-2023 (2021_p, 2023_p need DDI confirmation).",""
"SMK_10_gate","SMK_10_gate_NAb","cat","cchs2003_m, cchs2003_p, cchs2005_m, cchs2005_p, cchs2007_2008_m, cchs2007_2008_p, cchs2009_2010_m, cchs2009_2010_p, cchs2011_2012_m, cchs2011_2012_p, cchs2013_2014_m, cchs2013_2014_p, cchs2015_2016_m, cchs2015_2016_p, cchs2017_2018_m, cchs2017_2018_p, cchs2019_2020_m, cchs2021_m, cchs2022_m, cchs2023_m, cchs2019_2020_p, cchs2021_p, cchs2022_p, cchs2023_p","cchs2003_m::SMKC_10, cchs2003_p::SMKC_10, cchs2005_m::SMKE_10, cchs2005_p::SMKE_10, cchs2007_2008_m::SMK_10, cchs2007_2008_p::SMK_10, cchs2009_2010_m::SMK_10, cchs2009_2010_p::SMK_10, cchs2011_2012_m::SMK_10, cchs2011_2012_p::SMK_10, cchs2013_2014_m::SMK_10, cchs2013_2014_p::SMK_10, cchs2015_2016_m::SMK_095, cchs2015_2016_p::SMK_095, cchs2017_2018_m::SMK_095, cchs2017_2018_p::SMK_095, cchs2019_2020_m::SMK_095, cchs2021_m::SMK_095, cchs2022_m::SPU_30, cchs2023_m::SPU_30","","cat","NA::b","2","Catch-all","Catch-all missing","","else","else","Quit gate","Quit smoking completely when stopped daily","","3.0.0-alpha","2026-01-04","active","NEW: Quit gate (quit completely when stopped daily). Master/PUMF 2003-2023. Extended PUMF to 2019-2023 (2021_p, 2023_p need DDI confirmation).",""
"SMK_10_gate","SMK_10_gate_NAb","cat","cchs2003_m, cchs2003_p, cchs2005_m, cchs2005_p, cchs2007_2008_m, cchs2007_2008_p, cchs2009_2010_m, cchs2009_2010_p, cchs2011_2012_m, cchs2011_2012_p, cchs2013_2014_m, cchs2013_2014_p, cchs2015_2016_m, cchs2015_2016_p, cchs2017_2018_m, cchs2017_2018_p, cchs2019_2020_m, cchs2021_m, cchs2019_2020_p, cchs2021_p, cchs2022_p, cchs2023_p","cchs2003_m::SMKC_10, cchs2003_p::SMKC_10, cchs2005_m::SMKE_10, cchs2005_p::SMKE_10, cchs2007_2008_m::SMK_10, cchs2007_2008_p::SMK_10, cchs2009_2010_m::SMK_10, cchs2009_2010_p::SMK_10, cchs2011_2012_m::SMK_10, cchs2011_2012_p::SMK_10, cchs2013_2014_m::SMK_10, cchs2013_2014_p::SMK_10, cchs2015_2016_m::SMK_095, cchs2015_2016_p::SMK_095, cchs2017_2018_m::SMK_095, cchs2017_2018_p::SMK_095, cchs2019_2020_m::SMK_095, cchs2021_m::SMK_095","","cat","NA::b","2","Missing","Don't know/Refusal/Not stated","","[7,9]","Missing","Quit gate","Quit smoking completely when stopped daily","","3.0.0-alpha","2026-01-04","active","NEW: Quit gate (quit completely when stopped daily). Master/PUMF 2003-2023. Extended PUMF to 2019-2023 (2021_p, 2023_p need DDI confirmation).",""
"SMK_10_gate","SMK_10_gate_NAb","cat","cchs2022_m, cchs2023_m, cchs2009_2010_m, cchs2011_2012_m, cchs2013_2014_m","[SPU_30]","","cat","NA::b","2","Missing","Not stated","","9","Not stated","Quit gate","Quit smoking completely when stopped daily","","3.0.0-alpha","2026-01-04","active","NEW: Quit gate (quit completely when stopped daily). Master/PUMF 2003-2023.",""
"quit_pathway","N/A","cat","cchs2003_p, cchs2005_p, cchs2007_2008_p, cchs2009_2010_p, cchs2011_2012_p, cchs2013_2014_p, cchs2015_2016_p, cchs2017_2018_p, cchs2003_m, cchs2005_m, cchs2007_2008_m, cchs2009_2010_m, cchs2011_2012_m, cchs2013_2014_m, cchs2015_2016_m, cchs2017_2018_m, cchs2019_2020_m, cchs2021_m, cchs2022_m, cchs2023_m, cchs2019_2020_p, cchs2021_p, cchs2022_p, cchs2023_p","DerivedVar::[SMKDSTY_cat5, SMK_10_gate]","","N/A","Func::assess_quit_pathway","3","N/A","N/A","N/A","N/A","Quit pathway","Quit pathway","Cessation pathway for former smokers. 1=direct 2=gradual 3=former occasional","3.0.0","3.0.0-alpha","2026-01-04","active","NEW: Quit pathway derived variable (direct/gradual/former occasional). Extended PUMF to 2019-2023 (2021_p, 2023_p need DDI confirmation).",""
"quit_pathway","quit_pathway_1","cat","cchs2003_p, cchs2005_p, cchs2007_2008_p, cchs2009_2010_p, cchs2011_2012_p, cchs2013_2014_p, cchs2015_2016_p, cchs2017_2018_p, cchs2003_m, cchs2005_m, cchs2007_2008_m, cchs2009_2010_m, cchs2011_2012_m, cchs2013_2014_m, cchs2015_2016_m, cchs2017_2018_m, cchs2019_2020_m, cchs2021_m, cchs2022_m, cchs2023_m, cchs2019_2020_p, cchs2021_p, cchs2022_p, cchs2023_p","DerivedVar::[SMKDSTY_cat5, SMK_10_gate]","","N/A","1","3","Direct quit","Quit completely when stopped daily","","1","Direct quit","Quit pathway","Quit pathway","Former daily who quit when stopped daily","3.0.0-alpha","2026-01-04","active","NEW: Quit pathway derived variable (direct/gradual/former occasional). Extended PUMF to 2019-2023 (2021_p, 2023_p need DDI confirmation).",""
"quit_pathway","quit_pathway_2","cat","cchs2003_p, cchs2005_p, cchs2007_2008_p, cchs2009_2010_p, cchs2011_2012_p, cchs2013_2014_p, cchs2015_2016_p, cchs2017_2018_p, cchs2003_m, cchs2005_m, cchs2007_2008_m, cchs2009_2010_m, cchs2011_2012_m, cchs2013_2014_m, cchs2015_2016_m, cchs2017_2018_m, cchs2019_2020_m, cchs2021_m, cchs2022_m, cchs2023_m, cchs2019_2020_p, cchs2021_p, cchs2022_p, cchs2023_p","DerivedVar::[SMKDSTY_cat5, SMK_10_gate]","","N/A","2","3","Gradual quit","Continued occasional then quit completely","","2","Gradual quit","Quit pathway","Quit pathway","Former daily who reduced to occasional then quit","3.0.0-alpha","2026-01-04","active","NEW: Quit pathway derived variable (direct/gradual/former occasional). Extended PUMF to 2019-2023 (2021_p, 2023_p need DDI confirmation).",""
"quit_pathway","quit_pathway_3","cat","cchs2003_p, cchs2005_p, cchs2007_2008_p, cchs2009_2010_p, cchs2011_2012_p, cchs2013_2014_p, cchs2015_2016_p, cchs2017_2018_p, cchs2003_m, cchs2005_m, cchs2007_2008_m, cchs2009_2010_m, cchs2011_2012_m, cchs2013_2014_m, cchs2015_2016_m, cchs2017_2018_m, cchs2019_2020_m, cchs2021_m, cchs2022_m, cchs2023_m, cchs2019_2020_p, cchs2021_p, cchs2022_p, cchs2023_p","DerivedVar::[SMKDSTY_cat5, SMK_10_gate]","","N/A","3","3","Former occasional","Former occasional smoker (never daily)","","3","Former occasional","Quit pathway","Quit pathway","Former occasional who never smoked daily","3.0.0-alpha","2026-01-04","active","NEW: Quit pathway derived variable (direct/gradual/former occasional). Extended PUMF to 2019-2023 (2021_p, 2023_p need DDI confirmation).",""
"quit_pathway","quit_pathway_NAa","cat","cchs2003_p, cchs2005_p, cchs2007_2008_p, cchs2009_2010_p, cchs2011_2012_p, cchs2013_2014_p, cchs2015_2016_p, cchs2017_2018_p, cchs2003_m, cchs2005_m, cchs2007_2008_m, cchs2009_2010_m, cchs2011_2012_m, cchs2013_2014_m, cchs2015_2016_m, cchs2017_2018_m, cchs2019_2020_m, cchs2021_m, cchs2022_m, cchs2023_m, cchs2019_2020_p, cchs2021_p, cchs2022_p, cchs2023_p","DerivedVar::[SMKDSTY_cat5, SMK_10_gate]","","N/A","NA::a","3","Not applicable","Not applicable (not former smoker)","","N/A","Not applicable","Quit pathway","Quit pathway","Current smoker or never smoker","3.0.0-alpha","2026-01-04","active","NEW: Quit pathway derived variable (direct/gradual/former occasional). Extended PUMF to 2019-2023 (2021_p, 2023_p need DDI confirmation).",""
"quit_pathway","quit_pathway_NAb","cat","cchs2003_p, cchs2005_p, cchs2007_2008_p, cchs2009_2010_p, cchs2011_2012_p, cchs2013_2014_p, cchs2015_2016_p, cchs2017_2018_p, cchs2003_m, cchs2005_m, cchs2007_2008_m, cchs2009_2010_m, cchs2011_2012_m, cchs2013_2014_m, cchs2015_2016_m, cchs2017_2018_m, cchs2019_2020_m, cchs2021_m, cchs2022_m, cchs2023_m, cchs2019_2020_p, cchs2021_p, cchs2022_p, cchs2023_p","DerivedVar::[SMKDSTY_cat5, SMK_10_gate]","","N/A","NA::b","3","Missing","Missing input data","","N/A","Missing","Quit pathway","Quit pathway","Missing status or gate information","3.0.0-alpha","2026-01-04","active","NEW: Quit pathway derived variable (direct/gradual/former occasional). Extended PUMF to 2019-2023 (2021_p, 2023_p need DDI confirmation).",""
"SMK_06A_cont","N/A","cont","cchs2001_p, cchs2001_m","cchs2001_p::SMKA_06A, cchs2001_m::SMKA_06A","","cat","0.5","4","<1 year","Less than 1 year ago","years","1","Less than 1 year","Yrs quit (occ)","When stopped smoking - former occasional","Midpoint conversion: cat 1 -> 0.5 years","3.0.0-alpha","2026-01-10","active","Fixed to use direct mapping per v2.1 pattern.",""
"SMK_06A_cont","N/A","cont","cchs2001_p, cchs2001_m","cchs2001_p::SMKA_06A, cchs2001_m::SMKA_06A","","cat","1.5","4","1-2 years","1 to less than 2 years ago","years","2","1-2 years","Yrs quit (occ)","When stopped smoking - former occasional","Midpoint conversion: cat 2 -> 1.5 years","3.0.0-alpha","2026-01-10","active","Fixed to use direct mapping per v2.1 pattern.",""
"SMK_06A_cont","N/A","cont","cchs2001_p, cchs2001_m","cchs2001_p::SMKA_06A, cchs2001_m::SMKA_06A","","cat","2.5","4","2-3 years","2 to less than 3 years ago","years","3","2-3 years","Yrs quit (occ)","When stopped smoking - former occasional","Midpoint conversion: cat 3 -> 2.5 years","3.0.0-alpha","2026-01-10","active","Fixed to use direct mapping per v2.1 pattern.",""
"SMK_06A_cont","N/A","cont","cchs2001_p, cchs2001_m","cchs2001_p::SMKA_06A, cchs2001_m::SMKA_06A","","cat","4","4","3+ years","3 or more years ago","years","4","3+ years","Yrs quit (occ)","When stopped smoking - former occasional","Midpoint conversion: cat 4 -> 4 years (conservative)","3.0.0-alpha","2026-01-10","active","Fixed to use direct mapping per v2.1 pattern.",""
"SMK_06A_cont","N/A","cont","cchs2001_p, cchs2001_m","cchs2001_p::SMKA_06A, cchs2001_m::SMKA_06A","","cat","NA::a","4","Not applicable","Not applicable","years","6","Not applicable","Yrs quit (occ)","When stopped smoking - former occasional","","3.0.0-alpha","2026-01-10","active","Fixed to use direct mapping per v2.1 pattern.",""
"SMK_06A_cont","N/A","cont","cchs2001_p, cchs2001_m","cchs2001_p::SMKA_06A, cchs2001_m::SMKA_06A","","cat","NA::b","4","Missing","Don't know/Refusal/Not stated","years","[7,9]","Missing","Yrs quit (occ)","When stopped smoking - former occasional","","3.0.0-alpha","2026-01-10","active","Fixed to use direct mapping per v2.1 pattern.",""
"SMK_06A_cont","N/A","cont","cchs2001_p, cchs2001_m","cchs2001_p::SMKA_06A, cchs2001_m::SMKA_06A","","cat","NA::b","4","Catch-all","Catch-all missing","years","else","else","Yrs quit (occ)","When stopped smoking - former occasional","","3.0.0-alpha","2026-01-10","active","Fixed to use direct mapping per v2.1 pattern.",""
"SMK_06A_cont","N/A","cont","cchs2003_p, cchs2005_p, cchs2007_2008_p, cchs2009_2010_p, cchs2011_2012_p, cchs2013_2014_p, cchs2015_2016_p, cchs2017_2018_p, cchs2003_m, cchs2005_m, cchs2007_2008_m, cchs2009_2010_m, cchs2011_2012_m, cchs2013_2014_m, cchs2015_2016_m, cchs2017_2018_m, cchs2019_2020_m, cchs2021_m","cchs2003_p::SMKC_06A, cchs2005_p::SMKE_06A, cchs2015_2016_p::SMK_060, cchs2017_2018_p::SMK_060, cchs2003_m::SMKC_06A, cchs2005_m::SMKE_06A, cchs2015_2016_m::SMK_060, cchs2017_2018_m::SMK_060, cchs2019_2020_m::SMK_060, cchs2021_m::SMK_060, [SMK_06A]","","cat","0.5","4","<1 year","Less than 1 year ago","years","1","Less than 1 year","Yrs quit (occ)","When stopped smoking - former occasional","Midpoint conversion: cat 1 -> 0.5 years","3.0.0-alpha","2026-01-10","active","Fixed to use direct mapping per v2.1 pattern.",""
"SMK_06A_cont","N/A","cont","cchs2003_p, cchs2005_p, cchs2007_2008_p, cchs2009_2010_p, cchs2011_2012_p, cchs2013_2014_p, cchs2015_2016_p, cchs2017_2018_p, cchs2003_m, cchs2005_m, cchs2007_2008_m, cchs2009_2010_m, cchs2011_2012_m, cchs2013_2014_m, cchs2015_2016_m, cchs2017_2018_m, cchs2019_2020_m, cchs2021_m","cchs2003_p::SMKC_06A, cchs2005_p::SMKE_06A, cchs2015_2016_p::SMK_060, cchs2017_2018_p::SMK_060, cchs2003_m::SMKC_06A, cchs2005_m::SMKE_06A, cchs2015_2016_m::SMK_060, cchs2017_2018_m::SMK_060, cchs2019_2020_m::SMK_060, cchs2021_m::SMK_060, [SMK_06A]","","cat","1.5","4","1-2 years","1 to less than 2 years ago","years","2","1-2 years","Yrs quit (occ)","When stopped smoking - former occasional","Midpoint conversion: cat 2 -> 1.5 years","3.0.0-alpha","2026-01-10","active","Fixed to use direct mapping per v2.1 pattern.",""
"SMK_06A_cont","N/A","cont","cchs2003_p, cchs2005_p, cchs2007_2008_p, cchs2009_2010_p, cchs2011_2012_p, cchs2013_2014_p, cchs2015_2016_p, cchs2017_2018_p, cchs2003_m, cchs2005_m, cchs2007_2008_m, cchs2009_2010_m, cchs2011_2012_m, cchs2013_2014_m, cchs2015_2016_m, cchs2017_2018_m, cchs2019_2020_m, cchs2021_m","cchs2003_p::SMKC_06A, cchs2005_p::SMKE_06A, cchs2015_2016_p::SMK_060, cchs2017_2018_p::SMK_060, cchs2003_m::SMKC_06A, cchs2005_m::SMKE_06A, cchs2015_2016_m::SMK_060, cchs2017_2018_m::SMK_060, cchs2019_2020_m::SMK_060, cchs2021_m::SMK_060, [SMK_06A]","","cat","2.5","4","2-3 years","2 to less than 3 years ago","years","3","2-3 years","Yrs quit (occ)","When stopped smoking - former occasional","Midpoint conversion: cat 3 -> 2.5 years","3.0.0-alpha","2026-01-10","active","Fixed to use direct mapping per v2.1 pattern.",""
"SMK_06A_cont","N/A","cont","cchs2003_p, cchs2005_p, cchs2007_2008_p, cchs2009_2010_p, cchs2011_2012_p, cchs2013_2014_p, cchs2015_2016_p, cchs2017_2018_p, cchs2003_m, cchs2005_m, cchs2007_2008_m, cchs2009_2010_m, cchs2011_2012_m, cchs2013_2014_m, cchs2015_2016_m, cchs2017_2018_m, cchs2019_2020_m, cchs2021_m","cchs2003_p::SMKC_06A, cchs2005_p::SMKE_06A, cchs2015_2016_p::SMK_060, cchs2017_2018_p::SMK_060, cchs2003_m::SMKC_06A, cchs2005_m::SMKE_06A, cchs2015_2016_m::SMK_060, cchs2017_2018_m::SMK_060, cchs2019_2020_m::SMK_060, cchs2021_m::SMK_060, [SMK_06A]","","cat","4","4","3+ years","3 or more years ago","years","4","3+ years","Yrs quit (occ)","When stopped smoking - former occasional","Midpoint conversion: cat 4 -> 4 years (conservative)","3.0.0-alpha","2026-01-10","active","Fixed to use direct mapping per v2.1 pattern.",""
"SMK_06A_cont","N/A","cont","cchs2003_p, cchs2005_p, cchs2007_2008_p, cchs2009_2010_p, cchs2011_2012_p, cchs2013_2014_p, cchs2015_2016_p, cchs2017_2018_p, cchs2003_m, cchs2005_m, cchs2007_2008_m, cchs2009_2010_m, cchs2011_2012_m, cchs2013_2014_m, cchs2015_2016_m, cchs2017_2018_m, cchs2019_2020_m, cchs2021_m","cchs2003_p::SMKC_06A, cchs2005_p::SMKE_06A, cchs2015_2016_p::SMK_060, cchs2017_2018_p::SMK_060, cchs2003_m::SMKC_06A, cchs2005_m::SMKE_06A, cchs2015_2016_m::SMK_060, cchs2017_2018_m::SMK_060, cchs2019_2020_m::SMK_060, cchs2021_m::SMK_060, [SMK_06A]","","cat","NA::a","4","Not applicable","Not applicable","years","6","Not applicable","Yrs quit (occ)","When stopped smoking - former occasional","","3.0.0-alpha","2026-01-10","active","Fixed to use direct mapping per v2.1 pattern.",""
"SMK_06A_cont","N/A","cont","cchs2003_p, cchs2005_p, cchs2007_2008_p, cchs2009_2010_p, cchs2011_2012_p, cchs2013_2014_p, cchs2015_2016_p, cchs2017_2018_p, cchs2003_m, cchs2005_m, cchs2007_2008_m, cchs2009_2010_m, cchs2011_2012_m, cchs2013_2014_m, cchs2015_2016_m, cchs2017_2018_m, cchs2019_2020_m, cchs2021_m","cchs2003_p::SMKC_06A, cchs2005_p::SMKE_06A, cchs2015_2016_p::SMK_060, cchs2017_2018_p::SMK_060, cchs2003_m::SMKC_06A, cchs2005_m::SMKE_06A, cchs2015_2016_m::SMK_060, cchs2017_2018_m::SMK_060, cchs2019_2020_m::SMK_060, cchs2021_m::SMK_060, [SMK_06A]","","cat","NA::b","4","Missing","Don't know/Refusal/Not stated","years","[7,9]","Missing","Yrs quit (occ)","When stopped smoking - former occasional","","3.0.0-alpha","2026-01-10","active","Fixed to use direct mapping per v2.1 pattern.",""
"SMK_06A_cont","N/A","cont","cchs2003_p, cchs2005_p, cchs2007_2008_p, cchs2009_2010_p, cchs2011_2012_p, cchs2013_2014_p, cchs2015_2016_p, cchs2017_2018_p, cchs2003_m, cchs2005_m, cchs2007_2008_m, cchs2009_2010_m, cchs2011_2012_m, cchs2013_2014_m, cchs2015_2016_m, cchs2017_2018_m, cchs2019_2020_m, cchs2021_m","cchs2003_p::SMKC_06A, cchs2005_p::SMKE_06A, cchs2015_2016_p::SMK_060, cchs2017_2018_p::SMK_060, cchs2003_m::SMKC_06A, cchs2005_m::SMKE_06A, cchs2015_2016_m::SMK_060, cchs2017_2018_m::SMK_060, cchs2019_2020_m::SMK_060, cchs2021_m::SMK_060, [SMK_06A]","","cat","NA::b","4","Catch-all","Catch-all missing","years","else","else","Yrs quit (occ)","When stopped smoking - former occasional","","3.0.0-alpha","2026-01-10","active","Fixed to use direct mapping per v2.1 pattern.",""
"SMK_10A_cont","N/A","cont","cchs2003_p, cchs2005_p, cchs2003_m, cchs2005_m","cchs2003_p::SMKC_10A, cchs2005_p::SMKE_10A, cchs2003_m::SMKC_10A, cchs2005_m::SMKE_10A","","cat","0.5","4","<1 year","Less than 1 year ago","years","1","Less than 1 year","Yrs quit (reducer)","When quit completely - former daily reducer","Midpoint conversion: cat 1 -> 0.5 years","3.0.0-alpha","2026-01-10","active","Fixed to use direct mapping per v2.1 pattern.",""
"SMK_10A_cont","N/A","cont","cchs2003_p, cchs2005_p, cchs2003_m, cchs2005_m","cchs2003_p::SMKC_10A, cchs2005_p::SMKE_10A, cchs2003_m::SMKC_10A, cchs2005_m::SMKE_10A","","cat","1.5","4","1-2 years","1 to less than 2 years ago","years","2","1-2 years","Yrs quit (reducer)","When quit completely - former daily reducer","Midpoint conversion: cat 2 -> 1.5 years","3.0.0-alpha","2026-01-10","active","Fixed to use direct mapping per v2.1 pattern.",""
"SMK_10A_cont","N/A","cont","cchs2003_p, cchs2005_p, cchs2003_m, cchs2005_m","cchs2003_p::SMKC_10A, cchs2005_p::SMKE_10A, cchs2003_m::SMKC_10A, cchs2005_m::SMKE_10A","","cat","2.5","4","2-3 years","2 to less than 3 years ago","years","3","2-3 years","Yrs quit (reducer)","When quit completely - former daily reducer","Midpoint conversion: cat 3 -> 2.5 years","3.0.0-alpha","2026-01-10","active","Fixed to use direct mapping per v2.1 pattern.",""
"SMK_10A_cont","N/A","cont","cchs2003_p, cchs2005_p, cchs2003_m, cchs2005_m","cchs2003_p::SMKC_10A, cchs2005_p::SMKE_10A, cchs2003_m::SMKC_10A, cchs2005_m::SMKE_10A","","cat","4","4","3+ years","3 or more years ago","years","4","3+ years","Yrs quit (reducer)","When quit completely - former daily reducer","Midpoint conversion: cat 4 -> 4 years (conservative)","3.0.0-alpha","2026-01-10","active","Fixed to use direct mapping per v2.1 pattern.",""
"SMK_10A_cont","N/A","cont","cchs2003_p, cchs2005_p, cchs2003_m, cchs2005_m","cchs2003_p::SMKC_10A, cchs2005_p::SMKE_10A, cchs2003_m::SMKC_10A, cchs2005_m::SMKE_10A","","cat","NA::a","4","Not applicable","Not applicable","years","6","Not applicable","Yrs quit (reducer)","When quit completely - former daily reducer","","3.0.0-alpha","2026-01-10","active","Fixed to use direct mapping per v2.1 pattern.",""
"SMK_10A_cont","N/A","cont","cchs2003_p, cchs2005_p, cchs2003_m, cchs2005_m","cchs2003_p::SMKC_10A, cchs2005_p::SMKE_10A, cchs2003_m::SMKC_10A, cchs2005_m::SMKE_10A","","cat","NA::b","4","Missing","Don't know/Refusal/Not stated","years","[7,9]","Missing","Yrs quit (reducer)","When quit completely - former daily reducer","","3.0.0-alpha","2026-01-10","active","Fixed to use direct mapping per v2.1 pattern.",""
"SMK_10A_cont","N/A","cont","cchs2003_p, cchs2005_p, cchs2003_m, cchs2005_m","cchs2003_p::SMKC_10A, cchs2005_p::SMKE_10A, cchs2003_m::SMKC_10A, cchs2005_m::SMKE_10A","","cat","NA::b","4","Catch-all","Catch-all missing","years","else","else","Yrs quit (reducer)","When quit completely - former daily reducer","","3.0.0-alpha","2026-01-10","active","Fixed to use direct mapping per v2.1 pattern.",""
"SMK_10A_cont","N/A","cont","cchs2007_2008_p, cchs2009_2010_p, cchs2011_2012_p, cchs2013_2014_p, cchs2015_2016_p, cchs2017_2018_p, cchs2007_2008_m, cchs2009_2010_m, cchs2011_2012_m, cchs2013_2014_m, cchs2015_2016_m, cchs2017_2018_m, cchs2019_2020_m, cchs2021_m","cchs2015_2016_p::SMK_100, cchs2017_2018_p::SMK_100, cchs2015_2016_m::SMK_100, cchs2017_2018_m::SMK_100, cchs2019_2020_m::SMK_100, cchs2021_m::SMK_100, [SMK_10A]","","cat","0.5","4","<1 year","Less than 1 year ago","years","1","Less than 1 year","Yrs quit (reducer)","When quit completely - former daily reducer","Midpoint conversion: cat 1 -> 0.5 years","3.0.0-alpha","2026-01-10","active","Fixed to use direct mapping per v2.1 pattern.",""
"SMK_10A_cont","N/A","cont","cchs2007_2008_p, cchs2009_2010_p, cchs2011_2012_p, cchs2013_2014_p, cchs2015_2016_p, cchs2017_2018_p, cchs2007_2008_m, cchs2009_2010_m, cchs2011_2012_m, cchs2013_2014_m, cchs2015_2016_m, cchs2017_2018_m, cchs2019_2020_m, cchs2021_m","cchs2015_2016_p::SMK_100, cchs2017_2018_p::SMK_100, cchs2015_2016_m::SMK_100, cchs2017_2018_m::SMK_100, cchs2019_2020_m::SMK_100, cchs2021_m::SMK_100, [SMK_10A]","","cat","1.5","4","1-2 years","1 to less than 2 years ago","years","2","1-2 years","Yrs quit (reducer)","When quit completely - former daily reducer","Midpoint conversion: cat 2 -> 1.5 years","3.0.0-alpha","2026-01-10","active","Fixed to use direct mapping per v2.1 pattern.",""
"SMK_10A_cont","N/A","cont","cchs2007_2008_p, cchs2009_2010_p, cchs2011_2012_p, cchs2013_2014_p, cchs2015_2016_p, cchs2017_2018_p, cchs2007_2008_m, cchs2009_2010_m, cchs2011_2012_m, cchs2013_2014_m, cchs2015_2016_m, cchs2017_2018_m, cchs2019_2020_m, cchs2021_m","cchs2015_2016_p::SMK_100, cchs2017_2018_p::SMK_100, cchs2015_2016_m::SMK_100, cchs2017_2018_m::SMK_100, cchs2019_2020_m::SMK_100, cchs2021_m::SMK_100, [SMK_10A]","","cat","2.5","4","2-3 years","2 to less than 3 years ago","years","3","2-3 years","Yrs quit (reducer)","When quit completely - former daily reducer","Midpoint conversion: cat 3 -> 2.5 years","3.0.0-alpha","2026-01-10","active","Fixed to use direct mapping per v2.1 pattern.",""
"SMK_10A_cont","N/A","cont","cchs2007_2008_p, cchs2009_2010_p, cchs2011_2012_p, cchs2013_2014_p, cchs2015_2016_p, cchs2017_2018_p, cchs2007_2008_m, cchs2009_2010_m, cchs2011_2012_m, cchs2013_2014_m, cchs2015_2016_m, cchs2017_2018_m, cchs2019_2020_m, cchs2021_m","cchs2015_2016_p::SMK_100, cchs2017_2018_p::SMK_100, cchs2015_2016_m::SMK_100, cchs2017_2018_m::SMK_100, cchs2019_2020_m::SMK_100, cchs2021_m::SMK_100, [SMK_10A]","","cat","4","4","3+ years","3 or more years ago","years","4","3+ years","Yrs quit (reducer)","When quit completely - former daily reducer","Midpoint conversion: cat 4 -> 4 years (conservative)","3.0.0-alpha","2026-01-10","active","Fixed to use direct mapping per v2.1 pattern.",""
"SMK_10A_cont","N/A","cont","cchs2007_2008_p, cchs2009_2010_p, cchs2011_2012_p, cchs2013_2014_p, cchs2015_2016_p, cchs2017_2018_p, cchs2007_2008_m, cchs2009_2010_m, cchs2011_2012_m, cchs2013_2014_m, cchs2015_2016_m, cchs2017_2018_m, cchs2019_2020_m, cchs2021_m","cchs2015_2016_p::SMK_100, cchs2017_2018_p::SMK_100, cchs2015_2016_m::SMK_100, cchs2017_2018_m::SMK_100, cchs2019_2020_m::SMK_100, cchs2021_m::SMK_100, [SMK_10A]","","cat","NA::a","4","Not applicable","Not applicable","years","6","Not applicable","Yrs quit (reducer)","When quit completely - former daily reducer","","3.0.0-alpha","2026-01-10","active","Fixed to use direct mapping per v2.1 pattern.",""
"SMK_10A_cont","N/A","cont","cchs2007_2008_p, cchs2009_2010_p, cchs2011_2012_p, cchs2013_2014_p, cchs2015_2016_p, cchs2017_2018_p, cchs2007_2008_m, cchs2009_2010_m, cchs2011_2012_m, cchs2013_2014_m, cchs2015_2016_m, cchs2017_2018_m, cchs2019_2020_m, cchs2021_m","cchs2015_2016_p::SMK_100, cchs2017_2018_p::SMK_100, cchs2015_2016_m::SMK_100, cchs2017_2018_m::SMK_100, cchs2019_2020_m::SMK_100, cchs2021_m::SMK_100, [SMK_10A]","","cat","NA::b","4","Missing","Don't know/Refusal/Not stated","years","[7,9]","Missing","Yrs quit (reducer)","When quit completely - former daily reducer","","3.0.0-alpha","2026-01-10","active","Fixed to use direct mapping per v2.1 pattern.",""
"SMK_10A_cont","N/A","cont","cchs2007_2008_p, cchs2009_2010_p, cchs2011_2012_p, cchs2013_2014_p, cchs2015_2016_p, cchs2017_2018_p, cchs2007_2008_m, cchs2009_2010_m, cchs2011_2012_m, cchs2013_2014_m, cchs2015_2016_m, cchs2017_2018_m, cchs2019_2020_m, cchs2021_m","cchs2015_2016_p::SMK_100, cchs2017_2018_p::SMK_100, cchs2015_2016_m::SMK_100, cchs2017_2018_m::SMK_100, cchs2019_2020_m::SMK_100, cchs2021_m::SMK_100, [SMK_10A]","","cat","NA::b","4","Catch-all","Catch-all missing","years","else","else","Yrs quit (reducer)","When quit completely - former daily reducer","","3.0.0-alpha","2026-01-10","active","Fixed to use direct mapping per v2.1 pattern.",""
"time_quit_smoking","N/A","cont","cchs2001_p, cchs2003_p, cchs2005_p, cchs2007_2008_p, cchs2009_2010_p, cchs2011_2012_p, cchs2013_2014_p, cchs2015_2016_p, cchs2017_2018_p, cchs2001_m, cchs2003_m, cchs2005_m, cchs2007_2008_m, cchs2009_2010_m, cchs2011_2012_m, cchs2013_2014_m, cchs2015_2016_m, cchs2017_2018_m, cchs2019_2020_m, cchs2021_m, cchs2022_m, cchs2023_m, cchs2019_2020_p, cchs2021_p, cchs2022_p, cchs2023_p","DerivedVar::[SMK_09A_cont, SMK_06A_cont, SMKDVSTP]","","N/A","Func::calculate_time_quit_smoking","N/A","N/A","N/A","years","N/A","Years since quit","Yrs quit (reducer)","Unified years since quit - combines pathways","3.0.0","3.0.0-alpha","2026-01-04","active","Label clarified. Added Master 2001-2023, PUMF 2001-2018. Extended PUMF to 2019-2023 (2021_p, 2023_p need DDI confirmation).",""
"time_quit_smoking","N/A","cont","cchs2001_p, cchs2003_p, cchs2005_p, cchs2007_2008_p, cchs2009_2010_p, cchs2011_2012_p, cchs2013_2014_p, cchs2015_2016_p, cchs2017_2018_p, cchs2001_m, cchs2003_m, cchs2005_m, cchs2007_2008_m, cchs2009_2010_m, cchs2011_2012_m, cchs2013_2014_m, cchs2015_2016_m, cchs2017_2018_m, cchs2019_2020_m, cchs2021_m, cchs2022_m, cchs2023_m, cchs2019_2020_p, cchs2021_p, cchs2022_p, cchs2023_p","DerivedVar::[SMK_09A_cont, SMK_06A_cont, SMKDVSTP]","","N/A","NA::a","N/A","N/A","Not applicable","years","N/A","Not applicable","Yrs quit (reducer)","Years since quit","Never smoker or current smoker","3.0.0-alpha","2026-01-04","active","Label clarified. Added Master 2001-2023, PUMF 2001-2018. Extended PUMF to 2019-2023 (2021_p, 2023_p need DDI confirmation).",""
"time_quit_smoking","N/A","cont","cchs2001_p, cchs2003_p, cchs2005_p, cchs2007_2008_p, cchs2009_2010_p, cchs2011_2012_p, cchs2013_2014_p, cchs2015_2016_p, cchs2017_2018_p, cchs2001_m, cchs2003_m, cchs2005_m, cchs2007_2008_m, cchs2009_2010_m, cchs2011_2012_m, cchs2013_2014_m, cchs2015_2016_m, cchs2017_2018_m, cchs2019_2020_m, cchs2021_m, cchs2022_m, cchs2023_m, cchs2019_2020_p, cchs2021_p, cchs2022_p, cchs2023_p","DerivedVar::[SMK_09A_cont, SMK_06A_cont, SMKDVSTP]","","N/A","NA::b","N/A","N/A","Missing","years","N/A","Missing","Yrs quit (reducer)","Years since quit","Missing all input sources","3.0.0-alpha","2026-01-04","active","Label clarified. Added Master 2001-2023, PUMF 2001-2018. Extended PUMF to 2019-2023 (2021_p, 2023_p need DDI confirmation).",""
"SMK_06A_A","SMK_06A_A_cat4_1","cat","cchs2001_p, cchs2001_m, cchs2019_2020_p, cchs2021_p, cchs2022_p, cchs2023_p, cchs2009_2010_m, cchs2011_2012_m, cchs2013_2014_m","[SMKA_06A]","","cat","1","4","<1 year","Less than one year ago","years","1","Less than one year ago","Stop age (fmr occ)","When did you stop smoking daily - never daily","","3.0.0-alpha","2026-01-04","active","Migrated from production. Converted deprecated _i suffix to _m. Extended PUMF to 2019-2023 (2021_p, 2023_p need DDI confirmation).",""
"SMK_06A_A","SMK_06A_A_cat4_2","cat","cchs2001_p, cchs2001_m, cchs2019_2020_p, cchs2021_p, cchs2022_p, cchs2023_p, cchs2009_2010_m, cchs2011_2012_m, cchs2013_2014_m","[SMKA_06A]","","cat","2","4","1 to 2 years","1 year to 2 years ago","years","2","1 year to 2 years ago","Stop age (fmr occ)","When did you stop smoking daily - never daily","","3.0.0-alpha","2026-01-04","active","Migrated from production. Converted deprecated _i suffix to _m. Extended PUMF to 2019-2023 (2021_p, 2023_p need DDI confirmation).",""
"SMK_06A_A","SMK_06A_A_cat4_3","cat","cchs2001_p, cchs2001_m, cchs2019_2020_p, cchs2021_p, cchs2022_p, cchs2023_p, cchs2009_2010_m, cchs2011_2012_m, cchs2013_2014_m","[SMKA_06A]","","cat","3","4","3 to 5 years","3 years to 5 years ago","years","3","3 years to 5 years ago","Stop age (fmr occ)","When did you stop smoking daily - never daily","","3.0.0-alpha","2026-01-04","active","Migrated from production. Converted deprecated _i suffix to _m. Extended PUMF to 2019-2023 (2021_p, 2023_p need DDI confirmation).",""
"SMK_06A_A","SMK_06A_A_cat4_4","cat","cchs2001_p, cchs2001_m, cchs2019_2020_p, cchs2021_p, cchs2022_p, cchs2023_p, cchs2009_2010_m, cchs2011_2012_m, cchs2013_2014_m","[SMKA_06A]","","cat","4","4",">5 years","More than 5 years ago","years","4","More than 5 years ago","Stop age (fmr occ)","When did you stop smoking daily - never daily","","3.0.0-alpha","2026-01-04","active","Migrated from production. Converted deprecated _i suffix to _m. Extended PUMF to 2019-2023 (2021_p, 2023_p need DDI confirmation).",""
"SMK_06A_A","SMK_06A_A_cat4_NAa","cat","cchs2001_p, cchs2001_m, cchs2019_2020_p, cchs2021_p, cchs2022_p, cchs2023_p, cchs2009_2010_m, cchs2011_2012_m, cchs2013_2014_m","[SMKA_06A]","","cat","NA::a","4","Not applicable","not applicable","years","6","not applicable","Stop age (fmr occ)","When did you stop smoking daily - never daily","","3.0.0-alpha","2026-01-04","active","Migrated from production. Converted deprecated _i suffix to _m. Extended PUMF to 2019-2023 (2021_p, 2023_p need DDI confirmation).",""
"SMK_06A_A","SMK_06A_A_cat4_NAb","cat","cchs2001_p, cchs2001_m, cchs2019_2020_p, cchs2021_p, cchs2022_p, cchs2023_p, cchs2009_2010_m, cchs2011_2012_m, cchs2013_2014_m","[SMKA_06A]","","cat","NA::b","4","Missing","missing","years","[7,9]","don't know (7); refusal (8); not stated (9)","Stop age (fmr occ)","When did you stop smoking daily - never daily","","3.0.0-alpha","2026-01-04","active","Migrated from production. Converted deprecated _i suffix to _m. Extended PUMF to 2019-2023 (2021_p, 2023_p need DDI confirmation).",""
"SMK_06A_A","SMK_06A_A_cat4_NAb","cat","cchs2001_p, cchs2001_m, cchs2019_2020_p, cchs2021_p, cchs2022_p, cchs2023_p, cchs2009_2010_m, cchs2011_2012_m, cchs2013_2014_m","[SMKA_06A]","","cat","NA::b","4","Missing","missing","years","else","else","Stop age (fmr occ)","When did you stop smoking daily - never daily","","3.0.0-alpha","2026-01-04","active","Migrated from production. Converted deprecated _i suffix to _m. Extended PUMF to 2019-2023 (2021_p, 2023_p need DDI confirmation).",""
"SMK_06A_B","SMK_06A_B_cat4_1","cat","cchs2003_p, cchs2005_p, cchs2007_2008_p, cchs2009_2010_p, cchs2011_2012_p, cchs2013_2014_p, cchs2015_2016_p, cchs2017_2018_p, cchs2003_m, cchs2005_m, cchs2007_2008_m, cchs2009_2010_m, cchs2011_2012_m, cchs2013_2014_m, cchs2015_2016_m, cchs2017_2018_m, cchs2019_2020_m, cchs2021_m, cchs2023_m, cchs2019_2020_p, cchs2021_p, cchs2022_p, cchs2023_p","cchs2003_p::SMKC_06A, cchs2005_p::SMKE_06A, cchs2015_2016_p::SMK_060, cchs2017_2018_p::SMK_060, cchs2003_m::SMKC_06A, cchs2005_m::SMKE_06A,  cchs2015_2016_m::SMK_060, cchs2017_2018_m::SMK_060, cchs2019_2020_m::SMK_060, cchs2021_m::SMK_060, cchs2023_m::SPU_10, [SMK_06A]","","cat","1","4","<1 year","Less than one year ago","years","1","Less than one year","Stop age (fmr occ)","When did you stop smoking daily - occasional","","3.0.0-alpha","2026-01-04","active","Migrated from production. Converted deprecated _i suffix to _m. Extended PUMF to 2019-2023 (2021_p, 2023_p need DDI confirmation).",""
"SMK_06A_B","SMK_06A_B_cat4_2","cat","cchs2003_p, cchs2005_p, cchs2007_2008_p, cchs2009_2010_p, cchs2011_2012_p, cchs2013_2014_p, cchs2015_2016_p, cchs2017_2018_p, cchs2003_m, cchs2005_m, cchs2007_2008_m, cchs2009_2010_m, cchs2011_2012_m, cchs2013_2014_m, cchs2015_2016_m, cchs2017_2018_m, cchs2019_2020_m, cchs2021_m, cchs2023_m, cchs2019_2020_p, cchs2021_p, cchs2022_p, cchs2023_p","cchs2003_p::SMKC_06A, cchs2005_p::SMKE_06A, cchs2015_2016_p::SMK_060, cchs2017_2018_p::SMK_060, cchs2003_m::SMKC_06A, cchs2005_m::SMKE_06A,  cchs2015_2016_m::SMK_060, cchs2017_2018_m::SMK_060, cchs2019_2020_m::SMK_060, cchs2021_m::SMK_060, cchs2023_m::SPU_10, [SMK_06A]","","cat","2","4","1 to 2 years","1 year to less than 2 years ago","years","2","1 year to < 2 years","Stop age (fmr occ)","When did you stop smoking daily - occasional","","3.0.0-alpha","2026-01-04","active","Migrated from production. Converted deprecated _i suffix to _m. Extended PUMF to 2019-2023 (2021_p, 2023_p need DDI confirmation).",""
"SMK_06A_B","SMK_06A_B_cat4_3","cat","cchs2003_p, cchs2005_p, cchs2007_2008_p, cchs2009_2010_p, cchs2011_2012_p, cchs2013_2014_p, cchs2015_2016_p, cchs2017_2018_p, cchs2003_m, cchs2005_m, cchs2007_2008_m, cchs2009_2010_m, cchs2011_2012_m, cchs2013_2014_m, cchs2015_2016_m, cchs2017_2018_m, cchs2019_2020_m, cchs2021_m, cchs2023_m, cchs2019_2020_p, cchs2021_p, cchs2022_p, cchs2023_p","cchs2003_p::SMKC_06A, cchs2005_p::SMKE_06A, cchs2015_2016_p::SMK_060, cchs2017_2018_p::SMK_060, cchs2003_m::SMKC_06A, cchs2005_m::SMKE_06A,  cchs2015_2016_m::SMK_060, cchs2017_2018_m::SMK_060, cchs2019_2020_m::SMK_060, cchs2021_m::SMK_060, cchs2023_m::SPU_10, [SMK_06A]","","cat","3","4","2 to 3 years","2 years to less than 3 years ago","years","3","2 years to < 3 years","Stop age (fmr occ)","When did you stop smoking daily - occasional","","3.0.0-alpha","2026-01-04","active","Migrated from production. Converted deprecated _i suffix to _m. Extended PUMF to 2019-2023 (2021_p, 2023_p need DDI confirmation).",""
"SMK_06A_B","SMK_06A_B_cat4_4","cat","cchs2003_p, cchs2005_p, cchs2007_2008_p, cchs2009_2010_p, cchs2011_2012_p, cchs2013_2014_p, cchs2015_2016_p, cchs2017_2018_p, cchs2003_m, cchs2005_m, cchs2007_2008_m, cchs2009_2010_m, cchs2011_2012_m, cchs2013_2014_m, cchs2015_2016_m, cchs2017_2018_m, cchs2019_2020_m, cchs2021_m, cchs2023_m, cchs2019_2020_p, cchs2021_p, cchs2022_p, cchs2023_p","cchs2003_p::SMKC_06A, cchs2005_p::SMKE_06A, cchs2015_2016_p::SMK_060, cchs2017_2018_p::SMK_060, cchs2003_m::SMKC_06A, cchs2005_m::SMKE_06A,  cchs2015_2016_m::SMK_060, cchs2017_2018_m::SMK_060, cchs2019_2020_m::SMK_060, cchs2021_m::SMK_060, cchs2023_m::SPU_10, [SMK_06A]","","cat","4","4",">= 3 years","3 or more years ago","years","4","3 or more years","Stop age (fmr occ)","When did you stop smoking daily - occasional","","3.0.0-alpha","2026-01-04","active","Migrated from production. Converted deprecated _i suffix to _m. Extended PUMF to 2019-2023 (2021_p, 2023_p need DDI confirmation).",""
"SMK_06A_B","SMK_06A_B_cat4_NAa","cat","cchs2003_p, cchs2005_p, cchs2007_2008_p, cchs2009_2010_p, cchs2011_2012_p, cchs2013_2014_p, cchs2015_2016_p, cchs2017_2018_p, cchs2003_m, cchs2005_m, cchs2007_2008_m, cchs2009_2010_m, cchs2011_2012_m, cchs2013_2014_m, cchs2015_2016_m, cchs2017_2018_m, cchs2019_2020_m, cchs2021_m, cchs2023_m, cchs2019_2020_p, cchs2021_p, cchs2022_p, cchs2023_p","cchs2003_p::SMKC_06A, cchs2005_p::SMKE_06A, cchs2015_2016_p::SMK_060, cchs2017_2018_p::SMK_060, cchs2003_m::SMKC_06A, cchs2005_m::SMKE_06A,  cchs2015_2016_m::SMK_060, cchs2017_2018_m::SMK_060, cchs2019_2020_m::SMK_060, cchs2021_m::SMK_060, cchs2023_m::SPU_10, [SMK_06A]","","cat","NA::a","4","Not applicable","not applicable","years","6","not applicable","Stop age (fmr occ)","When did you stop smoking daily - occasional","","3.0.0-alpha","2026-01-04","active","Migrated from production. Converted deprecated _i suffix to _m. Extended PUMF to 2019-2023 (2021_p, 2023_p need DDI confirmation).",""
"SMK_06A_B","SMK_06A_B_cat4_NAb","cat","cchs2003_p, cchs2005_p, cchs2007_2008_p, cchs2009_2010_p, cchs2011_2012_p, cchs2013_2014_p, cchs2015_2016_p, cchs2017_2018_p, cchs2003_m, cchs2005_m, cchs2007_2008_m, cchs2009_2010_m, cchs2011_2012_m, cchs2013_2014_m, cchs2015_2016_m, cchs2017_2018_m, cchs2019_2020_m, cchs2021_m, cchs2023_m, cchs2019_2020_p, cchs2021_p, cchs2022_p, cchs2023_p","cchs2003_p::SMKC_06A, cchs2005_p::SMKE_06A, cchs2015_2016_p::SMK_060, cchs2017_2018_p::SMK_060, cchs2003_m::SMKC_06A, cchs2005_m::SMKE_06A,  cchs2015_2016_m::SMK_060, cchs2017_2018_m::SMK_060, cchs2019_2020_m::SMK_060, cchs2021_m::SMK_060, cchs2023_m::SPU_10, [SMK_06A]","","cat","NA::b","4","Missing","missing","years","[7,9]","don't know (7); refusal (8); not stated (9)","Stop age (fmr occ)","When did you stop smoking daily - occasional","","3.0.0-alpha","2026-01-04","active","Migrated from production. Converted deprecated _i suffix to _m. Extended PUMF to 2019-2023 (2021_p, 2023_p need DDI confirmation).",""
"SMK_06A_B","SMK_06A_B_cat4_NAb","cat","cchs2003_p, cchs2005_p, cchs2007_2008_p, cchs2009_2010_p, cchs2011_2012_p, cchs2013_2014_p, cchs2015_2016_p, cchs2017_2018_p, cchs2003_m, cchs2005_m, cchs2007_2008_m, cchs2009_2010_m, cchs2011_2012_m, cchs2013_2014_m, cchs2015_2016_m, cchs2017_2018_m, cchs2019_2020_m, cchs2021_m, cchs2023_m, cchs2019_2020_p, cchs2021_p, cchs2022_p, cchs2023_p","cchs2003_p::SMKC_06A, cchs2005_p::SMKE_06A, cchs2015_2016_p::SMK_060, cchs2017_2018_p::SMK_060, cchs2003_m::SMKC_06A, cchs2005_m::SMKE_06A,  cchs2015_2016_m::SMK_060, cchs2017_2018_m::SMK_060, cchs2019_2020_m::SMK_060, cchs2021_m::SMK_060, cchs2023_m::SPU_10, [SMK_06A]","","cat","NA::b","4","Missing","missing","years","else","else","Stop age (fmr occ)","When did you stop smoking daily - occasional","","3.0.0-alpha","2026-01-04","active","Migrated from production. Converted deprecated _i suffix to _m. Extended PUMF to 2019-2023 (2021_p, 2023_p need DDI confirmation).",""
"SMK_09A_A","SMK_09A_A_cat4_1","cat","cchs2001_p, cchs2001_m, cchs2019_2020_p, cchs2021_p, cchs2022_p, cchs2023_p, cchs2009_2010_m, cchs2011_2012_m, cchs2013_2014_m","cchs2001_p::SMKA_09A, cchs2001_m::SMKA_09A","ICES confirmed","cat","1","4","<1 year","Less than one year ago","years","1","Less than one year ago","Stop age (fmr daily)","When did you stop smoking daily - former daily","","3.0.0-alpha","2026-01-04","active","Migrated from production. Converted deprecated _i suffix to _m. Extended PUMF to 2019-2023 (2021_p, 2023_p need DDI confirmation).",""
"SMK_09A_A","SMK_09A_A_cat4_2","cat","cchs2001_p, cchs2001_m, cchs2019_2020_p, cchs2021_p, cchs2022_p, cchs2023_p, cchs2009_2010_m, cchs2011_2012_m, cchs2013_2014_m","cchs2001_p::SMKA_09A, cchs2001_m::SMKA_09A","ICES confirmed","cat","2","4","1 to 2 years","1 year to 2 years ago","years","2","1 year to 2 years ago","Stop age (fmr daily)","When did you stop smoking daily - former daily","","3.0.0-alpha","2026-01-04","active","Migrated from production. Converted deprecated _i suffix to _m. Extended PUMF to 2019-2023 (2021_p, 2023_p need DDI confirmation).",""
"SMK_09A_A","SMK_09A_A_cat4_3","cat","cchs2001_p, cchs2001_m, cchs2019_2020_p, cchs2021_p, cchs2022_p, cchs2023_p, cchs2009_2010_m, cchs2011_2012_m, cchs2013_2014_m","cchs2001_p::SMKA_09A, cchs2001_m::SMKA_09A","ICES confirmed","cat","3","4","3 to 5 years","3 years to 5 years ago","years","3","3 years to 5 years ago","Stop age (fmr daily)","When did you stop smoking daily - former daily","","3.0.0-alpha","2026-01-04","active","Migrated from production. Converted deprecated _i suffix to _m. Extended PUMF to 2019-2023 (2021_p, 2023_p need DDI confirmation).",""
"SMK_09A_A","SMK_09A_A_cat4_4","cat","cchs2001_p, cchs2001_m, cchs2019_2020_p, cchs2021_p, cchs2022_p, cchs2023_p, cchs2009_2010_m, cchs2011_2012_m, cchs2013_2014_m","cchs2001_p::SMKA_09A, cchs2001_m::SMKA_09A","ICES confirmed","cat","4","4",">5 years","More than 5 years ago","years","4","More than 5 years ago","Stop age (fmr daily)","When did you stop smoking daily - former daily","","3.0.0-alpha","2026-01-04","active","Migrated from production. Converted deprecated _i suffix to _m. Extended PUMF to 2019-2023 (2021_p, 2023_p need DDI confirmation).",""
"SMK_09A_A","SMK_09A_A_cat4_NAa","cat","cchs2001_p, cchs2001_m, cchs2019_2020_p, cchs2021_p, cchs2022_p, cchs2023_p, cchs2009_2010_m, cchs2011_2012_m, cchs2013_2014_m","cchs2001_p::SMKA_09A, cchs2001_m::SMKA_09A","ICES confirmed","cat","NA::a","4","Not applicable","not applicable","years","6","not applicable","Stop age (fmr daily)","When did you stop smoking daily - former daily","","3.0.0-alpha","2026-01-04","active","Migrated from production. Converted deprecated _i suffix to _m. Extended PUMF to 2019-2023 (2021_p, 2023_p need DDI confirmation).",""
"SMK_09A_A","SMK_09A_A_cat4_NAb","cat","cchs2001_p, cchs2001_m, cchs2019_2020_p, cchs2021_p, cchs2022_p, cchs2023_p, cchs2009_2010_m, cchs2011_2012_m, cchs2013_2014_m","cchs2001_p::SMKA_09A, cchs2001_m::SMKA_09A","ICES confirmed","cat","NA::b","4","Missing","missing","years","[7,9]","don't know (7); refusal (8); not stated (9)","Stop age (fmr daily)","When did you stop smoking daily - former daily","","3.0.0-alpha","2026-01-04","active","Migrated from production. Converted deprecated _i suffix to _m. Extended PUMF to 2019-2023 (2021_p, 2023_p need DDI confirmation).",""
"SMK_09A_A","SMK_09A_A_cat4_NAb","cat","cchs2001_p, cchs2001_m, cchs2019_2020_p, cchs2021_p, cchs2022_p, cchs2023_p, cchs2009_2010_m, cchs2011_2012_m, cchs2013_2014_m","cchs2001_p::SMKA_09A, cchs2001_m::SMKA_09A","ICES confirmed","cat","NA::b","4","Missing","missing","years","else","else","Stop age (fmr daily)","When did you stop smoking daily - former daily","","3.0.0-alpha","2026-01-04","active","Migrated from production. Converted deprecated _i suffix to _m. Extended PUMF to 2019-2023 (2021_p, 2023_p need DDI confirmation).",""
"SMK_09A_B","SMK_09A_B_cat4_1","cat","cchs2003_p, cchs2005_p, cchs2007_2008_p, cchs2009_2010_p, cchs2011_2012_p, cchs2013_2014_p, cchs2015_2016_p, cchs2017_2018_p, cchs2009_2010_m, cchs2011_2012_m, cchs2003_m, cchs2005_m, cchs2007_2008_m, cchs2013_2014_m, cchs2015_2016_m, cchs2017_2018_m, cchs2019_2020_m, cchs2021_m, cchs2023_m, cchs2019_2020_p, cchs2021_p, cchs2022_p, cchs2023_p","cchs2003_p::SMKC_09A, cchs2005_p::SMKE_09A, cchs2015_2016_p::SMK_080, cchs2017_2018_p::SMK_080, cchs2003_m::SMKC_09A, cchs2005_m::SMKE_09A, cchs2015_2016_m::SMK_080, cchs2017_2018_m::SMK_080, cchs2017_2018_m::SMK_080, cchs2019_2020_m::SMK_080, cchs2021_m::SMK_080, cchs2023_m::SPU_25, [SMK_09A]","ICES confirmed","cat","0.5","4","<1 year","Less than one year ago","years","1","Less than 1 year","Stop age (fmr daily)","When did you stop smoking daily - former daily","","3.0.0-alpha","2026-01-04","active","Migrated from production. Converted deprecated _i suffix to _m. Extended PUMF to 2019-2023 (2021_p, 2023_p need DDI confirmation).",""
"SMK_09A_B","SMK_09A_B_cat4_2","cat","cchs2003_p, cchs2005_p, cchs2007_2008_p, cchs2009_2010_p, cchs2011_2012_p, cchs2013_2014_p, cchs2015_2016_p, cchs2017_2018_p, cchs2009_2010_m, cchs2011_2012_m, cchs2003_m, cchs2005_m, cchs2007_2008_m, cchs2013_2014_m, cchs2015_2016_m, cchs2017_2018_m, cchs2019_2020_m, cchs2021_m, cchs2023_m, cchs2019_2020_p, cchs2021_p, cchs2022_p, cchs2023_p","cchs2003_p::SMKC_09A, cchs2005_p::SMKE_09A, cchs2015_2016_p::SMK_080, cchs2017_2018_p::SMK_080, cchs2003_m::SMKC_09A, cchs2005_m::SMKE_09A, cchs2015_2016_m::SMK_080, cchs2017_2018_m::SMK_080, cchs2003_m::SMKC_09A, cchs2005_m::SMKE_09A, cchs2015_2016_m::SMK_080, cchs2017_2018_m::SMK_080, cchs2019_2020_m::SMK_080, cchs2021_m::SMK_080, cchs2023_m::SPU_25, [SMK_09A]","ICES confirmed","cat","1.5","4","1 to <2 years","1 year to less than 2 years ago","years","2","1 to <2 years","Stop age (fmr daily)","When did you stop smoking daily - former daily","","3.0.0-alpha","2026-01-04","active","Migrated from production. Converted deprecated _i suffix to _m. Extended PUMF to 2019-2023 (2021_p, 2023_p need DDI confirmation).",""
"SMK_09A_B","SMK_09A_B_cat4_3","cat","cchs2003_p, cchs2005_p, cchs2007_2008_p, cchs2009_2010_p, cchs2011_2012_p, cchs2013_2014_p, cchs2015_2016_p, cchs2017_2018_p, cchs2009_2010_m, cchs2011_2012_m, cchs2003_m, cchs2005_m, cchs2007_2008_m, cchs2013_2014_m, cchs2015_2016_m, cchs2017_2018_m, cchs2019_2020_m, cchs2021_m, cchs2023_m, cchs2019_2020_p, cchs2021_p, cchs2022_p, cchs2023_p","cchs2003_p::SMKC_09A, cchs2005_p::SMKE_09A, cchs2015_2016_p::SMK_080, cchs2017_2018_p::SMK_080, cchs2003_m::SMKC_09A, cchs2005_m::SMKE_09A, cchs2015_2016_m::SMK_080, cchs2017_2018_m::SMK_080, cchs2003_m::SMKC_09A, cchs2005_m::SMKE_09A, cchs2015_2016_m::SMK_080, cchs2017_2018_m::SMK_080, cchs2019_2020_m::SMK_080, cchs2021_m::SMK_080, cchs2023_m::SPU_25, [SMK_09A]","ICES confirmed","cat","2.5","4","2 to <3 years","2 years to less than 3 years ago","years","3","2 to <3 years","Stop age (fmr daily)","When did you stop smoking daily - former daily","","3.0.0-alpha","2026-01-04","active","Migrated from production. Converted deprecated _i suffix to _m. Extended PUMF to 2019-2023 (2021_p, 2023_p need DDI confirmation).",""
"SMK_09A_B","SMK_09A_B_cat4_NAa","cat","cchs2003_p, cchs2005_p, cchs2007_2008_p, cchs2009_2010_p, cchs2011_2012_p, cchs2013_2014_p, cchs2015_2016_p, cchs2017_2018_p, cchs2009_2010_m, cchs2011_2012_m, cchs2003_m, cchs2005_m, cchs2007_2008_m, cchs2013_2014_m, cchs2015_2016_m, cchs2017_2018_m, cchs2019_2020_m, cchs2021_m, cchs2023_m, cchs2019_2020_p, cchs2021_p, cchs2022_p, cchs2023_p","cchs2003_p::SMKC_09A, cchs2005_p::SMKE_09A, cchs2015_2016_p::SMK_080, cchs2017_2018_p::SMK_080, cchs2003_m::SMKC_09A, cchs2005_m::SMKE_09A, cchs2015_2016_m::SMK_080, cchs2017_2018_m::SMK_080, cchs2003_m::SMKC_09A, cchs2005_m::SMKE_09A, cchs2015_2016_m::SMK_080, cchs2017_2018_m::SMK_080, cchs2019_2020_m::SMK_080, cchs2021_m::SMK_080, cchs2023_m::SPU_25, [SMK_09A]","ICES confirmed","cat","NA::a","4","Not applicable","not applicable","years","6","not applicable","Stop age (fmr daily)","When did you stop smoking daily - former daily","","3.0.0-alpha","2026-01-04","active","Migrated from production. Converted deprecated _i suffix to _m. Extended PUMF to 2019-2023 (2021_p, 2023_p need DDI confirmation).",""
"SMK_09A_B","SMK_09A_B_cat4_NAb","cat","cchs2003_p, cchs2005_p, cchs2007_2008_p, cchs2009_2010_p, cchs2011_2012_p, cchs2013_2014_p, cchs2015_2016_p, cchs2017_2018_p, cchs2009_2010_m, cchs2011_2012_m, cchs2003_m, cchs2005_m, cchs2007_2008_m, cchs2013_2014_m, cchs2015_2016_m, cchs2017_2018_m, cchs2019_2020_m, cchs2021_m, cchs2023_m, cchs2019_2020_p, cchs2021_p, cchs2022_p, cchs2023_p","cchs2003_p::SMKC_09A, cchs2005_p::SMKE_09A, cchs2015_2016_p::SMK_080, cchs2017_2018_p::SMK_080, cchs2003_m::SMKC_09A, cchs2005_m::SMKE_09A, cchs2015_2016_m::SMK_080, cchs2017_2018_m::SMK_080, cchs2003_m::SMKC_09A, cchs2005_m::SMKE_09A, cchs2015_2016_m::SMK_080, cchs2017_2018_m::SMK_080, cchs2019_2020_m::SMK_080, cchs2021_m::SMK_080, cchs2023_m::SPU_25, [SMK_09A]","ICES confirmed","cat","NA::b","4","Missing","missing","years","[7,9]","don't know (7); refusal (8); not stated (9)","Stop age (fmr daily)","When did you stop smoking daily - former daily","","3.0.0-alpha","2026-01-04","active","Migrated from production. Converted deprecated _i suffix to _m. Extended PUMF to 2019-2023 (2021_p, 2023_p need DDI confirmation).",""
"SMK_09A_B","SMK_09A_B_cat4_NAb","cat","cchs2003_p, cchs2005_p, cchs2007_2008_p, cchs2009_2010_p, cchs2011_2012_p, cchs2013_2014_p, cchs2015_2016_p, cchs2017_2018_p, cchs2009_2010_m, cchs2011_2012_m, cchs2003_m, cchs2005_m, cchs2007_2008_m, cchs2013_2014_m, cchs2015_2016_m, cchs2017_2018_m, cchs2019_2020_m, cchs2021_m, cchs2023_m, cchs2019_2020_p, cchs2021_p, cchs2022_p, cchs2023_p","cchs2003_p::SMKC_09A, cchs2005_p::SMKE_09A, cchs2015_2016_p::SMK_080, cchs2017_2018_p::SMK_080, cchs2003_m::SMKC_09A, cchs2005_m::SMKE_09A, cchs2015_2016_m::SMK_080, cchs2017_2018_m::SMK_080, cchs2003_m::SMKC_09A, cchs2005_m::SMKE_09A, cchs2015_2016_m::SMK_080, cchs2017_2018_m::SMK_080, cchs2019_2020_m::SMK_080, cchs2021_m::SMK_080, cchs2023_m::SPU_25, [SMK_09A]","ICES confirmed","cat","NA::b","4","Missing","missing","years","else","else","Stop age (fmr daily)","When did you stop smoking daily - former daily","","3.0.0-alpha","2026-01-04","active","Migrated from production. Converted deprecated _i suffix to _m. Extended PUMF to 2019-2023 (2021_p, 2023_p need DDI confirmation).",""
"SMK_09A_B","N/A","cat","cchs2022_p, cchs2022_m, cchs2019_2020_p, cchs2021_p, cchs2023_p, cchs2009_2010_m, cchs2011_2012_m, cchs2013_2014_m","DerivedVar::[SPU_25]","ICES confirmed","N/A","Func::calculate_SMK_09A_cont","N/A","N/A","N/A","years","N/A","N/A","Stop age (fmr daily)","When did you stop smoking daily - former daily","","3.0.0-alpha","2026-01-04","active","Migrated from production. Converted deprecated _i suffix to _m. Extended PUMF to 2019-2023 (2021_p, 2023_p need DDI confirmation).","No typeStart"
"SMK_09A_B","SMK_09A_B_cat4_1","cat","cchs2022_p, cchs2022_m, cchs2019_2020_p, cchs2021_p, cchs2023_p, cchs2009_2010_m, cchs2011_2012_m, cchs2013_2014_m","DerivedVar::[SPU_25]","ICES confirmed","N/A","1","N/A","<1 year","converted age - Less than one year ago","years","N/A","N/A","Stop age (fmr daily)","When did you stop smoking daily - former daily","","3.0.0-alpha","2026-01-04","active","Migrated from production. Converted deprecated _i suffix to _m. Extended PUMF to 2019-2023 (2021_p, 2023_p need DDI confirmation).","No typeStart"
"SMK_09A_B","SMK_09A_B_cat4_2","cat","cchs2022_p, cchs2022_m, cchs2019_2020_p, cchs2021_p, cchs2023_p, cchs2009_2010_m, cchs2011_2012_m, cchs2013_2014_m","DerivedVar::[SPU_25]","ICES confirmed","N/A","2","N/A","1 to <2 years","converted age - 1 year to less than 2 years ago","years","N/A","N/A","Stop age (fmr daily)","When did you stop smoking daily - former daily","","3.0.0-alpha","2026-01-04","active","Migrated from production. Converted deprecated _i suffix to _m. Extended PUMF to 2019-2023 (2021_p, 2023_p need DDI confirmation).","No typeStart"
"SMK_09A_B","SMK_09A_B_cat4_3","cat","cchs2022_p, cchs2022_m, cchs2019_2020_p, cchs2021_p, cchs2023_p, cchs2009_2010_m, cchs2011_2012_m, cchs2013_2014_m","DerivedVar::[SPU_25]","ICES confirmed","N/A","3","N/A","2 to <3 years","converted age - 2 years to less than 3 years ago","years","N/A","N/A","Stop age (fmr daily)","When did you stop smoking daily - former daily","","3.0.0-alpha","2026-01-04","active","Migrated from production. Converted deprecated _i suffix to _m. Extended PUMF to 2019-2023 (2021_p, 2023_p need DDI confirmation).","No typeStart"
"SMK_09A_B","SMK_09A_B_cat4_4","cat","cchs2022_p, cchs2022_m, cchs2019_2020_p, cchs2021_p, cchs2023_p, cchs2009_2010_m, cchs2011_2012_m, cchs2013_2014_m","DerivedVar::[SPU_25]","ICES confirmed","N/A","4","N/A","3 or more years","converted age - 3 or more years ago","years","N/A","N/A","Stop age (fmr daily)","When did you stop smoking daily - former daily","","3.0.0-alpha","2026-01-04","active","Migrated from production. Converted deprecated _i suffix to _m. Extended PUMF to 2019-2023 (2021_p, 2023_p need DDI confirmation).","No typeStart"
"SMK_09A_B","SMK_09A_B_cat4_NAa","cat","cchs2022_p, cchs2022_m, cchs2019_2020_p, cchs2021_p, cchs2023_p, cchs2009_2010_m, cchs2011_2012_m, cchs2013_2014_m","DerivedVar::[SPU_25]","ICES confirmed","N/A","NA::a","N/A","Not applicable","not applicable","years","N/A","N/A","Stop age (fmr daily)","When did you stop smoking daily - former daily","","3.0.0-alpha","2026-01-04","active","Migrated from production. Converted deprecated _i suffix to _m. Extended PUMF to 2019-2023 (2021_p, 2023_p need DDI confirmation).","No typeStart"
"SMK_09A_B","SMK_09A_B_cat4_NAb","cat","cchs2022_p, cchs2022_m, cchs2019_2020_p, cchs2021_p, cchs2023_p, cchs2009_2010_m, cchs2011_2012_m, cchs2013_2014_m","DerivedVar::[SPU_25]","ICES confirmed","N/A","NA::b","N/A","Missing","missing","years","N/A","N/A","Stop age (fmr daily)","When did you stop smoking daily - former daily","","3.0.0-alpha","2026-01-04","active","Migrated from production. Converted deprecated _i suffix to _m. Extended PUMF to 2019-2023 (2021_p, 2023_p need DDI confirmation).","No typeStart"
"SMK_09A","N/A","cont","cchs2001_m, cchs2009_2010_m, cchs2011_2012_m, cchs2013_2014_m","cchs2001_p::SMKA_09A","","cat","0.5","N/A","<1 year","converted age - Less than one year ago","years","1","Less than one year ago","Stop age (fmr daily)","When did you stop smoking daily - former daily","","3.0.0-alpha","2026-01-04","active","Master true continuous. New for v3.0.0.",""
"SMK_09A","N/A","cont","cchs2001_m, cchs2009_2010_m, cchs2011_2012_m, cchs2013_2014_m","cchs2001_p::SMKA_09A","","cat","1.5","N/A","1 to <2 years","converted age - 1 year to 2 years ago","years","2","1 year to 2 years ago","Stop age (fmr daily)","When did you stop smoking daily - former daily","","3.0.0-alpha","2026-01-04","active","Master true continuous. New for v3.0.0.",""
"SMK_09A","N/A","cont","cchs2001_m, cchs2009_2010_m, cchs2011_2012_m, cchs2013_2014_m","cchs2001_p::SMKA_09A","","cat","4","N/A","3 to 5 years","converted age - 3 years to 5 years ago","years","3","3 years to 5 years ago","Stop age (fmr daily)","When did you stop smoking daily - former daily","","3.0.0-alpha","2026-01-04","active","Master true continuous. New for v3.0.0.",""
"SMK_09A","N/A","cont","cchs2001_m, cchs2009_2010_m, cchs2011_2012_m, cchs2013_2014_m","cchs2001_p::SMKA_09A","","cat","6","N/A","> 5 years","converted age - More than 5 years ago","years","4","More than 5 years ago","Stop age (fmr daily)","When did you stop smoking daily - former daily","","3.0.0-alpha","2026-01-04","active","Master true continuous. New for v3.0.0.",""
"SMK_09A","N/A","cont","cchs2001_m, cchs2009_2010_m, cchs2011_2012_m, cchs2013_2014_m","cchs2001_p::SMKA_09A","","cat","NA::a","N/A","Not applicable","not applicable","years","6","not applicable","Stop age (fmr daily)","When did you stop smoking daily - former daily","","3.0.0-alpha","2026-01-04","active","Master true continuous. New for v3.0.0.",""
"SMK_09A","N/A","cont","cchs2001_m, cchs2009_2010_m, cchs2011_2012_m, cchs2013_2014_m","cchs2001_p::SMKA_09A","","cat","NA::b","N/A","Missing","missing","years","[7,9]","don't know (7); refusal (8); not stated (9)","Stop age (fmr daily)","When did you stop smoking daily - former daily","","3.0.0-alpha","2026-01-04","active","Master true continuous. New for v3.0.0.",""
"SMK_09A","N/A","cont","cchs2001_m, cchs2009_2010_m, cchs2011_2012_m, cchs2013_2014_m","cchs2001_p::SMKA_09A","","cat","NA::b","N/A","Missing","missing","years","else","else","Stop age (fmr daily)","When did you stop smoking daily - former daily","","3.0.0-alpha","2026-01-04","active","Master true continuous. New for v3.0.0.",""
"SMK_09A","N/A","cont","cchs2009_2010_m, cchs2011_2012_m, cchs2003_m, cchs2005_m, cchs2007_2008_m, cchs2013_2014_m, cchs2015_2016_m, cchs2017_2018_m, cchs2019_2020_m, cchs2021_m, cchs2023_m","cchs2003_p::SMKC_09A, cchs2005_p::SMKE_09A, cchs2015_2016_p::SMK_080, cchs2017_2018_p::SMK_080, [SMK_09A]","","cat","0.5","N/A","<1 year","converted age - Less than one year ago","years","1","Less than 1 year","Stop age (fmr daily)","When did you stop smoking daily - former daily","","3.0.0-alpha","2026-01-04","active","Master true continuous. New for v3.0.0.",""
"SMK_09A","N/A","cont","cchs2009_2010_m, cchs2011_2012_m, cchs2003_m, cchs2005_m, cchs2007_2008_m, cchs2013_2014_m, cchs2015_2016_m, cchs2017_2018_m, cchs2019_2020_m, cchs2021_m, cchs2023_m","cchs2003_p::SMKC_09A, cchs2005_p::SMKE_09A, cchs2015_2016_p::SMK_080, cchs2017_2018_p::SMK_080, [SMK_09A]","","cat","1.5","N/A","1 to <2 years","converted age - 1 year to less than 2 years ago","years","2","1 to <2 years","Stop age (fmr daily)","When did you stop smoking daily - former daily","","3.0.0-alpha","2026-01-04","active","Master true continuous. New for v3.0.0.",""
"SMK_09A","N/A","cont","cchs2009_2010_m, cchs2011_2012_m, cchs2003_m, cchs2005_m, cchs2007_2008_m, cchs2013_2014_m, cchs2015_2016_m, cchs2017_2018_m, cchs2019_2020_m, cchs2021_m, cchs2023_m","cchs2003_p::SMKC_09A, cchs2005_p::SMKE_09A, cchs2015_2016_p::SMK_080, cchs2017_2018_p::SMK_080, [SMK_09A]","","cat","2.5","N/A","2 to <3 years","converted age - 2 years to less than 3 years ago","years","3","2 to <3 years","Stop age (fmr daily)","When did you stop smoking daily - former daily","","3.0.0-alpha","2026-01-04","active","Master true continuous. New for v3.0.0.",""
"SMK_09A","N/A","cont","cchs2009_2010_m, cchs2011_2012_m, cchs2003_m, cchs2005_m, cchs2007_2008_m, cchs2013_2014_m, cchs2015_2016_m, cchs2017_2018_m, cchs2019_2020_m, cchs2021_m, cchs2023_m","cchs2003_p::SMKC_09A, cchs2005_p::SMKE_09A, cchs2015_2016_p::SMK_080, cchs2017_2018_p::SMK_080, [SMK_09A]","","cat","4","N/A","3 or more years","converted age - 3 or more years ago","years","4","3 years or more","Stop age (fmr daily)","When did you stop smoking daily - former daily","","3.0.0-alpha","2026-01-04","active","Master true continuous. New for v3.0.0.",""
"SMK_09A","N/A","cont","cchs2009_2010_m, cchs2011_2012_m, cchs2003_m, cchs2005_m, cchs2007_2008_m, cchs2013_2014_m, cchs2015_2016_m, cchs2017_2018_m, cchs2019_2020_m, cchs2021_m, cchs2023_m","cchs2003_p::SMKC_09A, cchs2005_p::SMKE_09A, cchs2015_2016_p::SMK_080, cchs2017_2018_p::SMK_080, [SMK_09A]","","cat","NA::a","N/A","Not applicable","not applicable","years","6","not applicable","Stop age (fmr daily)","When did you stop smoking daily - former daily","","3.0.0-alpha","2026-01-04","active","Master true continuous. New for v3.0.0.",""
"SMK_09A","N/A","cont","cchs2009_2010_m, cchs2011_2012_m, cchs2003_m, cchs2005_m, cchs2007_2008_m, cchs2013_2014_m, cchs2015_2016_m, cchs2017_2018_m, cchs2019_2020_m, cchs2021_m, cchs2023_m","cchs2003_p::SMKC_09A, cchs2005_p::SMKE_09A, cchs2015_2016_p::SMK_080, cchs2017_2018_p::SMK_080, [SMK_09A]","","cat","NA::b","N/A","Missing","missing","years","[7,9]","don't know (7); refusal (8); not stated (9)","Stop age (fmr daily)","When did you stop smoking daily - former daily","","3.0.0-alpha","2026-01-04","active","Master true continuous. New for v3.0.0.",""
"SMK_09A","N/A","cont","cchs2009_2010_m, cchs2011_2012_m, cchs2003_m, cchs2005_m, cchs2007_2008_m, cchs2013_2014_m, cchs2015_2016_m, cchs2017_2018_m, cchs2019_2020_m, cchs2021_m, cchs2023_m","cchs2003_p::SMKC_09A, cchs2005_p::SMKE_09A, cchs2015_2016_p::SMK_080, cchs2017_2018_p::SMK_080, [SMK_09A]","","cat","NA::b","N/A","Missing","missing","years","else","else","Stop age (fmr daily)","When did you stop smoking daily - former daily","","3.0.0-alpha","2026-01-04","active","Master true continuous. New for v3.0.0.",""
"SMK_09A","N/A","cont","cchs2022_m, cchs2009_2010_m, cchs2011_2012_m, cchs2013_2014_m","DerivedVar::[SPU_25]","","N/A","Func::calculate_SMK_09A_cont","N/A","N/A","N/A","years","N/A","N/A","Stop age (fmr daily)","When did you stop smoking daily - former daily","","3.0.0-alpha","2026-01-04","active","Master true continuous. New for v3.0.0.","recStart and other columns N/A"
"SMK_09A","N/A","cont","cchs2022_m, cchs2009_2010_m, cchs2011_2012_m, cchs2013_2014_m","DerivedVar::[SPU_25]","","N/A","0.5","N/A","<1 year","converted age - Less than one year ago","years","N/A","N/A","Stop age (fmr daily)","When did you stop smoking daily - former daily","","3.0.0-alpha","2026-01-04","active","Master true continuous. New for v3.0.0.","recStart and other columns N/A"
"SMK_09A","N/A","cont","cchs2022_m, cchs2009_2010_m, cchs2011_2012_m, cchs2013_2014_m","DerivedVar::[SPU_25]","","N/A","1.5","N/A","1 to <2 years","converted age - 1 year to less than 2 years ago","years","N/A","N/A","Stop age (fmr daily)","When did you stop smoking daily - former daily","","3.0.0-alpha","2026-01-04","active","Master true continuous. New for v3.0.0.","recStart and other columns N/A"
"SMK_09A","N/A","cont","cchs2022_m, cchs2009_2010_m, cchs2011_2012_m, cchs2013_2014_m","DerivedVar::[SPU_25]","","N/A","2.5","N/A","2 to <3 years","converted age - 2 years to less than 3 years ago","years","N/A","N/A","Stop age (fmr daily)","When did you stop smoking daily - former daily","","3.0.0-alpha","2026-01-04","active","Master true continuous. New for v3.0.0.","recStart and other columns N/A"
"SMK_09A","N/A","cont","cchs2022_m, cchs2009_2010_m, cchs2011_2012_m, cchs2013_2014_m","DerivedVar::[SPU_25]","","N/A","4","N/A","3 or more years","converted age - 3 or more years ago","years","N/A","N/A","Stop age (fmr daily)","When did you stop smoking daily - former daily","","3.0.0-alpha","2026-01-04","active","Master true continuous. New for v3.0.0.","recStart and other columns N/A"
"SMK_09A","N/A","cont","cchs2022_m, cchs2009_2010_m, cchs2011_2012_m, cchs2013_2014_m","DerivedVar::[SPU_25]","","N/A","NA::a","N/A","Not applicable","not applicable","years","N/A","N/A","Stop age (fmr daily)","When did you stop smoking daily - former daily","","3.0.0-alpha","2026-01-04","active","Master true continuous. New for v3.0.0.","recStart and other columns N/A"
"SMK_09A","N/A","cont","cchs2022_m, cchs2009_2010_m, cchs2011_2012_m, cchs2013_2014_m","DerivedVar::[SPU_25]","","N/A","NA::b","N/A","Missing","missing","years","N/A","N/A","Stop age (fmr daily)","When did you stop smoking daily - former daily","","3.0.0-alpha","2026-01-04","active","Master true continuous. New for v3.0.0.","recStart and other columns N/A"
"SMK_06C","N/A","cont","cchs2009_2010_m, cchs2011_2012_m, cchs2003_m, cchs2005_m, cchs2007_2008_m, cchs2013_2014_m","[SMK_06C]","","cat","1","3","3 to 5 years","3 to 5 years","years","[3,6)","3 to 5 years","Yrs quit (fmr occ)","Years since stopped smoking daily - never daily","","3.0.0-alpha","2026-01-04","active","Master true continuous. New for v3.0.0.",""
"SMK_06C","N/A","cont","cchs2009_2010_m, cchs2011_2012_m, cchs2003_m, cchs2005_m, cchs2007_2008_m, cchs2013_2014_m","[SMK_06C]","","cat","2","3","6 to 10 years","6 to 10 years","years","[6,11)","6 to 10 years","Yrs quit (fmr occ)","Years since stopped smoking daily - never daily","","3.0.0-alpha","2026-01-04","active","Master true continuous. New for v3.0.0.",""
"SMK_06C","N/A","cont","cchs2009_2010_m, cchs2011_2012_m, cchs2003_m, cchs2005_m, cchs2007_2008_m, cchs2013_2014_m","[SMK_06C]","","cat","3","3","11+ years","11 or more years","years","[11,82]","11 or more years","Yrs quit (fmr occ)","Years since stopped smoking daily - never daily","","3.0.0-alpha","2026-01-04","active","Master true continuous. New for v3.0.0.",""
"SMK_06C","N/A","cont","cchs2009_2010_m, cchs2011_2012_m, cchs2003_m, cchs2005_m, cchs2007_2008_m, cchs2013_2014_m","[SMK_06C]","","cat","NA::a","3","Not applicable","not applicable","years","996","not applicable","Yrs quit (fmr occ)","Years since stopped smoking daily - never daily","","3.0.0-alpha","2026-01-04","active","Master true continuous. New for v3.0.0.",""
"SMK_06C","N/A","cont","cchs2009_2010_m, cchs2011_2012_m, cchs2003_m, cchs2005_m, cchs2007_2008_m, cchs2013_2014_m","[SMK_06C]","","cat","NA::b","3","Missing","missing","years","[997,999]","don't know (997); refusal (998); not stated (999)","Yrs quit (fmr occ)","Years since stopped smoking daily - never daily","","3.0.0-alpha","2026-01-04","active","Master true continuous. New for v3.0.0.",""
"SMK_06C","N/A","cont","cchs2009_2010_m, cchs2011_2012_m, cchs2003_m, cchs2005_m, cchs2007_2008_m, cchs2013_2014_m","[SMK_06C]","","cat","NA::b","3","Missing","missing","years","else","else","Yrs quit (fmr occ)","Years since stopped smoking daily - never daily","","3.0.0-alpha","2026-01-04","active","Master true continuous. New for v3.0.0.",""
"SMK_09C","N/A","cont","cchs2022_m, cchs2009_2010_m, cchs2011_2012_m, cchs2013_2014_m","DerivedVar::[SPU_25]","ICES altered","cat","Func::calculate_SMK_09A_cont","N/A","N/A","N/A","years","N/A","N/A","Yrs quit (fmr daily)","Years since stopped smoking daily - former daily","","3.0.0-alpha","2026-01-04","active","Master true continuous. New for v3.0.0.",""
"SMK_09C","N/A","cont","cchs2022_m, cchs2009_2010_m, cchs2011_2012_m, cchs2013_2014_m","DerivedVar::[SPU_25]","ICES altered","cat","1","3","3 to 5 years","converted years - 3 to 5 years","years","N/A","N/A","Yrs quit (fmr daily)","Years since stopped smoking daily - former daily","","3.0.0-alpha","2026-01-04","active","Master true continuous. New for v3.0.0.",""
"SMK_09C","N/A","cont","cchs2022_m, cchs2009_2010_m, cchs2011_2012_m, cchs2013_2014_m","DerivedVar::[SPU_25]","ICES altered","cat","2","3","6 to 10 years","converted years - 6 to 10 years","years","N/A","N/A","Yrs quit (fmr daily)","Years since stopped smoking daily - former daily","","3.0.0-alpha","2026-01-04","active","Master true continuous. New for v3.0.0.",""
"SMK_09C","N/A","cont","cchs2022_m, cchs2009_2010_m, cchs2011_2012_m, cchs2013_2014_m","DerivedVar::[SPU_25]","ICES altered","cat","3","3","11+ years","converted years - 11 or more years","years","N/A","N/A","Yrs quit (fmr daily)","Years since stopped smoking daily - former daily","","3.0.0-alpha","2026-01-04","active","Master true continuous. New for v3.0.0.",""
"SMK_09C","N/A","cont","cchs2022_m, cchs2009_2010_m, cchs2011_2012_m, cchs2013_2014_m","DerivedVar::[SPU_25]","ICES altered","cat","NA::a","3","Not applicable","not applicable","years","N/A","N/A","Yrs quit (fmr daily)","Years since stopped smoking daily - former daily","","3.0.0-alpha","2026-01-04","active","Master true continuous. New for v3.0.0.",""
"SMK_09C","N/A","cont","cchs2022_m, cchs2009_2010_m, cchs2011_2012_m, cchs2013_2014_m","DerivedVar::[SPU_25]","ICES altered","cat","NA::b","3","Missing","missing","years","N/A","N/A","Yrs quit (fmr daily)","Years since stopped smoking daily - former daily","","3.0.0-alpha","2026-01-04","active","Master true continuous. New for v3.0.0.",""
"SMK_09C","N/A","cont","cchs2009_2010_m, cchs2011_2012_m, cchs2003_m, cchs2005_m, cchs2007_2008_m, cchs2013_2014_m, cchs2015_2016_m, cchs2017_2018_m, cchs2019_2020_m, cchs2021_m","[SMK_09C]","ICES altered","cat","1","3","3 to 5 years","3 to 5 years","years","[3,6)","3 to 5 years","Yrs quit (fmr daily)","Years since stopped smoking daily - former daily","","3.0.0-alpha","2026-01-04","active","Master true continuous. New for v3.0.0.",""
"SMK_09C","N/A","cont","cchs2009_2010_m, cchs2011_2012_m, cchs2003_m, cchs2005_m, cchs2007_2008_m, cchs2013_2014_m, cchs2015_2016_m, cchs2017_2018_m, cchs2019_2020_m, cchs2021_m","[SMK_09C]","ICES altered","cat","2","3","6 to 10 years","6 to 10 years","years","[6,11)","6 to 10 years","Yrs quit (fmr daily)","Years since stopped smoking daily - former daily","","3.0.0-alpha","2026-01-04","active","Master true continuous. New for v3.0.0.",""
"SMK_09C","N/A","cont","cchs2009_2010_m, cchs2011_2012_m, cchs2003_m, cchs2005_m, cchs2007_2008_m, cchs2013_2014_m, cchs2015_2016_m, cchs2017_2018_m, cchs2019_2020_m, cchs2021_m","[SMK_09C]","ICES altered","cat","3","3","11+ years","11 or more years","years","[11,82]","11 or more years","Yrs quit (fmr daily)","Years since stopped smoking daily - former daily","","3.0.0-alpha","2026-01-04","active","Master true continuous. New for v3.0.0.",""
"SMK_09C","N/A","cont","cchs2009_2010_m, cchs2011_2012_m, cchs2003_m, cchs2005_m, cchs2007_2008_m, cchs2013_2014_m, cchs2015_2016_m, cchs2017_2018_m, cchs2019_2020_m, cchs2021_m","[SMK_09C]","ICES altered","cat","NA::a","3","Not applicable","not applicable","years","996","not applicable","Yrs quit (fmr daily)","Years since stopped smoking daily - former daily","","3.0.0-alpha","2026-01-04","active","Master true continuous. New for v3.0.0.",""
"SMK_09C","N/A","cont","cchs2009_2010_m, cchs2011_2012_m, cchs2003_m, cchs2005_m, cchs2007_2008_m, cchs2013_2014_m, cchs2015_2016_m, cchs2017_2018_m, cchs2019_2020_m, cchs2021_m","[SMK_09C]","ICES altered","cat","NA::b","3","Missing","missing","years","[997,999]","don't know (997); refusal (998); not stated (999)","Yrs quit (fmr daily)","Years since stopped smoking daily - former daily","","3.0.0-alpha","2026-01-04","active","Master true continuous. New for v3.0.0.",""
"SMK_09C","N/A","cont","cchs2009_2010_m, cchs2011_2012_m, cchs2003_m, cchs2005_m, cchs2007_2008_m, cchs2013_2014_m, cchs2015_2016_m, cchs2017_2018_m, cchs2019_2020_m, cchs2021_m","[SMK_09C]","ICES altered","cat","NA::b","3","Missing","missing","years","else","else","Yrs quit (fmr daily)","Years since stopped smoking daily - former daily","","3.0.0-alpha","2026-01-04","active","Master true continuous. New for v3.0.0.",""
"SMK_09C","N/A","cont","cchs2022_m, cchs2009_2010_m, cchs2011_2012_m, cchs2013_2014_m","DerivedVar::[SPU_25]","ICES altered","cat","Func::calculate_SMK_09A_cont","N/A","N/A","N/A","years","N/A","N/A","Yrs quit (fmr daily)","Years since stopped smoking daily - former daily","","3.0.0-alpha","2026-01-04","active","Master true continuous. New for v3.0.0.",""
"SMK_09C","N/A","cont","cchs2022_m, cchs2009_2010_m, cchs2011_2012_m, cchs2013_2014_m","DerivedVar::[SPU_25]","ICES altered","cat","1","3","3 to 5 years","converted years - 3 to 5 years","years","N/A","N/A","Yrs quit (fmr daily)","Years since stopped smoking daily - former daily","","3.0.0-alpha","2026-01-04","active","Master true continuous. New for v3.0.0.",""
"SMK_09C","N/A","cont","cchs2022_m, cchs2009_2010_m, cchs2011_2012_m, cchs2013_2014_m","DerivedVar::[SPU_25]","ICES altered","cat","2","3","6 to 10 years","converted years - 6 to 10 years","years","N/A","N/A","Yrs quit (fmr daily)","Years since stopped smoking daily - former daily","","3.0.0-alpha","2026-01-04","active","Master true continuous. New for v3.0.0.",""
"SMK_09C","N/A","cont","cchs2022_m, cchs2009_2010_m, cchs2011_2012_m, cchs2013_2014_m","DerivedVar::[SPU_25]","ICES altered","cat","3","3","11+ years","converted years - 11 or more years","years","N/A","N/A","Yrs quit (fmr daily)","Years since stopped smoking daily - former daily","","3.0.0-alpha","2026-01-04","active","Master true continuous. New for v3.0.0.",""
"SMK_09C","N/A","cont","cchs2022_m, cchs2009_2010_m, cchs2011_2012_m, cchs2013_2014_m","DerivedVar::[SPU_25]","ICES altered","cat","NA::a","3","Not applicable","not applicable","years","N/A","N/A","Yrs quit (fmr daily)","Years since stopped smoking daily - former daily","","3.0.0-alpha","2026-01-04","active","Master true continuous. New for v3.0.0.",""
"SMK_09C","N/A","cont","cchs2022_m, cchs2009_2010_m, cchs2011_2012_m, cchs2013_2014_m","DerivedVar::[SPU_25]","ICES altered","cat","NA::b","3","Missing","missing","years","N/A","N/A","Yrs quit (fmr daily)","Years since stopped smoking daily - former daily","","3.0.0-alpha","2026-01-04","active","Master true continuous. New for v3.0.0.",""
"SMK_09C","N/A","cont","cchs2009_2010_m, cchs2011_2012_m, cchs2003_m, cchs2005_m, cchs2007_2008_m, cchs2013_2014_m, cchs2015_2016_m, cchs2017_2018_m, cchs2019_2020_m, cchs2021_m","[SMK_09C]","ICES altered","cat","1","3","3 to 5 years","3 to 5 years","years","[3,6)","3 to 5 years","Yrs quit (fmr daily)","Years since stopped smoking daily - former daily","","3.0.0-alpha","2026-01-04","active","Master true continuous. New for v3.0.0.",""
"SMK_09C","N/A","cont","cchs2009_2010_m, cchs2011_2012_m, cchs2003_m, cchs2005_m, cchs2007_2008_m, cchs2013_2014_m, cchs2015_2016_m, cchs2017_2018_m, cchs2019_2020_m, cchs2021_m","[SMK_09C]","ICES altered","cat","2","3","6 to 10 years","6 to 10 years","years","[6,11)","6 to 10 years","Yrs quit (fmr daily)","Years since stopped smoking daily - former daily","","3.0.0-alpha","2026-01-04","active","Master true continuous. New for v3.0.0.",""
"SMK_09C","N/A","cont","cchs2009_2010_m, cchs2011_2012_m, cchs2003_m, cchs2005_m, cchs2007_2008_m, cchs2013_2014_m, cchs2015_2016_m, cchs2017_2018_m, cchs2019_2020_m, cchs2021_m","[SMK_09C]","ICES altered","cat","3","3","11+ years","11 or more years","years","[11,82]","11 or more years","Yrs quit (fmr daily)","Years since stopped smoking daily - former daily","","3.0.0-alpha","2026-01-04","active","Master true continuous. New for v3.0.0.",""
"SMK_09C","N/A","cont","cchs2009_2010_m, cchs2011_2012_m, cchs2003_m, cchs2005_m, cchs2007_2008_m, cchs2013_2014_m, cchs2015_2016_m, cchs2017_2018_m, cchs2019_2020_m, cchs2021_m","[SMK_09C]","ICES altered","cat","NA::a","3","Not applicable","not applicable","years","996","not applicable","Yrs quit (fmr daily)","Years since stopped smoking daily - former daily","","3.0.0-alpha","2026-01-04","active","Master true continuous. New for v3.0.0.",""
"SMK_09C","N/A","cont","cchs2009_2010_m, cchs2011_2012_m, cchs2003_m, cchs2005_m, cchs2007_2008_m, cchs2013_2014_m, cchs2015_2016_m, cchs2017_2018_m, cchs2019_2020_m, cchs2021_m","[SMK_09C]","ICES altered","cat","NA::b","3","Missing","missing","years","[997,999]","don't know (997); refusal (998); not stated (999)","Yrs quit (fmr daily)","Years since stopped smoking daily - former daily","","3.0.0-alpha","2026-01-04","active","Master true continuous. New for v3.0.0.",""
"SMK_09C","N/A","cont","cchs2009_2010_m, cchs2011_2012_m, cchs2003_m, cchs2005_m, cchs2007_2008_m, cchs2013_2014_m, cchs2015_2016_m, cchs2017_2018_m, cchs2019_2020_m, cchs2021_m","[SMK_09C]","ICES altered","cat","NA::b","3","Missing","missing","years","else","else","Yrs quit (fmr daily)","Years since stopped smoking daily - former daily","","3.0.0-alpha","2026-01-04","active","Master true continuous. New for v3.0.0.",""
"SMK_09A_cont","N/A","cont","cchs2001_p, cchs2001_m, cchs2019_2020_p, cchs2021_p, cchs2022_p, cchs2023_p, cchs2009_2010_m, cchs2011_2012_m, cchs2013_2014_m","cchs2001_p::SMKA_09A","","cat","0.5","N/A","<1 year","converted age - Less than one year ago","years","1","Less than one year ago","Stop age (fmr daily)","When did you stop smoking daily - former daily","","3.0.0-alpha","2026-01-04","active","Restored from inst/extdata. Has both PUMF and Master. Extended PUMF to 2019-2023 (2021_p, 2023_p need DDI confirmation).",""
"SMK_09A_cont","N/A","cont","cchs2001_p, cchs2001_m, cchs2019_2020_p, cchs2021_p, cchs2022_p, cchs2023_p, cchs2009_2010_m, cchs2011_2012_m, cchs2013_2014_m","cchs2001_p::SMKA_09A","","cat","1.5","N/A","1 to <2 years","converted age - 1 year to 2 years ago","years","2","1 year to 2 years ago","Stop age (fmr daily)","When did you stop smoking daily - former daily","","3.0.0-alpha","2026-01-04","active","Restored from inst/extdata. Has both PUMF and Master. Extended PUMF to 2019-2023 (2021_p, 2023_p need DDI confirmation).",""
"SMK_09A_cont","N/A","cont","cchs2001_p, cchs2001_m, cchs2019_2020_p, cchs2021_p, cchs2022_p, cchs2023_p, cchs2009_2010_m, cchs2011_2012_m, cchs2013_2014_m","cchs2001_p::SMKA_09A","","cat","4","N/A","3 to 5 years","converted age - 3 years to 5 years ago","years","3","3 years to 5 years ago","Stop age (fmr daily)","When did you stop smoking daily - former daily","","3.0.0-alpha","2026-01-04","active","Restored from inst/extdata. Has both PUMF and Master. Extended PUMF to 2019-2023 (2021_p, 2023_p need DDI confirmation).",""
"SMK_09A_cont","N/A","cont","cchs2001_p, cchs2001_m, cchs2019_2020_p, cchs2021_p, cchs2022_p, cchs2023_p, cchs2009_2010_m, cchs2011_2012_m, cchs2013_2014_m","cchs2001_p::SMKA_09A","","cat","6","N/A","> 5 years","converted age - More than 5 years ago","years","4","More than 5 years ago","Stop age (fmr daily)","When did you stop smoking daily - former daily","","3.0.0-alpha","2026-01-04","active","Restored from inst/extdata. Has both PUMF and Master. Extended PUMF to 2019-2023 (2021_p, 2023_p need DDI confirmation).",""
"SMK_09A_cont","N/A","cont","cchs2001_p, cchs2001_m, cchs2019_2020_p, cchs2021_p, cchs2022_p, cchs2023_p, cchs2009_2010_m, cchs2011_2012_m, cchs2013_2014_m","cchs2001_p::SMKA_09A","","cat","NA::a","N/A","Not applicable","not applicable","years","6","not applicable","Stop age (fmr daily)","When did you stop smoking daily - former daily","","3.0.0-alpha","2026-01-04","active","Restored from inst/extdata. Has both PUMF and Master. Extended PUMF to 2019-2023 (2021_p, 2023_p need DDI confirmation).",""
"SMK_09A_cont","N/A","cont","cchs2001_p, cchs2001_m, cchs2019_2020_p, cchs2021_p, cchs2022_p, cchs2023_p, cchs2009_2010_m, cchs2011_2012_m, cchs2013_2014_m","cchs2001_p::SMKA_09A","","cat","NA::b","N/A","Missing","missing","years","[7,9]","don't know (7); refusal (8); not stated (9)","Stop age (fmr daily)","When did you stop smoking daily - former daily","","3.0.0-alpha","2026-01-04","active","Restored from inst/extdata. Has both PUMF and Master. Extended PUMF to 2019-2023 (2021_p, 2023_p need DDI confirmation).",""
"SMK_09A_cont","N/A","cont","cchs2001_p, cchs2001_m, cchs2019_2020_p, cchs2021_p, cchs2022_p, cchs2023_p, cchs2009_2010_m, cchs2011_2012_m, cchs2013_2014_m","cchs2001_p::SMKA_09A","","cat","NA::b","N/A","Missing","missing","years","else","else","Stop age (fmr daily)","When did you stop smoking daily - former daily","","3.0.0-alpha","2026-01-04","active","Restored from inst/extdata. Has both PUMF and Master. Extended PUMF to 2019-2023 (2021_p, 2023_p need DDI confirmation).",""
"SMK_09A_cont","N/A","cont","cchs2003_p, cchs2005_p, cchs2007_2008_p, cchs2009_2010_p, cchs2011_2012_p, cchs2013_2014_p, cchs2015_2016_p, cchs2017_2018_p, cchs2009_2010_m, cchs2011_2012_m, cchs2003_m, cchs2005_m, cchs2007_2008_m, cchs2013_2014_m, cchs2015_2016_m, cchs2017_2018_m, cchs2019_2020_m, cchs2021_m, cchs2023_m, cchs2019_2020_p, cchs2021_p, cchs2022_p, cchs2023_p","cchs2003_p::SMKC_09A, cchs2005_p::SMKE_09A, cchs2015_2016_p::SMK_080, cchs2017_2018_p::SMK_080, [SMK_09A]","","cat","0.5","N/A","<1 year","converted age - Less than one year ago","years","1","Less than 1 year","Stop age (fmr daily)","When did you stop smoking daily - former daily","","3.0.0-alpha","2026-01-04","active","Restored from inst/extdata. Has both PUMF and Master. Extended PUMF to 2019-2023 (2021_p, 2023_p need DDI confirmation).",""
"SMK_09A_cont","N/A","cont","cchs2003_p, cchs2005_p, cchs2007_2008_p, cchs2009_2010_p, cchs2011_2012_p, cchs2013_2014_p, cchs2015_2016_p, cchs2017_2018_p, cchs2009_2010_m, cchs2011_2012_m, cchs2003_m, cchs2005_m, cchs2007_2008_m, cchs2013_2014_m, cchs2015_2016_m, cchs2017_2018_m, cchs2019_2020_m, cchs2021_m, cchs2023_m, cchs2019_2020_p, cchs2021_p, cchs2022_p, cchs2023_p","cchs2003_p::SMKC_09A, cchs2005_p::SMKE_09A, cchs2015_2016_p::SMK_080, cchs2017_2018_p::SMK_080, [SMK_09A]","","cat","1.5","N/A","1 to <2 years","converted age - 1 year to less than 2 years ago","years","2","1 to <2 years","Stop age (fmr daily)","When did you stop smoking daily - former daily","","3.0.0-alpha","2026-01-04","active","Restored from inst/extdata. Has both PUMF and Master. Extended PUMF to 2019-2023 (2021_p, 2023_p need DDI confirmation).",""
"SMK_09A_cont","N/A","cont","cchs2003_p, cchs2005_p, cchs2007_2008_p, cchs2009_2010_p, cchs2011_2012_p, cchs2013_2014_p, cchs2015_2016_p, cchs2017_2018_p, cchs2009_2010_m, cchs2011_2012_m, cchs2003_m, cchs2005_m, cchs2007_2008_m, cchs2013_2014_m, cchs2015_2016_m, cchs2017_2018_m, cchs2019_2020_m, cchs2021_m, cchs2023_m, cchs2019_2020_p, cchs2021_p, cchs2022_p, cchs2023_p","cchs2003_p::SMKC_09A, cchs2005_p::SMKE_09A, cchs2015_2016_p::SMK_080, cchs2017_2018_p::SMK_080, [SMK_09A]","","cat","2.5","N/A","2 to <3 years","converted age - 2 years to less than 3 years ago","years","3","2 to <3 years","Stop age (fmr daily)","When did you stop smoking daily - former daily","","3.0.0-alpha","2026-01-04","active","Restored from inst/extdata. Has both PUMF and Master. Extended PUMF to 2019-2023 (2021_p, 2023_p need DDI confirmation).",""
"SMK_09A_cont","N/A","cont","cchs2003_p, cchs2005_p, cchs2007_2008_p, cchs2009_2010_p, cchs2011_2012_p, cchs2013_2014_p, cchs2015_2016_p, cchs2017_2018_p, cchs2009_2010_m, cchs2011_2012_m, cchs2003_m, cchs2005_m, cchs2007_2008_m, cchs2013_2014_m, cchs2015_2016_m, cchs2017_2018_m, cchs2019_2020_m, cchs2021_m, cchs2023_m, cchs2019_2020_p, cchs2021_p, cchs2022_p, cchs2023_p","cchs2003_p::SMKC_09A, cchs2005_p::SMKE_09A, cchs2015_2016_p::SMK_080, cchs2017_2018_p::SMK_080, [SMK_09A]","","cat","4","N/A","3 or more years","converted age - 3 or more years ago","years","4","3 years or more","Stop age (fmr daily)","When did you stop smoking daily - former daily","","3.0.0-alpha","2026-01-04","active","Restored from inst/extdata. Has both PUMF and Master. Extended PUMF to 2019-2023 (2021_p, 2023_p need DDI confirmation).",""
"SMK_09A_cont","N/A","cont","cchs2003_p, cchs2005_p, cchs2007_2008_p, cchs2009_2010_p, cchs2011_2012_p, cchs2013_2014_p, cchs2015_2016_p, cchs2017_2018_p, cchs2009_2010_m, cchs2011_2012_m, cchs2003_m, cchs2005_m, cchs2007_2008_m, cchs2013_2014_m, cchs2015_2016_m, cchs2017_2018_m, cchs2019_2020_m, cchs2021_m, cchs2023_m, cchs2019_2020_p, cchs2021_p, cchs2022_p, cchs2023_p","cchs2003_p::SMKC_09A, cchs2005_p::SMKE_09A, cchs2015_2016_p::SMK_080, cchs2017_2018_p::SMK_080, [SMK_09A]","","cat","NA::a","N/A","Not applicable","not applicable","years","6","not applicable","Stop age (fmr daily)","When did you stop smoking daily - former daily","","3.0.0-alpha","2026-01-04","active","Restored from inst/extdata. Has both PUMF and Master. Extended PUMF to 2019-2023 (2021_p, 2023_p need DDI confirmation).",""
"SMK_09A_cont","N/A","cont","cchs2003_p, cchs2005_p, cchs2007_2008_p, cchs2009_2010_p, cchs2011_2012_p, cchs2013_2014_p, cchs2015_2016_p, cchs2017_2018_p, cchs2009_2010_m, cchs2011_2012_m, cchs2003_m, cchs2005_m, cchs2007_2008_m, cchs2013_2014_m, cchs2015_2016_m, cchs2017_2018_m, cchs2019_2020_m, cchs2021_m, cchs2023_m, cchs2019_2020_p, cchs2021_p, cchs2022_p, cchs2023_p","cchs2003_p::SMKC_09A, cchs2005_p::SMKE_09A, cchs2015_2016_p::SMK_080, cchs2017_2018_p::SMK_080, [SMK_09A]","","cat","NA::b","N/A","Missing","missing","years","[7,9]","don't know (7); refusal (8); not stated (9)","Stop age (fmr daily)","When did you stop smoking daily - former daily","","3.0.0-alpha","2026-01-04","active","Restored from inst/extdata. Has both PUMF and Master. Extended PUMF to 2019-2023 (2021_p, 2023_p need DDI confirmation).",""
"SMK_09A_cont","N/A","cont","cchs2003_p, cchs2005_p, cchs2007_2008_p, cchs2009_2010_p, cchs2011_2012_p, cchs2013_2014_p, cchs2015_2016_p, cchs2017_2018_p, cchs2009_2010_m, cchs2011_2012_m, cchs2003_m, cchs2005_m, cchs2007_2008_m, cchs2013_2014_m, cchs2015_2016_m, cchs2017_2018_m, cchs2019_2020_m, cchs2021_m, cchs2023_m, cchs2019_2020_p, cchs2021_p, cchs2022_p, cchs2023_p","cchs2003_p::SMKC_09A, cchs2005_p::SMKE_09A, cchs2015_2016_p::SMK_080, cchs2017_2018_p::SMK_080, [SMK_09A]","","cat","NA::b","N/A","Missing","missing","years","else","else","Stop age (fmr daily)","When did you stop smoking daily - former daily","","3.0.0-alpha","2026-01-04","active","Restored from inst/extdata. Has both PUMF and Master. Extended PUMF to 2019-2023 (2021_p, 2023_p need DDI confirmation).",""
"SMK_09A_cont","N/A","cont","cchs2022_m, cchs2009_2010_m, cchs2011_2012_m, cchs2013_2014_m","DerivedVar::[SPU_25]","","N/A","Func::calculate_SMK_09A_cont","N/A","N/A","N/A","years","N/A","N/A","Stop age (fmr daily)","When did you stop smoking daily - former daily","","3.0.0-alpha","2026-01-04","active","Restored from inst/extdata. Has both PUMF and Master.","recStart and other columns N/A"
"SMK_09A_cont","N/A","cont","cchs2022_m, cchs2009_2010_m, cchs2011_2012_m, cchs2013_2014_m","DerivedVar::[SPU_25]","","N/A","0.5","N/A","<1 year","converted age - Less than one year ago","years","N/A","N/A","Stop age (fmr daily)","When did you stop smoking daily - former daily","","3.0.0-alpha","2026-01-04","active","Restored from inst/extdata. Has both PUMF and Master.","recStart and other columns N/A"
"SMK_09A_cont","N/A","cont","cchs2022_m, cchs2009_2010_m, cchs2011_2012_m, cchs2013_2014_m","DerivedVar::[SPU_25]","","N/A","1.5","N/A","1 to <2 years","converted age - 1 year to less than 2 years ago","years","N/A","N/A","Stop age (fmr daily)","When did you stop smoking daily - former daily","","3.0.0-alpha","2026-01-04","active","Restored from inst/extdata. Has both PUMF and Master.","recStart and other columns N/A"
"SMK_09A_cont","N/A","cont","cchs2022_m, cchs2009_2010_m, cchs2011_2012_m, cchs2013_2014_m","DerivedVar::[SPU_25]","","N/A","2.5","N/A","2 to <3 years","converted age - 2 years to less than 3 years ago","years","N/A","N/A","Stop age (fmr daily)","When did you stop smoking daily - former daily","","3.0.0-alpha","2026-01-04","active","Restored from inst/extdata. Has both PUMF and Master.","recStart and other columns N/A"
"SMK_09A_cont","N/A","cont","cchs2022_m, cchs2009_2010_m, cchs2011_2012_m, cchs2013_2014_m","DerivedVar::[SPU_25]","","N/A","4","N/A","3 or more years","converted age - 3 or more years ago","years","N/A","N/A","Stop age (fmr daily)","When did you stop smoking daily - former daily","","3.0.0-alpha","2026-01-04","active","Restored from inst/extdata. Has both PUMF and Master.","recStart and other columns N/A"
"SMK_09A_cont","N/A","cont","cchs2022_m, cchs2009_2010_m, cchs2011_2012_m, cchs2013_2014_m","DerivedVar::[SPU_25]","","N/A","NA::a","N/A","Not applicable","not applicable","years","N/A","N/A","Stop age (fmr daily)","When did you stop smoking daily - former daily","","3.0.0-alpha","2026-01-04","active","Restored from inst/extdata. Has both PUMF and Master.","recStart and other columns N/A"
"SMK_09A_cont","N/A","cont","cchs2022_m, cchs2009_2010_m, cchs2011_2012_m, cchs2013_2014_m","DerivedVar::[SPU_25]","","N/A","NA::b","N/A","Missing","missing","years","N/A","N/A","Stop age (fmr daily)","When did you stop smoking daily - former daily","","3.0.0-alpha","2026-01-04","active","Restored from inst/extdata. Has both PUMF and Master.","recStart and other columns N/A"
"SMKG06C","SMKG06C_cat3_1","cat","cchs2003_p, cchs2005_p, cchs2007_2008_p, cchs2009_2010_p, cchs2011_2012_p, cchs2013_2014_p, cchs2019_2020_p, cchs2021_p, cchs2022_p, cchs2023_p","cchs2003_p::SMKCG06C, cchs2005_p::SMKEG06C, [SMKG06C]","","cat","1","3","3 to 5 years","3 to 5 years","years","1","3 to 5 years","Yrs quit (fmr occ)","Years since stopped smoking daily - never daily","","3.0.0-alpha","2026-01-04","active","Restored from inst/extdata. Has both PUMF and Master. Extended PUMF to 2019-2023 (2021_p, 2023_p need DDI confirmation).",""
"SMKG06C","SMKG06C_cat3_2","cat","cchs2003_p, cchs2005_p, cchs2007_2008_p, cchs2009_2010_p, cchs2011_2012_p, cchs2013_2014_p, cchs2019_2020_p, cchs2021_p, cchs2022_p, cchs2023_p","cchs2003_p::SMKCG06C, cchs2005_p::SMKEG06C, [SMKG06C]","","cat","2","3","6 to 10 years","6 to 10 years","years","2","6 to 10 years","Yrs quit (fmr occ)","Years since stopped smoking daily - never daily","","3.0.0-alpha","2026-01-04","active","Restored from inst/extdata. Has both PUMF and Master. Extended PUMF to 2019-2023 (2021_p, 2023_p need DDI confirmation).",""
"SMKG06C","SMKG06C_cat3_3","cat","cchs2003_p, cchs2005_p, cchs2007_2008_p, cchs2009_2010_p, cchs2011_2012_p, cchs2013_2014_p, cchs2019_2020_p, cchs2021_p, cchs2022_p, cchs2023_p","cchs2003_p::SMKCG06C, cchs2005_p::SMKEG06C, [SMKG06C]","","cat","3","3","11+ years","11 or more years","years","3","11 or more years","Yrs quit (fmr occ)","Years since stopped smoking daily - never daily","","3.0.0-alpha","2026-01-04","active","Restored from inst/extdata. Has both PUMF and Master. Extended PUMF to 2019-2023 (2021_p, 2023_p need DDI confirmation).",""
"SMKG06C","SMKG06C_cat3_NAa","cat","cchs2003_p, cchs2005_p, cchs2007_2008_p, cchs2009_2010_p, cchs2011_2012_p, cchs2013_2014_p, cchs2019_2020_p, cchs2021_p, cchs2022_p, cchs2023_p","cchs2003_p::SMKCG06C, cchs2005_p::SMKEG06C, [SMKG06C]","","cat","NA::a","3","Not applicable","not applicable","years","6","not applicable","Yrs quit (fmr occ)","Years since stopped smoking daily - never daily","","3.0.0-alpha","2026-01-04","active","Restored from inst/extdata. Has both PUMF and Master. Extended PUMF to 2019-2023 (2021_p, 2023_p need DDI confirmation).",""
"SMKG06C","SMKG06C_cat3_NAb","cat","cchs2003_p, cchs2005_p, cchs2007_2008_p, cchs2009_2010_p, cchs2011_2012_p, cchs2013_2014_p, cchs2019_2020_p, cchs2021_p, cchs2022_p, cchs2023_p","cchs2003_p::SMKCG06C, cchs2005_p::SMKEG06C, [SMKG06C]","","cat","NA::b","3","Missing","missing","years","[7,9]","don't know (7); refusal (8); not stated (9)","Yrs quit (fmr occ)","Years since stopped smoking daily - never daily","","3.0.0-alpha","2026-01-04","active","Restored from inst/extdata. Has both PUMF and Master. Extended PUMF to 2019-2023 (2021_p, 2023_p need DDI confirmation).",""
"SMKG06C","SMKG06C_cat3_NAb","cat","cchs2003_p, cchs2005_p, cchs2007_2008_p, cchs2009_2010_p, cchs2011_2012_p, cchs2013_2014_p, cchs2019_2020_p, cchs2021_p, cchs2022_p, cchs2023_p","cchs2003_p::SMKCG06C, cchs2005_p::SMKEG06C, [SMKG06C]","","cat","NA::b","3","Missing","missing","years","else","else","Yrs quit (fmr occ)","Years since stopped smoking daily - never daily","","3.0.0-alpha","2026-01-04","active","Restored from inst/extdata. Has both PUMF and Master. Extended PUMF to 2019-2023 (2021_p, 2023_p need DDI confirmation).",""
"SMKG06C","SMKG06C_cat3_1","cat","cchs2009_2010_m, cchs2011_2012_m, cchs2003_m, cchs2005_m, cchs2007_2008_m, cchs2013_2014_m","[SMK_06C]","","cat","1","3","3 to 5 years","3 to 5 years","years","[3,6)","3 to 5 years","Yrs quit (fmr occ)","Years since stopped smoking daily - never daily","","3.0.0-alpha","2026-01-04","active","Restored from inst/extdata. Has both PUMF and Master.",""
"SMKG06C","SMKG06C_cat3_2","cat","cchs2009_2010_m, cchs2011_2012_m, cchs2003_m, cchs2005_m, cchs2007_2008_m, cchs2013_2014_m","[SMK_06C]","","cat","2","3","6 to 10 years","6 to 10 years","years","[6,11)","6 to 10 years","Yrs quit (fmr occ)","Years since stopped smoking daily - never daily","","3.0.0-alpha","2026-01-04","active","Restored from inst/extdata. Has both PUMF and Master.",""
"SMKG06C","SMKG06C_cat3_3","cat","cchs2009_2010_m, cchs2011_2012_m, cchs2003_m, cchs2005_m, cchs2007_2008_m, cchs2013_2014_m","[SMK_06C]","","cat","3","3","11+ years","11 or more years","years","[11,82]","11 or more years","Yrs quit (fmr occ)","Years since stopped smoking daily - never daily","","3.0.0-alpha","2026-01-04","active","Restored from inst/extdata. Has both PUMF and Master.",""
"SMKG06C","SMKG06C_cat3_NAa","cat","cchs2009_2010_m, cchs2011_2012_m, cchs2003_m, cchs2005_m, cchs2007_2008_m, cchs2013_2014_m","[SMK_06C]","","cat","NA::a","3","Not applicable","not applicable","years","996","not applicable","Yrs quit (fmr occ)","Years since stopped smoking daily - never daily","","3.0.0-alpha","2026-01-04","active","Restored from inst/extdata. Has both PUMF and Master.",""
"SMKG06C","SMKG06C_cat3_NAb","cat","cchs2009_2010_m, cchs2011_2012_m, cchs2003_m, cchs2005_m, cchs2007_2008_m, cchs2013_2014_m","[SMK_06C]","","cat","NA::b","3","Missing","missing","years","[997,999]","don't know (997); refusal (998); not stated (999)","Yrs quit (fmr occ)","Years since stopped smoking daily - never daily","","3.0.0-alpha","2026-01-04","active","Restored from inst/extdata. Has both PUMF and Master.",""
"SMKG06C","SMKG06C_cat3_NAb","cat","cchs2009_2010_m, cchs2011_2012_m, cchs2003_m, cchs2005_m, cchs2007_2008_m, cchs2013_2014_m","[SMK_06C]","","cat","NA::b","3","Missing","missing","years","else","else","Yrs quit (fmr occ)","Years since stopped smoking daily - never daily","","3.0.0-alpha","2026-01-04","active","Restored from inst/extdata. Has both PUMF and Master.",""
"SMKG09C","SMKG09C_cat3_1","cat","cchs2003_p, cchs2005_p, cchs2007_2008_p, cchs2009_2010_p, cchs2011_2012_p, cchs2013_2014_p, cchs2015_2016_p, cchs2017_2018_p, cchs2019_2020_p, cchs2021_p, cchs2022_p, cchs2023_p","cchs2003_p::SMKCG09C, cchs2005_p::SMKEG09C, cchs2015_2016_p::SMKG090, cchs2017_2018_p::SMKG090, [SMKG09C]","ICES altered","cat","4","3","3 to 5 years","3 to 5 years","years","1","3 to 5 years","Yrs quit (fmr daily)","Years since stopped smoking daily - former daily","","3.0.0-alpha","2026-01-04","active","Restored from inst/extdata. Has both PUMF and Master. Extended PUMF to 2019-2023 (2021_p, 2023_p need DDI confirmation).",""
"SMKG09C","SMKG09C_cat3_2","cat","cchs2003_p, cchs2005_p, cchs2007_2008_p, cchs2009_2010_p, cchs2011_2012_p, cchs2013_2014_p, cchs2015_2016_p, cchs2017_2018_p, cchs2019_2020_p, cchs2021_p, cchs2022_p, cchs2023_p","cchs2003_p::SMKCG09C, cchs2005_p::SMKEG09C, cchs2015_2016_p::SMKG090, cchs2017_2018_p::SMKG090, [SMKG09C]","ICES altered","cat","8","3","6 to 10 years","6 to 10 years","years","2","6 to 10 years","Yrs quit (fmr daily)","Years since stopped smoking daily - former daily","","3.0.0-alpha","2026-01-04","active","Restored from inst/extdata. Has both PUMF and Master. Extended PUMF to 2019-2023 (2021_p, 2023_p need DDI confirmation).",""
"SMKG09C","SMKG09C_cat3_3","cat","cchs2003_p, cchs2005_p, cchs2007_2008_p, cchs2009_2010_p, cchs2011_2012_p, cchs2013_2014_p, cchs2015_2016_p, cchs2017_2018_p, cchs2019_2020_p, cchs2021_p, cchs2022_p, cchs2023_p","cchs2003_p::SMKCG09C, cchs2005_p::SMKEG09C, cchs2015_2016_p::SMKG090, cchs2017_2018_p::SMKG090, [SMKG09C]","ICES altered","cat","12","3","11+ years","11 or more years","years","3","11 or more years","Yrs quit (fmr daily)","Years since stopped smoking daily - former daily","","3.0.0-alpha","2026-01-04","active","Restored from inst/extdata. Has both PUMF and Master. Extended PUMF to 2019-2023 (2021_p, 2023_p need DDI confirmation).",""
"SMKG09C","SMKG09C_cat3_NAa","cat","cchs2003_p, cchs2005_p, cchs2007_2008_p, cchs2009_2010_p, cchs2011_2012_p, cchs2013_2014_p, cchs2015_2016_p, cchs2017_2018_p, cchs2019_2020_p, cchs2021_p, cchs2022_p, cchs2023_p","cchs2003_p::SMKCG09C, cchs2005_p::SMKEG09C, cchs2015_2016_p::SMKG090, cchs2017_2018_p::SMKG090, [SMKG09C]","ICES altered","cat","NA::a","3","Not applicable","not applicable","years","6","not applicable","Yrs quit (fmr daily)","Years since stopped smoking daily - former daily","","3.0.0-alpha","2026-01-04","active","Restored from inst/extdata. Has both PUMF and Master. Extended PUMF to 2019-2023 (2021_p, 2023_p need DDI confirmation).",""
"SMKG09C","SMKG09C_cat3_NAb","cat","cchs2003_p, cchs2005_p, cchs2007_2008_p, cchs2009_2010_p, cchs2011_2012_p, cchs2013_2014_p, cchs2015_2016_p, cchs2017_2018_p, cchs2019_2020_p, cchs2021_p, cchs2022_p, cchs2023_p","cchs2003_p::SMKCG09C, cchs2005_p::SMKEG09C, cchs2015_2016_p::SMKG090, cchs2017_2018_p::SMKG090, [SMKG09C]","ICES altered","cat","NA::b","3","Missing","missing","years","[7,9]","don't know (7); refusal (8); not stated (9)","Yrs quit (fmr daily)","Years since stopped smoking daily - former daily","Don't know (7) and refusal (8) not included in CCHS 2015-2016 and CCHS 2017-2018","3.0.0-alpha","2026-01-04","active","Restored from inst/extdata. Has both PUMF and Master. Extended PUMF to 2019-2023 (2021_p, 2023_p need DDI confirmation).",""
"SMKG09C","SMKG09C_cat3_NAb","cat","cchs2003_p, cchs2005_p, cchs2007_2008_p, cchs2009_2010_p, cchs2011_2012_p, cchs2013_2014_p, cchs2015_2016_p, cchs2017_2018_p, cchs2019_2020_p, cchs2021_p, cchs2022_p, cchs2023_p","cchs2003_p::SMKCG09C, cchs2005_p::SMKEG09C, cchs2015_2016_p::SMKG090, cchs2017_2018_p::SMKG090, [SMKG09C]","ICES altered","cat","NA::b","3","Missing","missing","years","else","else","Yrs quit (fmr daily)","Years since stopped smoking daily - former daily","","3.0.0-alpha","2026-01-04","active","Restored from inst/extdata. Has both PUMF and Master. Extended PUMF to 2019-2023 (2021_p, 2023_p need DDI confirmation).",""
"SMKG09C","N/A","cat","cchs2022_m, cchs2009_2010_m, cchs2011_2012_m, cchs2013_2014_m","DerivedVar::[SPU_25]","ICES altered","cat","Func::calculate_SMK_09A_cont","N/A","N/A","N/A","years","N/A","N/A","Yrs quit (fmr daily)","Years since stopped smoking daily - former daily","","3.0.0-alpha","2026-01-04","active","Restored from inst/extdata. Has both PUMF and Master.",""
"SMKG09C","SMKG09C_cat3_1","cat","cchs2022_m, cchs2009_2010_m, cchs2011_2012_m, cchs2013_2014_m","DerivedVar::[SPU_25]","ICES altered","cat","1","3","3 to 5 years","converted years - 3 to 5 years","years","N/A","N/A","Yrs quit (fmr daily)","Years since stopped smoking daily - former daily","","3.0.0-alpha","2026-01-04","active","Restored from inst/extdata. Has both PUMF and Master.",""
"SMKG09C","SMKG09C_cat3_2","cat","cchs2022_m, cchs2009_2010_m, cchs2011_2012_m, cchs2013_2014_m","DerivedVar::[SPU_25]","ICES altered","cat","2","3","6 to 10 years","converted years - 6 to 10 years","years","N/A","N/A","Yrs quit (fmr daily)","Years since stopped smoking daily - former daily","","3.0.0-alpha","2026-01-04","active","Restored from inst/extdata. Has both PUMF and Master.",""
"SMKG09C","SMKG09C_cat3_3","cat","cchs2022_m, cchs2009_2010_m, cchs2011_2012_m, cchs2013_2014_m","DerivedVar::[SPU_25]","ICES altered","cat","3","3","11+ years","converted years - 11 or more years","years","N/A","N/A","Yrs quit (fmr daily)","Years since stopped smoking daily - former daily","","3.0.0-alpha","2026-01-04","active","Restored from inst/extdata. Has both PUMF and Master.",""
"SMKG09C","SMKG09C_cat3_NAa","cat","cchs2022_m, cchs2009_2010_m, cchs2011_2012_m, cchs2013_2014_m","DerivedVar::[SPU_25]","ICES altered","cat","NA::a","3","Not applicable","not applicable","years","N/A","N/A","Yrs quit (fmr daily)","Years since stopped smoking daily - former daily","","3.0.0-alpha","2026-01-04","active","Restored from inst/extdata. Has both PUMF and Master.",""
"SMKG09C","SMKG09C_cat3_NAb","cat","cchs2022_m, cchs2009_2010_m, cchs2011_2012_m, cchs2013_2014_m","DerivedVar::[SPU_25]","ICES altered","cat","NA::b","3","Missing","missing","years","N/A","N/A","Yrs quit (fmr daily)","Years since stopped smoking daily - former daily","","3.0.0-alpha","2026-01-04","active","Restored from inst/extdata. Has both PUMF and Master.",""
"SMKG09C","SMKG09C_cat3_1","cat","cchs2009_2010_m, cchs2011_2012_m, cchs2003_m, cchs2005_m, cchs2007_2008_m, cchs2013_2014_m, cchs2015_2016_m, cchs2017_2018_m, cchs2019_2020_m, cchs2021_m","[SMK_09C]","ICES altered","cat","1","3","3 to 5 years","3 to 5 years","years","[3,6)","3 to 5 years","Yrs quit (fmr daily)","Years since stopped smoking daily - former daily","","3.0.0-alpha","2026-01-04","active","Restored from inst/extdata. Has both PUMF and Master.",""
"SMKG09C","SMKG09C_cat3_2","cat","cchs2009_2010_m, cchs2011_2012_m, cchs2003_m, cchs2005_m, cchs2007_2008_m, cchs2013_2014_m, cchs2015_2016_m, cchs2017_2018_m, cchs2019_2020_m, cchs2021_m","[SMK_09C]","ICES altered","cat","2","3","6 to 10 years","6 to 10 years","years","[6,11)","6 to 10 years","Yrs quit (fmr daily)","Years since stopped smoking daily - former daily","","3.0.0-alpha","2026-01-04","active","Restored from inst/extdata. Has both PUMF and Master.",""
"SMKG09C","SMKG09C_cat3_3","cat","cchs2009_2010_m, cchs2011_2012_m, cchs2003_m, cchs2005_m, cchs2007_2008_m, cchs2013_2014_m, cchs2015_2016_m, cchs2017_2018_m, cchs2019_2020_m, cchs2021_m","[SMK_09C]","ICES altered","cat","3","3","11+ years","11 or more years","years","[11,82]","11 or more years","Yrs quit (fmr daily)","Years since stopped smoking daily - former daily","","3.0.0-alpha","2026-01-04","active","Restored from inst/extdata. Has both PUMF and Master.",""
"SMKG09C","SMKG09C_cat3_NAa","cat","cchs2009_2010_m, cchs2011_2012_m, cchs2003_m, cchs2005_m, cchs2007_2008_m, cchs2013_2014_m, cchs2015_2016_m, cchs2017_2018_m, cchs2019_2020_m, cchs2021_m","[SMK_09C]","ICES altered","cat","NA::a","3","Not applicable","not applicable","years","996","not applicable","Yrs quit (fmr daily)","Years since stopped smoking daily - former daily","","3.0.0-alpha","2026-01-04","active","Restored from inst/extdata. Has both PUMF and Master.",""
"SMKG09C","SMKG09C_cat3_NAb","cat","cchs2009_2010_m, cchs2011_2012_m, cchs2003_m, cchs2005_m, cchs2007_2008_m, cchs2013_2014_m, cchs2015_2016_m, cchs2017_2018_m, cchs2019_2020_m, cchs2021_m","[SMK_09C]","ICES altered","cat","NA::b","3","Missing","missing","years","[997,999]","don't know (997); refusal (998); not stated (999)","Yrs quit (fmr daily)","Years since stopped smoking daily - former daily","","3.0.0-alpha","2026-01-04","active","Restored from inst/extdata. Has both PUMF and Master.",""
"SMKG09C","SMKG09C_cat3_NAb","cat","cchs2009_2010_m, cchs2011_2012_m, cchs2003_m, cchs2005_m, cchs2007_2008_m, cchs2013_2014_m, cchs2015_2016_m, cchs2017_2018_m, cchs2019_2020_m, cchs2021_m","[SMK_09C]","ICES altered","cat","NA::b","3","Missing","missing","years","else","else","Yrs quit (fmr daily)","Years since stopped smoking daily - former daily","","3.0.0-alpha","2026-01-04","active","Restored from inst/extdata. Has both PUMF and Master.",""
"SMKG09C_cont","SMKG09C_cat3_1","cat","cchs2003_p, cchs2005_p, cchs2007_2008_p, cchs2009_2010_p, cchs2011_2012_p, cchs2013_2014_p, cchs2015_2016_p, cchs2017_2018_p, cchs2019_2020_p, cchs2021_p, cchs2022_p, cchs2023_p","cchs2003_p::SMKCG09C, cchs2005_p::SMKEG09C, cchs2015_2016_p::SMKG090, cchs2017_2018_p::SMKG090, [SMKG09C]","ICES altered","cat","4","3","3 to 5 years","3 to 5 years","years","1","3 to 5 years","Yrs quit (fmr daily)","Years since stopped smoking daily - former daily","","3.0.0-alpha","2026-01-04","active","Restored from inst/extdata. Has both PUMF and Master. Extended PUMF to 2019-2023 (2021_p, 2023_p need DDI confirmation).",""
"SMKG09C_cont","SMKG09C_cat3_2","cat","cchs2003_p, cchs2005_p, cchs2007_2008_p, cchs2009_2010_p, cchs2011_2012_p, cchs2013_2014_p, cchs2015_2016_p, cchs2017_2018_p, cchs2019_2020_p, cchs2021_p, cchs2022_p, cchs2023_p","cchs2003_p::SMKCG09C, cchs2005_p::SMKEG09C, cchs2015_2016_p::SMKG090, cchs2017_2018_p::SMKG090, [SMKG09C]","ICES altered","cat","8","3","6 to 10 years","6 to 10 years","years","2","6 to 10 years","Yrs quit (fmr daily)","Years since stopped smoking daily - former daily","","3.0.0-alpha","2026-01-04","active","Restored from inst/extdata. Has both PUMF and Master. Extended PUMF to 2019-2023 (2021_p, 2023_p need DDI confirmation).",""
"SMKG09C_cont","SMKG09C_cat3_3","cat","cchs2003_p, cchs2005_p, cchs2007_2008_p, cchs2009_2010_p, cchs2011_2012_p, cchs2013_2014_p, cchs2015_2016_p, cchs2017_2018_p, cchs2019_2020_p, cchs2021_p, cchs2022_p, cchs2023_p","cchs2003_p::SMKCG09C, cchs2005_p::SMKEG09C, cchs2015_2016_p::SMKG090, cchs2017_2018_p::SMKG090, [SMKG09C]","ICES altered","cat","12","3","11+ years","11 or more years","years","3","11 or more years","Yrs quit (fmr daily)","Years since stopped smoking daily - former daily","","3.0.0-alpha","2026-01-04","active","Restored from inst/extdata. Has both PUMF and Master. Extended PUMF to 2019-2023 (2021_p, 2023_p need DDI confirmation).",""
"SMKG09C_cont","SMKG09C_cat3_NAa","cat","cchs2003_p, cchs2005_p, cchs2007_2008_p, cchs2009_2010_p, cchs2011_2012_p, cchs2013_2014_p, cchs2015_2016_p, cchs2017_2018_p, cchs2019_2020_p, cchs2021_p, cchs2022_p, cchs2023_p","cchs2003_p::SMKCG09C, cchs2005_p::SMKEG09C, cchs2015_2016_p::SMKG090, cchs2017_2018_p::SMKG090, [SMKG09C]","ICES altered","cat","NA::a","3","Not applicable","not applicable","years","6","not applicable","Yrs quit (fmr daily)","Years since stopped smoking daily - former daily","","3.0.0-alpha","2026-01-04","active","Restored from inst/extdata. Has both PUMF and Master. Extended PUMF to 2019-2023 (2021_p, 2023_p need DDI confirmation).",""
"SMKG09C_cont","SMKG09C_cat3_NAb","cat","cchs2003_p, cchs2005_p, cchs2007_2008_p, cchs2009_2010_p, cchs2011_2012_p, cchs2013_2014_p, cchs2015_2016_p, cchs2017_2018_p, cchs2019_2020_p, cchs2021_p, cchs2022_p, cchs2023_p","cchs2003_p::SMKCG09C, cchs2005_p::SMKEG09C, cchs2015_2016_p::SMKG090, cchs2017_2018_p::SMKG090, [SMKG09C]","ICES altered","cat","NA::b","3","Missing","missing","years","[7,9]","don't know (7); refusal (8); not stated (9)","Yrs quit (fmr daily)","Years since stopped smoking daily - former daily","Don't know (7) and refusal (8) not included in CCHS 2015-2016 and CCHS 2017-2018","3.0.0-alpha","2026-01-04","active","Restored from inst/extdata. Has both PUMF and Master. Extended PUMF to 2019-2023 (2021_p, 2023_p need DDI confirmation).",""
"SMKG09C_cont","SMKG09C_cat3_NAb","cat","cchs2003_p, cchs2005_p, cchs2007_2008_p, cchs2009_2010_p, cchs2011_2012_p, cchs2013_2014_p, cchs2015_2016_p, cchs2017_2018_p, cchs2019_2020_p, cchs2021_p, cchs2022_p, cchs2023_p","cchs2003_p::SMKCG09C, cchs2005_p::SMKEG09C, cchs2015_2016_p::SMKG090, cchs2017_2018_p::SMKG090, [SMKG09C]","ICES altered","cat","NA::b","3","Missing","missing","years","else","else","Yrs quit (fmr daily)","Years since stopped smoking daily - former daily","","3.0.0-alpha","2026-01-04","active","Restored from inst/extdata. Has both PUMF and Master. Extended PUMF to 2019-2023 (2021_p, 2023_p need DDI confirmation).",""
"SMKG09C_cont","N/A","cat","cchs2022_m, cchs2009_2010_m, cchs2011_2012_m, cchs2013_2014_m","DerivedVar::[SPU_25]","ICES altered","cat","Func::calculate_SMK_09A_cont","N/A","N/A","N/A","years","N/A","N/A","Yrs quit (fmr daily)","Years since stopped smoking daily - former daily","","3.0.0-alpha","2026-01-04","active","Restored from inst/extdata. Has both PUMF and Master.",""
"SMKG09C_cont","SMKG09C_cat3_1","cat","cchs2022_m, cchs2009_2010_m, cchs2011_2012_m, cchs2013_2014_m","DerivedVar::[SPU_25]","ICES altered","cat","4","3","3 to 5 years","converted years - 3 to 5 years","years","N/A","N/A","Yrs quit (fmr daily)","Years since stopped smoking daily - former daily","","3.0.0-alpha","2026-01-04","active","Restored from inst/extdata. Has both PUMF and Master.",""
"SMKG09C_cont","SMKG09C_cat3_2","cat","cchs2022_m, cchs2009_2010_m, cchs2011_2012_m, cchs2013_2014_m","DerivedVar::[SPU_25]","ICES altered","cat","8","3","6 to 10 years","converted years - 6 to 10 years","years","N/A","N/A","Yrs quit (fmr daily)","Years since stopped smoking daily - former daily","","3.0.0-alpha","2026-01-04","active","Restored from inst/extdata. Has both PUMF and Master.",""
"SMKG09C_cont","SMKG09C_cat3_3","cat","cchs2022_m, cchs2009_2010_m, cchs2011_2012_m, cchs2013_2014_m","DerivedVar::[SPU_25]","ICES altered","cat","12","3","11+ years","converted years - 11 or more years","years","N/A","N/A","Yrs quit (fmr daily)","Years since stopped smoking daily - former daily","","3.0.0-alpha","2026-01-04","active","Restored from inst/extdata. Has both PUMF and Master.",""
"SMKG09C_cont","SMKG09C_cat3_NAa","cat","cchs2022_m, cchs2009_2010_m, cchs2011_2012_m, cchs2013_2014_m","DerivedVar::[SPU_25]","ICES altered","cat","NA::a","3","Not applicable","not applicable","years","N/A","N/A","Yrs quit (fmr daily)","Years since stopped smoking daily - former daily","","3.0.0-alpha","2026-01-04","active","Restored from inst/extdata. Has both PUMF and Master.",""
"SMKG09C_cont","SMKG09C_cat3_NAb","cat","cchs2022_m, cchs2009_2010_m, cchs2011_2012_m, cchs2013_2014_m","DerivedVar::[SPU_25]","ICES altered","cat","NA::b","3","Missing","missing","years","N/A","N/A","Yrs quit (fmr daily)","Years since stopped smoking daily - former daily","","3.0.0-alpha","2026-01-04","active","Restored from inst/extdata. Has both PUMF and Master.",""
"SMKG09C_cont","SMKG09C_cat3_1","cat","cchs2009_2010_m, cchs2011_2012_m, cchs2003_m, cchs2005_m, cchs2007_2008_m, cchs2013_2014_m, cchs2015_2016_m, cchs2017_2018_m, cchs2019_2020_m, cchs2021_m","[SMK_09C]","ICES altered","cat","4","3","3 to 5 years","3 to 5 years","years","[3,6)","3 to 5 years","Yrs quit (fmr daily)","Years since stopped smoking daily - former daily","","3.0.0-alpha","2026-01-04","active","Restored from inst/extdata. Has both PUMF and Master.",""
"SMKG09C_cont","SMKG09C_cat3_2","cat","cchs2009_2010_m, cchs2011_2012_m, cchs2003_m, cchs2005_m, cchs2007_2008_m, cchs2013_2014_m, cchs2015_2016_m, cchs2017_2018_m, cchs2019_2020_m, cchs2021_m","[SMK_09C]","ICES altered","cat","8","3","6 to 10 years","6 to 10 years","years","[6,11)","6 to 10 years","Yrs quit (fmr daily)","Years since stopped smoking daily - former daily","","3.0.0-alpha","2026-01-04","active","Restored from inst/extdata. Has both PUMF and Master.",""
"SMKG09C_cont","SMKG09C_cat3_3","cat","cchs2009_2010_m, cchs2011_2012_m, cchs2003_m, cchs2005_m, cchs2007_2008_m, cchs2013_2014_m, cchs2015_2016_m, cchs2017_2018_m, cchs2019_2020_m, cchs2021_m","[SMK_09C]","ICES altered","cat","12","3","11+ years","11 or more years","years","[11,82]","11 or more years","Yrs quit (fmr daily)","Years since stopped smoking daily - former daily","","3.0.0-alpha","2026-01-04","active","Restored from inst/extdata. Has both PUMF and Master.",""
"SMKG09C_cont","SMKG09C_cat3_NAa","cat","cchs2009_2010_m, cchs2011_2012_m, cchs2003_m, cchs2005_m, cchs2007_2008_m, cchs2013_2014_m, cchs2015_2016_m, cchs2017_2018_m, cchs2019_2020_m, cchs2021_m","[SMK_09C]","ICES altered","cat","NA::a","3","Not applicable","not applicable","years","996","not applicable","Yrs quit (fmr daily)","Years since stopped smoking daily - former daily","","3.0.0-alpha","2026-01-04","active","Restored from inst/extdata. Has both PUMF and Master.",""
"SMKG09C_cont","SMKG09C_cat3_NAb","cat","cchs2009_2010_m, cchs2011_2012_m, cchs2003_m, cchs2005_m, cchs2007_2008_m, cchs2013_2014_m, cchs2015_2016_m, cchs2017_2018_m, cchs2019_2020_m, cchs2021_m","[SMK_09C]","ICES altered","cat","NA::b","3","Missing","missing","years","[997,999]","don't know (997); refusal (998); not stated (999)","Yrs quit (fmr daily)","Years since stopped smoking daily - former daily","","3.0.0-alpha","2026-01-04","active","Restored from inst/extdata. Has both PUMF and Master.",""
"SMKG09C_cont","SMKG09C_cat3_NAb","cat","cchs2009_2010_m, cchs2011_2012_m, cchs2003_m, cchs2005_m, cchs2007_2008_m, cchs2013_2014_m, cchs2015_2016_m, cchs2017_2018_m, cchs2019_2020_m, cchs2021_m","[SMK_09C]","ICES altered","cat","NA::b","3","Missing","missing","years","else","else","Yrs quit (fmr daily)","Years since stopped smoking daily - former daily","","3.0.0-alpha","2026-01-04","active","Restored from inst/extdata. Has both PUMF and Master.",""
"SMKG09C","SMKG09C_cat3_1","cat","cchs2003_p, cchs2005_p, cchs2007_2008_p, cchs2009_2010_p, cchs2011_2012_p, cchs2013_2014_p, cchs2015_2016_p, cchs2017_2018_p, cchs2019_2020_p, cchs2021_p, cchs2022_p, cchs2023_p","cchs2003_p::SMKCG09C, cchs2005_p::SMKEG09C, cchs2015_2016_p::SMKG090, cchs2017_2018_p::SMKG090, [SMKG09C]","ICES altered","cat","1","3","3 to 5 years","3 to 5 years","years","1","3 to 5 years","Yrs quit (fmr daily)","Years since stopped smoking daily - former daily","","3.0.0-alpha","2026-01-04","active","Restored from inst/extdata. Has both PUMF and Master. Extended PUMF to 2019-2023 (2021_p, 2023_p need DDI confirmation).",""
"SMKG09C","SMKG09C_cat3_2","cat","cchs2003_p, cchs2005_p, cchs2007_2008_p, cchs2009_2010_p, cchs2011_2012_p, cchs2013_2014_p, cchs2015_2016_p, cchs2017_2018_p, cchs2019_2020_p, cchs2021_p, cchs2022_p, cchs2023_p","cchs2003_p::SMKCG09C, cchs2005_p::SMKEG09C, cchs2015_2016_p::SMKG090, cchs2017_2018_p::SMKG090, [SMKG09C]","ICES altered","cat","2","3","6 to 10 years","6 to 10 years","years","2","6 to 10 years","Yrs quit (fmr daily)","Years since stopped smoking daily - former daily","","3.0.0-alpha","2026-01-04","active","Restored from inst/extdata. Has both PUMF and Master. Extended PUMF to 2019-2023 (2021_p, 2023_p need DDI confirmation).",""
"SMKG09C","SMKG09C_cat3_3","cat","cchs2003_p, cchs2005_p, cchs2007_2008_p, cchs2009_2010_p, cchs2011_2012_p, cchs2013_2014_p, cchs2015_2016_p, cchs2017_2018_p, cchs2019_2020_p, cchs2021_p, cchs2022_p, cchs2023_p","cchs2003_p::SMKCG09C, cchs2005_p::SMKEG09C, cchs2015_2016_p::SMKG090, cchs2017_2018_p::SMKG090, [SMKG09C]","ICES altered","cat","3","3","11+ years","11 or more years","years","3","11 or more years","Yrs quit (fmr daily)","Years since stopped smoking daily - former daily","","3.0.0-alpha","2026-01-04","active","Restored from inst/extdata. Has both PUMF and Master. Extended PUMF to 2019-2023 (2021_p, 2023_p need DDI confirmation).",""
"SMKG09C","SMKG09C_cat3_NAa","cat","cchs2003_p, cchs2005_p, cchs2007_2008_p, cchs2009_2010_p, cchs2011_2012_p, cchs2013_2014_p, cchs2015_2016_p, cchs2017_2018_p, cchs2019_2020_p, cchs2021_p, cchs2022_p, cchs2023_p","cchs2003_p::SMKCG09C, cchs2005_p::SMKEG09C, cchs2015_2016_p::SMKG090, cchs2017_2018_p::SMKG090, [SMKG09C]","ICES altered","cat","NA::a","3","Not applicable","not applicable","years","6","not applicable","Yrs quit (fmr daily)","Years since stopped smoking daily - former daily","","3.0.0-alpha","2026-01-04","active","Restored from inst/extdata. Has both PUMF and Master. Extended PUMF to 2019-2023 (2021_p, 2023_p need DDI confirmation).",""
"SMKG09C","SMKG09C_cat3_NAb","cat","cchs2003_p, cchs2005_p, cchs2007_2008_p, cchs2009_2010_p, cchs2011_2012_p, cchs2013_2014_p, cchs2015_2016_p, cchs2017_2018_p, cchs2019_2020_p, cchs2021_p, cchs2022_p, cchs2023_p","cchs2003_p::SMKCG09C, cchs2005_p::SMKEG09C, cchs2015_2016_p::SMKG090, cchs2017_2018_p::SMKG090, [SMKG09C]","ICES altered","cat","NA::b","3","Missing","missing","years","[7,9]","don't know (7); refusal (8); not stated (9)","Yrs quit (fmr daily)","Years since stopped smoking daily - former daily","Don't know (7) and refusal (8) not included in CCHS 2015-2016 and CCHS 2017-2018","3.0.0-alpha","2026-01-04","active","Restored from inst/extdata. Has both PUMF and Master. Extended PUMF to 2019-2023 (2021_p, 2023_p need DDI confirmation).",""
"SMKG09C","SMKG09C_cat3_NAb","cat","cchs2003_p, cchs2005_p, cchs2007_2008_p, cchs2009_2010_p, cchs2011_2012_p, cchs2013_2014_p, cchs2015_2016_p, cchs2017_2018_p, cchs2019_2020_p, cchs2021_p, cchs2022_p, cchs2023_p","cchs2003_p::SMKCG09C, cchs2005_p::SMKEG09C, cchs2015_2016_p::SMKG090, cchs2017_2018_p::SMKG090, [SMKG09C]","ICES altered","cat","NA::b","3","Missing","missing","years","else","else","Yrs quit (fmr daily)","Years since stopped smoking daily - former daily","","3.0.0-alpha","2026-01-04","active","Restored from inst/extdata. Has both PUMF and Master. Extended PUMF to 2019-2023 (2021_p, 2023_p need DDI confirmation).",""
"SMKG09C","N/A","cat","cchs2022_m, cchs2009_2010_m, cchs2011_2012_m, cchs2013_2014_m","DerivedVar::[SPU_25]","ICES altered","cat","Func::calculate_SMK_09A_cont","N/A","N/A","N/A","years","N/A","N/A","Yrs quit (fmr daily)","Years since stopped smoking daily - former daily","","3.0.0-alpha","2026-01-04","active","Restored from inst/extdata. Has both PUMF and Master.",""
"SMKG09C","SMKG09C_cat3_1","cat","cchs2022_m, cchs2009_2010_m, cchs2011_2012_m, cchs2013_2014_m","DerivedVar::[SPU_25]","ICES altered","cat","1","3","3 to 5 years","converted years - 3 to 5 years","years","N/A","N/A","Yrs quit (fmr daily)","Years since stopped smoking daily - former daily","","3.0.0-alpha","2026-01-04","active","Restored from inst/extdata. Has both PUMF and Master.",""
"SMKG09C","SMKG09C_cat3_2","cat","cchs2022_m, cchs2009_2010_m, cchs2011_2012_m, cchs2013_2014_m","DerivedVar::[SPU_25]","ICES altered","cat","2","3","6 to 10 years","converted years - 6 to 10 years","years","N/A","N/A","Yrs quit (fmr daily)","Years since stopped smoking daily - former daily","","3.0.0-alpha","2026-01-04","active","Restored from inst/extdata. Has both PUMF and Master.",""
"SMKG09C","SMKG09C_cat3_3","cat","cchs2022_m, cchs2009_2010_m, cchs2011_2012_m, cchs2013_2014_m","DerivedVar::[SPU_25]","ICES altered","cat","3","3","11+ years","converted years - 11 or more years","years","N/A","N/A","Yrs quit (fmr daily)","Years since stopped smoking daily - former daily","","3.0.0-alpha","2026-01-04","active","Restored from inst/extdata. Has both PUMF and Master.",""
"SMKG09C","SMKG09C_cat3_NAa","cat","cchs2022_m, cchs2009_2010_m, cchs2011_2012_m, cchs2013_2014_m","DerivedVar::[SPU_25]","ICES altered","cat","NA::a","3","Not applicable","not applicable","years","N/A","N/A","Yrs quit (fmr daily)","Years since stopped smoking daily - former daily","","3.0.0-alpha","2026-01-04","active","Restored from inst/extdata. Has both PUMF and Master.",""
"SMKG09C","SMKG09C_cat3_NAb","cat","cchs2022_m, cchs2009_2010_m, cchs2011_2012_m, cchs2013_2014_m","DerivedVar::[SPU_25]","ICES altered","cat","NA::b","3","Missing","missing","years","N/A","N/A","Yrs quit (fmr daily)","Years since stopped smoking daily - former daily","","3.0.0-alpha","2026-01-04","active","Restored from inst/extdata. Has both PUMF and Master.",""
"SMKG09C","SMKG09C_cat3_1","cat","cchs2009_2010_m, cchs2011_2012_m, cchs2003_m, cchs2005_m, cchs2007_2008_m, cchs2013_2014_m, cchs2015_2016_m, cchs2017_2018_m, cchs2019_2020_m, cchs2021_m","[SMK_09C]","ICES altered","cat","1","3","3 to 5 years","3 to 5 years","years","[3,6)","3 to 5 years","Yrs quit (fmr daily)","Years since stopped smoking daily - former daily","","3.0.0-alpha","2026-01-04","active","Restored from inst/extdata. Has both PUMF and Master.",""
"SMKG09C","SMKG09C_cat3_2","cat","cchs2009_2010_m, cchs2011_2012_m, cchs2003_m, cchs2005_m, cchs2007_2008_m, cchs2013_2014_m, cchs2015_2016_m, cchs2017_2018_m, cchs2019_2020_m, cchs2021_m","[SMK_09C]","ICES altered","cat","2","3","6 to 10 years","6 to 10 years","years","[6,11)","6 to 10 years","Yrs quit (fmr daily)","Years since stopped smoking daily - former daily","","3.0.0-alpha","2026-01-04","active","Restored from inst/extdata. Has both PUMF and Master.",""
"SMKG09C","SMKG09C_cat3_3","cat","cchs2009_2010_m, cchs2011_2012_m, cchs2003_m, cchs2005_m, cchs2007_2008_m, cchs2013_2014_m, cchs2015_2016_m, cchs2017_2018_m, cchs2019_2020_m, cchs2021_m","[SMK_09C]","ICES altered","cat","3","3","11+ years","11 or more years","years","[11,82]","11 or more years","Yrs quit (fmr daily)","Years since stopped smoking daily - former daily","","3.0.0-alpha","2026-01-04","active","Restored from inst/extdata. Has both PUMF and Master.",""
"SMKG09C","SMKG09C_cat3_NAa","cat","cchs2009_2010_m, cchs2011_2012_m, cchs2003_m, cchs2005_m, cchs2007_2008_m, cchs2013_2014_m, cchs2015_2016_m, cchs2017_2018_m, cchs2019_2020_m, cchs2021_m","[SMK_09C]","ICES altered","cat","NA::a","3","Not applicable","not applicable","years","996","not applicable","Yrs quit (fmr daily)","Years since stopped smoking daily - former daily","","3.0.0-alpha","2026-01-04","active","Restored from inst/extdata. Has both PUMF and Master.",""
"SMKG09C","SMKG09C_cat3_NAb","cat","cchs2009_2010_m, cchs2011_2012_m, cchs2003_m, cchs2005_m, cchs2007_2008_m, cchs2013_2014_m, cchs2015_2016_m, cchs2017_2018_m, cchs2019_2020_m, cchs2021_m","[SMK_09C]","ICES altered","cat","NA::b","3","Missing","missing","years","[997,999]","don't know (997); refusal (998); not stated (999)","Yrs quit (fmr daily)","Years since stopped smoking daily - former daily","","3.0.0-alpha","2026-01-04","active","Restored from inst/extdata. Has both PUMF and Master.",""
"SMKG09C","SMKG09C_cat3_NAb","cat","cchs2009_2010_m, cchs2011_2012_m, cchs2003_m, cchs2005_m, cchs2007_2008_m, cchs2013_2014_m, cchs2015_2016_m, cchs2017_2018_m, cchs2019_2020_m, cchs2021_m","[SMK_09C]","ICES altered","cat","NA::b","3","Missing","missing","years","else","else","Yrs quit (fmr daily)","Years since stopped smoking daily - former daily","","3.0.0-alpha","2026-01-04","active","Restored from inst/extdata. Has both PUMF and Master.",""
"SMKG09C_cont","N/A","cont","cchs2003_p, cchs2005_p, cchs2007_2008_p, cchs2009_2010_p, cchs2011_2012_p, cchs2013_2014_p, cchs2015_2016_p, cchs2017_2018_p, cchs2019_2020_p, cchs2021_p, cchs2022_p, cchs2023_p","cchs2003_p::SMKCG09C, cchs2005_p::SMKEG09C, cchs2015_2016_p::SMKG090, cchs2017_2018_p::SMKG090, [SMKG09C]","ICES altered","cat","12","3","11+ years","11 or more years","years","3","11 or more years","Yrs quit (cat)","Years since stopped smoking daily - former daily","","3.0.0-alpha","2026-01-04","active","Restored from inst/extdata. Has both PUMF and Master. Extended PUMF to 2019-2023 (2021_p, 2023_p need DDI confirmation).",""
"SMKG09C_cont","N/A","cont","cchs2003_p, cchs2005_p, cchs2007_2008_p, cchs2009_2010_p, cchs2011_2012_p, cchs2013_2014_p, cchs2015_2016_p, cchs2017_2018_p, cchs2019_2020_p, cchs2021_p, cchs2022_p, cchs2023_p","cchs2003_p::SMKCG09C, cchs2005_p::SMKEG09C, cchs2015_2016_p::SMKG090, cchs2017_2018_p::SMKG090, [SMKG09C]","ICES altered","cat","4","3","3 to 5 years","3 to 5 years","years","1","3 to 5 years","Yrs quit (cat)","Years since stopped smoking daily - former daily","","3.0.0-alpha","2026-01-04","active","Restored from inst/extdata. Has both PUMF and Master. Extended PUMF to 2019-2023 (2021_p, 2023_p need DDI confirmation).",""
"SMKG09C_cont","N/A","cont","cchs2003_p, cchs2005_p, cchs2007_2008_p, cchs2009_2010_p, cchs2011_2012_p, cchs2013_2014_p, cchs2015_2016_p, cchs2017_2018_p, cchs2019_2020_p, cchs2021_p, cchs2022_p, cchs2023_p","cchs2003_p::SMKCG09C, cchs2005_p::SMKEG09C, cchs2015_2016_p::SMKG090, cchs2017_2018_p::SMKG090, [SMKG09C]","ICES altered","cat","8","3","6 to 10 years","6 to 10 years","years","2","6 to 10 years","Yrs quit (cat)","Years since stopped smoking daily - former daily","","3.0.0-alpha","2026-01-04","active","Restored from inst/extdata. Has both PUMF and Master. Extended PUMF to 2019-2023 (2021_p, 2023_p need DDI confirmation).",""
"SMKG09C_cont","N/A","cont","cchs2022_m, cchs2009_2010_m, cchs2011_2012_m, cchs2013_2014_m","[SPU_25]","ICES altered","cont","copy","N/A","copy","Copy continuous values from SPU_25","years","[0,121]","Valid range","Stop age - former daily","Years since stopped smoking daily - former daily","","3.0.0-alpha","2026-01-04","active","Restored from inst/extdata. Has both PUMF and Master.",""
"SMKG09C_cont","N/A","cont","cchs2009_2010_m, cchs2011_2012_m, cchs2003_m, cchs2005_m, cchs2007_2008_m, cchs2013_2014_m, cchs2015_2016_m, cchs2017_2018_m, cchs2019_2020_m, cchs2021_m","[SMK_09C]","ICES altered","cat","NA::a","3","Not applicable","not applicable","years","996","not applicable","Yrs quit (cat)","Years since stopped smoking daily - former daily","","3.0.0-alpha","2026-01-04","active","Restored from inst/extdata. Has both PUMF and Master.",""
"SMKG09C_cont","N/A","cont","cchs2003_p, cchs2005_p, cchs2007_2008_p, cchs2009_2010_p, cchs2011_2012_p, cchs2013_2014_p, cchs2015_2016_p, cchs2017_2018_p, cchs2019_2020_p, cchs2021_p, cchs2022_p, cchs2023_p","cchs2003_p::SMKCG09C, cchs2005_p::SMKEG09C, cchs2015_2016_p::SMKG090, cchs2017_2018_p::SMKG090, [SMKG09C]","ICES altered","cat","NA::a","3","Not applicable","not applicable","years","6","not applicable","Yrs quit (cat)","Years since stopped smoking daily - former daily","","3.0.0-alpha","2026-01-04","active","Restored from inst/extdata. Has both PUMF and Master. Extended PUMF to 2019-2023 (2021_p, 2023_p need DDI confirmation).",""
"SMKG09C_cont","N/A","cont","cchs2009_2010_m, cchs2011_2012_m, cchs2003_m, cchs2005_m, cchs2007_2008_m, cchs2013_2014_m, cchs2015_2016_m, cchs2017_2018_m, cchs2019_2020_m, cchs2021_m","[SMK_09C]","ICES altered","cat","NA::b","3","Missing","missing","years","[997,999]","don't know (997); refusal (998); not stated (999)","Yrs quit (cat)","Years since stopped smoking daily - former daily","","3.0.0-alpha","2026-01-04","active","Restored from inst/extdata. Has both PUMF and Master.",""
"SMKG09C_cont","N/A","cont","cchs2009_2010_m, cchs2011_2012_m, cchs2003_m, cchs2005_m, cchs2007_2008_m, cchs2013_2014_m, cchs2015_2016_m, cchs2017_2018_m, cchs2019_2020_m, cchs2021_m","[SMK_09C]","ICES altered","cat","NA::b","3","Missing","missing","years","else","else","Yrs quit (cat)","Years since stopped smoking daily - former daily","","3.0.0-alpha","2026-01-04","active","Restored from inst/extdata. Has both PUMF and Master.",""
"SMKG09C_cont","N/A","cont","cchs2003_p, cchs2005_p, cchs2007_2008_p, cchs2009_2010_p, cchs2011_2012_p, cchs2013_2014_p, cchs2015_2016_p, cchs2017_2018_p, cchs2019_2020_p, cchs2021_p, cchs2022_p, cchs2023_p","cchs2003_p::SMKCG09C, cchs2005_p::SMKEG09C, cchs2015_2016_p::SMKG090, cchs2017_2018_p::SMKG090, [SMKG09C]","ICES altered","cat","NA::b","3","Missing","missing","years","[7,9]","don't know (7); refusal (8); not stated (9)","Yrs quit (cat)","Years since stopped smoking daily - former daily","Don't know (7) and refusal (8) not included in CCHS 2015-2016 and CCHS 2017-2018 - Continuous NA mapping from categorical SMKG09C","3.0.0-alpha","2026-01-04","active","Restored from inst/extdata. Has both PUMF and Master. Extended PUMF to 2019-2023 (2021_p, 2023_p need DDI confirmation).",""
"SMKG09C_cont","N/A","cont","cchs2003_p, cchs2005_p, cchs2007_2008_p, cchs2009_2010_p, cchs2011_2012_p, cchs2013_2014_p, cchs2015_2016_p, cchs2017_2018_p, cchs2019_2020_p, cchs2021_p, cchs2022_p, cchs2023_p","cchs2003_p::SMKCG09C, cchs2005_p::SMKEG09C, cchs2015_2016_p::SMKG090, cchs2017_2018_p::SMKG090, [SMKG09C]","ICES altered","cat","NA::b","3","Missing","missing","years","else","else","Yrs quit (cat)","Years since stopped smoking daily - former daily","","3.0.0-alpha","2026-01-04","active","Restored from inst/extdata. Has both PUMF and Master. Extended PUMF to 2019-2023 (2021_p, 2023_p need DDI confirmation).",""
"SMKG09C_cont","N/A","cont","cchs2022_m, cchs2009_2010_m, cchs2011_2012_m, cchs2013_2014_m","[SPU_25]","ICES altered","cont","NA::a","N/A","Not applicable","not applicable","years","996","not applicable","Stop age - former daily","Years since stopped smoking daily - former daily","","3.0.0-alpha","2026-01-04","active","Restored from inst/extdata. Has both PUMF and Master.",""
"SMKG09C_cont","N/A","cont","cchs2022_m, cchs2009_2010_m, cchs2011_2012_m, cchs2013_2014_m","[SPU_25]","ICES altered","cont","NA::b","N/A","Missing","missing","years","[997,999]","missing","Stop age - former daily","Years since stopped smoking daily - former daily","","3.0.0-alpha","2026-01-04","active","Restored from inst/extdata. Has both PUMF and Master.",""
"SMKG09C_cont","N/A","cont","cchs2003_p, cchs2005_p, cchs2007_2008_p, cchs2009_2010_p, cchs2011_2012_p, cchs2013_2014_p, cchs2015_2016_p, cchs2017_2018_p, cchs2019_2020_p, cchs2021_p, cchs2022_p, cchs2023_p","cchs2003_p::SMKCG09C, cchs2005_p::SMKEG09C, cchs2015_2016_p::SMKG090, cchs2017_2018_p::SMKG090, [SMKG09C]","ICES altered","cont","copy","N/A","valid range","Valid continuous range","years","[0,121]","Valid range","Stop age - former daily","Years since stopped smoking daily - former daily","","3.0.0-alpha","2026-01-04","active","Restored from inst/extdata. Has both PUMF and Master. Extended PUMF to 2019-2023 (2021_p, 2023_p need DDI confirmation).",""
"SMKG09C_cont","N/A","cont","cchs2009_2010_m, cchs2011_2012_m, cchs2003_m, cchs2005_m, cchs2007_2008_m, cchs2013_2014_m, cchs2015_2016_m, cchs2017_2018_m, cchs2019_2020_m, cchs2021_m","[SMK_09C]","ICES altered","cont","copy","N/A","valid range","Valid continuous range","years","[0,121]","Valid range","Stop age - former daily","Years since stopped smoking daily - former daily","","3.0.0-alpha","2026-01-04","active","Restored from inst/extdata. Has both PUMF and Master.",""
"SMK_10A_A","SMK_10A_A_cat4_1","cat","cchs2003_p, cchs2003_m, cchs2005_p, cchs2005_m, cchs2007_2008_p, cchs2007_2008_m, cchs2009_2010_p, cchs2009_2010_m, cchs2011_2012_p, cchs2011_2012_m, cchs2013_2014_p, cchs2013_2014_m","cchs2003_p::SMKC_10A, cchs2005_p::SMKE_10A, cchs2003_m::SMKC_10A, cchs2005_m::SMKE_10A, [SMK_10A]","","cat","1","4","<1 year","Less than one year ago","years","1","Less than one year ago","Quit time reducer (A)","When quit completely - former daily continued occasional (pre-2015)","","3.0.0-alpha","2026-01-05","active","New for v3.0.0. SMK_10A for reducers (former daily who continued occasional). Pre-2015 categories.",""
"SMK_10A_A","SMK_10A_A_cat4_2","cat","cchs2003_p, cchs2003_m, cchs2005_p, cchs2005_m, cchs2007_2008_p, cchs2007_2008_m, cchs2009_2010_p, cchs2009_2010_m, cchs2011_2012_p, cchs2011_2012_m, cchs2013_2014_p, cchs2013_2014_m","cchs2003_p::SMKC_10A, cchs2005_p::SMKE_10A, cchs2003_m::SMKC_10A, cchs2005_m::SMKE_10A, [SMK_10A]","","cat","2","4","1 to 2 years","1 year to 2 years ago","years","2","1 year to 2 years ago","Quit time reducer (A)","When quit completely - former daily continued occasional (pre-2015)","","3.0.0-alpha","2026-01-05","active","New for v3.0.0. SMK_10A for reducers (former daily who continued occasional). Pre-2015 categories.",""
"SMK_10A_A","SMK_10A_A_cat4_3","cat","cchs2003_p, cchs2003_m, cchs2005_p, cchs2005_m, cchs2007_2008_p, cchs2007_2008_m, cchs2009_2010_p, cchs2009_2010_m, cchs2011_2012_p, cchs2011_2012_m, cchs2013_2014_p, cchs2013_2014_m","cchs2003_p::SMKC_10A, cchs2005_p::SMKE_10A, cchs2003_m::SMKC_10A, cchs2005_m::SMKE_10A, [SMK_10A]","","cat","3","4","3 to 5 years","3 years to 5 years ago","years","3","3 years to 5 years ago","Quit time reducer (A)","When quit completely - former daily continued occasional (pre-2015)","","3.0.0-alpha","2026-01-05","active","New for v3.0.0. SMK_10A for reducers (former daily who continued occasional). Pre-2015 categories.",""
"SMK_10A_A","SMK_10A_A_cat4_4","cat","cchs2003_p, cchs2003_m, cchs2005_p, cchs2005_m, cchs2007_2008_p, cchs2007_2008_m, cchs2009_2010_p, cchs2009_2010_m, cchs2011_2012_p, cchs2011_2012_m, cchs2013_2014_p, cchs2013_2014_m","cchs2003_p::SMKC_10A, cchs2005_p::SMKE_10A, cchs2003_m::SMKC_10A, cchs2005_m::SMKE_10A, [SMK_10A]","","cat","4","4",">5 years","More than 5 years ago","years","4","More than 5 years ago","Quit time reducer (A)","When quit completely - former daily continued occasional (pre-2015)","","3.0.0-alpha","2026-01-05","active","New for v3.0.0. SMK_10A for reducers (former daily who continued occasional). Pre-2015 categories.",""
"SMK_10A_A","SMK_10A_A_cat4_NAa","cat","cchs2003_p, cchs2003_m, cchs2005_p, cchs2005_m, cchs2007_2008_p, cchs2007_2008_m, cchs2009_2010_p, cchs2009_2010_m, cchs2011_2012_p, cchs2011_2012_m, cchs2013_2014_p, cchs2013_2014_m","cchs2003_p::SMKC_10A, cchs2005_p::SMKE_10A, cchs2003_m::SMKC_10A, cchs2005_m::SMKE_10A, [SMK_10A]","","cat","NA::a","4","Not applicable","not applicable","years","6","not applicable","Quit time reducer (A)","When quit completely - former daily continued occasional (pre-2015)","","3.0.0-alpha","2026-01-05","active","New for v3.0.0. SMK_10A for reducers (former daily who continued occasional). Pre-2015 categories.",""
"SMK_10A_A","SMK_10A_A_cat4_NAb","cat","cchs2003_p, cchs2003_m, cchs2005_p, cchs2005_m, cchs2007_2008_p, cchs2007_2008_m, cchs2009_2010_p, cchs2009_2010_m, cchs2011_2012_p, cchs2011_2012_m, cchs2013_2014_p, cchs2013_2014_m","cchs2003_p::SMKC_10A, cchs2005_p::SMKE_10A, cchs2003_m::SMKC_10A, cchs2005_m::SMKE_10A, [SMK_10A]","","cat","NA::b","4","Missing","missing","years","[7,9]","don't know (7); refusal (8); not stated (9)","Quit time reducer (A)","When quit completely - former daily continued occasional (pre-2015)","","3.0.0-alpha","2026-01-05","active","New for v3.0.0. SMK_10A for reducers (former daily who continued occasional). Pre-2015 categories.",""
"SMK_10A_A","SMK_10A_A_cat4_NAb","cat","cchs2003_p, cchs2003_m, cchs2005_p, cchs2005_m, cchs2007_2008_p, cchs2007_2008_m, cchs2009_2010_p, cchs2009_2010_m, cchs2011_2012_p, cchs2011_2012_m, cchs2013_2014_p, cchs2013_2014_m","cchs2003_p::SMKC_10A, cchs2005_p::SMKE_10A, cchs2003_m::SMKC_10A, cchs2005_m::SMKE_10A, [SMK_10A]","","cat","NA::b","4","Missing","missing","years","else","else","Quit time reducer (A)","When quit completely - former daily continued occasional (pre-2015)","","3.0.0-alpha","2026-01-05","active","New for v3.0.0. SMK_10A for reducers (former daily who continued occasional). Pre-2015 categories.",""
"SMK_10A_B","SMK_10A_B_cat4_1","cat","cchs2015_2016_p, cchs2017_2018_p, cchs2015_2016_m, cchs2017_2018_m, cchs2019_2020_m, cchs2021_m, cchs2023_m","cchs2015_2016_p::SMK_100, cchs2017_2018_p::SMK_100, cchs2015_2016_m::SMK_100, cchs2017_2018_m::SMK_100, cchs2019_2020_m::SMK_100, cchs2021_m::SMK_100, cchs2023_m::SPU_35","","cat","1","4","<1 year","Less than one year ago","years","1","Less than one year","Quit time reducer (B)","When quit completely - former daily continued occasional (2015+)","","3.0.0-alpha","2026-01-05","active","New for v3.0.0. SMK_10A for reducers (former daily who continued occasional). 2015+ categories.",""
"SMK_10A_B","SMK_10A_B_cat4_2","cat","cchs2015_2016_p, cchs2017_2018_p, cchs2015_2016_m, cchs2017_2018_m, cchs2019_2020_m, cchs2021_m, cchs2023_m","cchs2015_2016_p::SMK_100, cchs2017_2018_p::SMK_100, cchs2015_2016_m::SMK_100, cchs2017_2018_m::SMK_100, cchs2019_2020_m::SMK_100, cchs2021_m::SMK_100, cchs2023_m::SPU_35","","cat","2","4","1 to <2 years","1 year to less than 2 years ago","years","2","1 year to <2 years","Quit time reducer (B)","When quit completely - former daily continued occasional (2015+)","","3.0.0-alpha","2026-01-05","active","New for v3.0.0. SMK_10A for reducers (former daily who continued occasional). 2015+ categories.",""
"SMK_10A_B","SMK_10A_B_cat4_3","cat","cchs2015_2016_p, cchs2017_2018_p, cchs2015_2016_m, cchs2017_2018_m, cchs2019_2020_m, cchs2021_m, cchs2023_m","cchs2015_2016_p::SMK_100, cchs2017_2018_p::SMK_100, cchs2015_2016_m::SMK_100, cchs2017_2018_m::SMK_100, cchs2019_2020_m::SMK_100, cchs2021_m::SMK_100, cchs2023_m::SPU_35","","cat","3","4","2 to <3 years","2 years to less than 3 years ago","years","3","2 years to <3 years","Quit time reducer (B)","When quit completely - former daily continued occasional (2015+)","","3.0.0-alpha","2026-01-05","active","New for v3.0.0. SMK_10A for reducers (former daily who continued occasional). 2015+ categories.",""
"SMK_10A_B","SMK_10A_B_cat4_4","cat","cchs2015_2016_p, cchs2017_2018_p, cchs2015_2016_m, cchs2017_2018_m, cchs2019_2020_m, cchs2021_m, cchs2023_m","cchs2015_2016_p::SMK_100, cchs2017_2018_p::SMK_100, cchs2015_2016_m::SMK_100, cchs2017_2018_m::SMK_100, cchs2019_2020_m::SMK_100, cchs2021_m::SMK_100, cchs2023_m::SPU_35","","cat","4","4",">=3 years","3 or more years ago","years","4","3 or more years","Quit time reducer (B)","When quit completely - former daily continued occasional (2015+)","","3.0.0-alpha","2026-01-05","active","New for v3.0.0. SMK_10A for reducers (former daily who continued occasional). 2015+ categories.",""
"SMK_10A_B","SMK_10A_B_cat4_NAa","cat","cchs2015_2016_p, cchs2017_2018_p, cchs2015_2016_m, cchs2017_2018_m, cchs2019_2020_m, cchs2021_m, cchs2023_m","cchs2015_2016_p::SMK_100, cchs2017_2018_p::SMK_100, cchs2015_2016_m::SMK_100, cchs2017_2018_m::SMK_100, cchs2019_2020_m::SMK_100, cchs2021_m::SMK_100, cchs2023_m::SPU_35","","cat","NA::a","4","Not applicable","not applicable","years","6","not applicable","Quit time reducer (B)","When quit completely - former daily continued occasional (2015+)","","3.0.0-alpha","2026-01-05","active","New for v3.0.0. SMK_10A for reducers (former daily who continued occasional). 2015+ categories.",""
"SMK_10A_B","SMK_10A_B_cat4_NAb","cat","cchs2015_2016_p, cchs2017_2018_p, cchs2015_2016_m, cchs2017_2018_m, cchs2019_2020_m, cchs2021_m, cchs2023_m","cchs2015_2016_p::SMK_100, cchs2017_2018_p::SMK_100, cchs2015_2016_m::SMK_100, cchs2017_2018_m::SMK_100, cchs2019_2020_m::SMK_100, cchs2021_m::SMK_100, cchs2023_m::SPU_35","","cat","NA::b","4","Missing","missing","years","[7,9]","don't know (7); refusal (8); not stated (9)","Quit time reducer (B)","When quit completely - former daily continued occasional (2015+)","","3.0.0-alpha","2026-01-05","active","New for v3.0.0. SMK_10A for reducers (former daily who continued occasional). 2015+ categories.",""
"SMK_10A_B","SMK_10A_B_cat4_NAb","cat","cchs2015_2016_p, cchs2017_2018_p, cchs2015_2016_m, cchs2017_2018_m, cchs2019_2020_m, cchs2021_m, cchs2023_m","cchs2015_2016_p::SMK_100, cchs2017_2018_p::SMK_100, cchs2015_2016_m::SMK_100, cchs2017_2018_m::SMK_100, cchs2019_2020_m::SMK_100, cchs2021_m::SMK_100, cchs2023_m::SPU_35","","cat","NA::b","4","Missing","missing","years","else","else","Quit time reducer (B)","When quit completely - former daily continued occasional (2015+)","","3.0.0-alpha","2026-01-05","active","New for v3.0.0. SMK_10A for reducers (former daily who continued occasional). 2015+ categories.",""
