"variable","dummyVariable","typeEnd","databaseStart","variableStart","ICES.confirmation","typeStart","recEnd","numValidCat","catLabel","catLabelLong","units","recStart","catStartLabel","variableStartShortLabel","variableStartLabel","notes","version","lastUpdated","status","reviewNotes","review"
"SMKG01C_cont","N/A","cont","cchs2001_p, cchs2003_p","cchs2001_p::SMKAG01C, cchs2003_p::SMKCG01C","","cat","13","10","12-14 years","Midpoint of 12-14 years","years","2","12-14 years","Age 1st cig (grouped)","Age first cigarette grouped","PUMF: midpoint imputation from grouped categories","3.0.0-alpha","2026-01-04","active","Removed _s/_i. Shorter labels. Added PUMF 2019-2021.",""
"SMKG01C_cont","N/A","cont","cchs2005_p, cchs2009_2010_p, cchs2011_2012_p, cchs2013_2014_p, cchs2015_2016_p, cchs2017_2018_p, cchs2021_p","cchs2005_p::SMKEG01C, cchs2009_2010_p::SMKG01C, cchs2011_2012_p::SMKG01C, cchs2013_2014_p::SMKG01C, cchs2015_2016_p::SMKG035, cchs2017_2018_p::SMKG035, cchs2019_2020_p::SMKG035, cchs2021_p::SMKG035","","cat","13","11","12-14 years","Midpoint of 12-14 years","years","2","12-14 years","Age 1st cig (grouped)","Age first cigarette grouped","PUMF: midpoint imputation from grouped categories","3.0.0-alpha","2026-01-04","active","Removed _s/_i. Shorter labels. Added PUMF 2019-2021.",""
"SMKG01C_cont","N/A","cont","cchs2005_p, cchs2009_2010_p, cchs2011_2012_p, cchs2013_2014_p, cchs2015_2016_p, cchs2017_2018_p, cchs2021_p","cchs2005_p::SMKEG01C, cchs2009_2010_p::SMKG01C, cchs2011_2012_p::SMKG01C, cchs2013_2014_p::SMKG01C, cchs2015_2016_p::SMKG035, cchs2017_2018_p::SMKG035, cchs2019_2020_p::SMKG035, cchs2021_p::SMKG035","","cat","16","11","15-17 years","Midpoint of 15-17 years","years","3","15-17 years","Age 1st cig (grouped)","Age first cigarette grouped","PUMF: midpoint imputation from grouped categories","3.0.0-alpha","2026-01-04","active","Removed _s/_i. Shorter labels. Added PUMF 2019-2021.",""
"SMKG01C_cont","N/A","cont","cchs2001_p, cchs2003_p","cchs2001_p::SMKAG01C, cchs2003_p::SMKCG01C","","cat","17","10","15-19 years","Midpoint of 15-19 years","years","3","15-19 years","Age 1st cig (grouped)","Age first cigarette grouped","PUMF: midpoint imputation from grouped categories","3.0.0-alpha","2026-01-04","active","Removed _s/_i. Shorter labels. Added PUMF 2019-2021.",""
"SMKG01C_cont","N/A","cont","cchs2005_p, cchs2009_2010_p, cchs2011_2012_p, cchs2013_2014_p, cchs2015_2016_p, cchs2017_2018_p, cchs2021_p","cchs2005_p::SMKEG01C, cchs2009_2010_p::SMKG01C, cchs2011_2012_p::SMKG01C, cchs2013_2014_p::SMKG01C, cchs2015_2016_p::SMKG035, cchs2017_2018_p::SMKG035, cchs2019_2020_p::SMKG035, cchs2021_p::SMKG035","","cat","18.5","11","18-19 years","Midpoint of 18-19 years","years","4","18-19 years","Age 1st cig (grouped)","Age first cigarette grouped","PUMF: midpoint imputation from grouped categories","3.0.0-alpha","2026-01-04","active","Removed _s/_i. Shorter labels. Added PUMF 2019-2021.",""
"SMKG01C_cont","N/A","cont","cchs2001_p, cchs2003_p","cchs2001_p::SMKAG01C, cchs2003_p::SMKCG01C","","cat","22","10","20-24 years","Midpoint of 20-24 years","years","4","20-24 years","Age 1st cig (grouped)","Age first cigarette grouped","PUMF: midpoint imputation from grouped categories","3.0.0-alpha","2026-01-04","active","Removed _s/_i. Shorter labels. Added PUMF 2019-2021.",""
"SMKG01C_cont","N/A","cont","cchs2005_p, cchs2009_2010_p, cchs2011_2012_p, cchs2013_2014_p, cchs2015_2016_p, cchs2017_2018_p, cchs2021_p","cchs2005_p::SMKEG01C, cchs2009_2010_p::SMKG01C, cchs2011_2012_p::SMKG01C, cchs2013_2014_p::SMKG01C, cchs2015_2016_p::SMKG035, cchs2017_2018_p::SMKG035, cchs2019_2020_p::SMKG035, cchs2021_p::SMKG035","","cat","22","11","20-24 years","Midpoint of 20-24 years","years","5","20-24 years","Age 1st cig (grouped)","Age first cigarette grouped","PUMF: midpoint imputation from grouped categories","3.0.0-alpha","2026-01-04","active","Removed _s/_i. Shorter labels. Added PUMF 2019-2021.",""
"SMKG01C_cont","N/A","cont","cchs2001_p, cchs2003_p","cchs2001_p::SMKAG01C, cchs2003_p::SMKCG01C","","cat","27","10","25-29 years","Midpoint of 25-29 years","years","5","25-29 years","Age 1st cig (grouped)","Age first cigarette grouped","PUMF: midpoint imputation from grouped categories","3.0.0-alpha","2026-01-04","active","Removed _s/_i. Shorter labels. Added PUMF 2019-2021.",""
"SMKG01C_cont","N/A","cont","cchs2005_p, cchs2009_2010_p, cchs2011_2012_p, cchs2013_2014_p, cchs2015_2016_p, cchs2017_2018_p, cchs2021_p","cchs2005_p::SMKEG01C, cchs2009_2010_p::SMKG01C, cchs2011_2012_p::SMKG01C, cchs2013_2014_p::SMKG01C, cchs2015_2016_p::SMKG035, cchs2017_2018_p::SMKG035, cchs2019_2020_p::SMKG035, cchs2021_p::SMKG035","","cat","27","11","25-29 years","Midpoint of 25-29 years","years","6","25-29 years","Age 1st cig (grouped)","Age first cigarette grouped","PUMF: midpoint imputation from grouped categories","3.0.0-alpha","2026-01-04","active","Removed _s/_i. Shorter labels. Added PUMF 2019-2021.",""
"SMKG01C_cont","N/A","cont","cchs2001_p, cchs2003_p","cchs2001_p::SMKAG01C, cchs2003_p::SMKCG01C","","cat","32","10","30-34 years","Midpoint of 30-34 years","years","6","30-34 years","Age 1st cig (grouped)","Age first cigarette grouped","PUMF: midpoint imputation from grouped categories","3.0.0-alpha","2026-01-04","active","Removed _s/_i. Shorter labels. Added PUMF 2019-2021.",""
"SMKG01C_cont","N/A","cont","cchs2005_p, cchs2009_2010_p, cchs2011_2012_p, cchs2013_2014_p, cchs2015_2016_p, cchs2017_2018_p, cchs2021_p","cchs2005_p::SMKEG01C, cchs2009_2010_p::SMKG01C, cchs2011_2012_p::SMKG01C, cchs2013_2014_p::SMKG01C, cchs2015_2016_p::SMKG035, cchs2017_2018_p::SMKG035, cchs2019_2020_p::SMKG035, cchs2021_p::SMKG035","","cat","32","11","30-34 years","Midpoint of 30-34 years","years","7","30-34 years","Age 1st cig (grouped)","Age first cigarette grouped","PUMF: midpoint imputation from grouped categories","3.0.0-alpha","2026-01-04","active","Removed _s/_i. Shorter labels. Added PUMF 2019-2021.",""
"SMKG01C_cont","N/A","cont","cchs2001_p, cchs2003_p","cchs2001_p::SMKAG01C, cchs2003_p::SMKCG01C","","cat","37","10","35-39 years","Midpoint of 35-39 years","years","7","35-39 years","Age 1st cig (grouped)","Age first cigarette grouped","PUMF: midpoint imputation from grouped categories","3.0.0-alpha","2026-01-04","active","Removed _s/_i. Shorter labels. Added PUMF 2019-2021.",""
"SMKG01C_cont","N/A","cont","cchs2005_p, cchs2009_2010_p, cchs2011_2012_p, cchs2013_2014_p, cchs2015_2016_p, cchs2017_2018_p, cchs2021_p","cchs2005_p::SMKEG01C, cchs2009_2010_p::SMKG01C, cchs2011_2012_p::SMKG01C, cchs2013_2014_p::SMKG01C, cchs2015_2016_p::SMKG035, cchs2017_2018_p::SMKG035, cchs2019_2020_p::SMKG035, cchs2021_p::SMKG035","","cat","37","11","35-39 years","Midpoint of 35-39 years","years","8","35-39 years","Age 1st cig (grouped)","Age first cigarette grouped","PUMF: midpoint imputation from grouped categories","3.0.0-alpha","2026-01-04","active","Removed _s/_i. Shorter labels. Added PUMF 2019-2021.",""
"SMKG01C_cont","N/A","cont","cchs2001_p, cchs2003_p","cchs2001_p::SMKAG01C, cchs2003_p::SMKCG01C","","cat","42","10","40-44 years","Midpoint of 40-44 years","years","8","40-44 years","Age 1st cig (grouped)","Age first cigarette grouped","PUMF: midpoint imputation from grouped categories","3.0.0-alpha","2026-01-04","active","Removed _s/_i. Shorter labels. Added PUMF 2019-2021.",""
"SMKG01C_cont","N/A","cont","cchs2005_p, cchs2009_2010_p, cchs2011_2012_p, cchs2013_2014_p, cchs2015_2016_p, cchs2017_2018_p, cchs2021_p","cchs2005_p::SMKEG01C, cchs2009_2010_p::SMKG01C, cchs2011_2012_p::SMKG01C, cchs2013_2014_p::SMKG01C, cchs2015_2016_p::SMKG035, cchs2017_2018_p::SMKG035, cchs2019_2020_p::SMKG035, cchs2021_p::SMKG035","","cat","42","11","40-44 years","Midpoint of 40-44 years","years","9","40-44 years","Age 1st cig (grouped)","Age first cigarette grouped","PUMF: midpoint imputation from grouped categories","3.0.0-alpha","2026-01-04","active","Removed _s/_i. Shorter labels. Added PUMF 2019-2021.",""
"SMKG01C_cont","N/A","cont","cchs2001_p, cchs2003_p","cchs2001_p::SMKAG01C, cchs2003_p::SMKCG01C","","cat","47","10","45-49 years","Midpoint of 45-49 years","years","9","45-49 years","Age 1st cig (grouped)","Age first cigarette grouped","PUMF: midpoint imputation from grouped categories","3.0.0-alpha","2026-01-04","active","Removed _s/_i. Shorter labels. Added PUMF 2019-2021.",""
"SMKG01C_cont","N/A","cont","cchs2005_p, cchs2009_2010_p, cchs2011_2012_p, cchs2013_2014_p, cchs2015_2016_p, cchs2017_2018_p, cchs2021_p","cchs2005_p::SMKEG01C, cchs2009_2010_p::SMKG01C, cchs2011_2012_p::SMKG01C, cchs2013_2014_p::SMKG01C, cchs2015_2016_p::SMKG035, cchs2017_2018_p::SMKG035, cchs2019_2020_p::SMKG035, cchs2021_p::SMKG035","","cat","47","11","45-49 years","Midpoint of 45-49 years","years","10","45-49 years","Age 1st cig (grouped)","Age first cigarette grouped","PUMF: midpoint imputation from grouped categories","3.0.0-alpha","2026-01-04","active","Removed _s/_i. Shorter labels. Added PUMF 2019-2021.",""
"SMKG01C_cont","N/A","cont","cchs2001_p, cchs2003_p","cchs2001_p::SMKAG01C, cchs2003_p::SMKCG01C","","cat","55","10","50+ years","Assumed midpoint for 50+","years","10","50+ years","Age 1st cig (grouped)","Age first cigarette grouped","PUMF: midpoint imputation from grouped categories","3.0.0-alpha","2026-01-04","active","Removed _s/_i. Shorter labels. Added PUMF 2019-2021.",""
"SMKG01C_cont","N/A","cont","cchs2005_p, cchs2009_2010_p, cchs2011_2012_p, cchs2013_2014_p, cchs2015_2016_p, cchs2017_2018_p, cchs2021_p","cchs2005_p::SMKEG01C, cchs2009_2010_p::SMKG01C, cchs2011_2012_p::SMKG01C, cchs2013_2014_p::SMKG01C, cchs2015_2016_p::SMKG035, cchs2017_2018_p::SMKG035, cchs2019_2020_p::SMKG035, cchs2021_p::SMKG035","","cat","55","11","50+ years","Assumed midpoint for 50+","years","11","50+ years","Age 1st cig (grouped)","Age first cigarette grouped","PUMF: midpoint imputation from grouped categories","3.0.0-alpha","2026-01-04","active","Removed _s/_i. Shorter labels. Added PUMF 2019-2021.",""
"SMKG01C_cont","N/A","cont","cchs2001_p, cchs2003_p","cchs2001_p::SMKAG01C, cchs2003_p::SMKCG01C","","cat","8","10","5-11 years","Midpoint of 5-11 years","years","1","5-11 years","Age 1st cig (grouped)","Age first cigarette grouped","PUMF: midpoint imputation from grouped categories","3.0.0-alpha","2026-01-04","active","Removed _s/_i. Shorter labels. Added PUMF 2019-2021.",""
"SMKG01C_cont","N/A","cont","cchs2005_p, cchs2009_2010_p, cchs2011_2012_p, cchs2013_2014_p, cchs2015_2016_p, cchs2017_2018_p, cchs2021_p","cchs2005_p::SMKEG01C, cchs2009_2010_p::SMKG01C, cchs2011_2012_p::SMKG01C, cchs2013_2014_p::SMKG01C, cchs2015_2016_p::SMKG035, cchs2017_2018_p::SMKG035, cchs2019_2020_p::SMKG035, cchs2021_p::SMKG035","","cat","8","11","5-11 years","Midpoint of 5-11 years","years","1","5-11 years","Age 1st cig (grouped)","Age first cigarette grouped","PUMF: midpoint imputation from grouped categories","3.0.0-alpha","2026-01-04","active","Removed _s/_i. Shorter labels. Added PUMF 2019-2021.",""
"SMKG01C_cont","N/A","cont","cchs2001_p, cchs2003_p","cchs2001_p::SMKAG01C, cchs2003_p::SMKCG01C","","cat","NA::a","10","","Not applicable","","96","","Age 1st cig (grouped)","Age first cigarette grouped","PUMF: midpoint imputation from grouped categories","3.0.0-alpha","2026-01-04","active","Removed _s/_i. Shorter labels. Added PUMF 2019-2021.",""
"SMKG01C_cont","N/A","cont","cchs2005_p, cchs2009_2010_p, cchs2011_2012_p, cchs2013_2014_p, cchs2015_2016_p, cchs2017_2018_p, cchs2021_p","cchs2005_p::SMKEG01C, cchs2009_2010_p::SMKG01C, cchs2011_2012_p::SMKG01C, cchs2013_2014_p::SMKG01C, cchs2015_2016_p::SMKG035, cchs2017_2018_p::SMKG035, cchs2019_2020_p::SMKG035, cchs2021_p::SMKG035","","cat","NA::a","11","","Not applicable","","96","","Age 1st cig (grouped)","Age first cigarette grouped","PUMF: midpoint imputation from grouped categories","3.0.0-alpha","2026-01-04","active","Removed _s/_i. Shorter labels. Added PUMF 2019-2021.",""
"SMKG01C_cont","N/A","cont","cchs2001_p, cchs2003_p","cchs2001_p::SMKAG01C, cchs2003_p::SMKCG01C","","cat","NA::b","10","","Catch-all missing","","else","","Age 1st cig (grouped)","Age first cigarette grouped","PUMF: midpoint imputation from grouped categories","3.0.0-alpha","2026-01-04","active","Removed _s/_i. Shorter labels. Added PUMF 2019-2021.",""
"SMKG01C_cont","N/A","cont","cchs2001_p, cchs2003_p","cchs2001_p::SMKAG01C, cchs2003_p::SMKCG01C","","cat","NA::b","10","","Not stated","","99","","Age 1st cig (grouped)","Age first cigarette grouped","PUMF: midpoint imputation from grouped categories","3.0.0-alpha","2026-01-04","active","Removed _s/_i. Shorter labels. Added PUMF 2019-2021.",""
"SMKG01C_cont","N/A","cont","cchs2005_p, cchs2009_2010_p, cchs2011_2012_p, cchs2013_2014_p, cchs2015_2016_p, cchs2017_2018_p, cchs2021_p","cchs2005_p::SMKEG01C, cchs2009_2010_p::SMKG01C, cchs2011_2012_p::SMKG01C, cchs2013_2014_p::SMKG01C, cchs2015_2016_p::SMKG035, cchs2017_2018_p::SMKG035, cchs2019_2020_p::SMKG035, cchs2021_p::SMKG035","","cat","NA::b","11","","Catch-all missing","","else","","Age 1st cig (grouped)","Age first cigarette grouped","PUMF: midpoint imputation from grouped categories","3.0.0-alpha","2026-01-04","active","Removed _s/_i. Shorter labels. Added PUMF 2019-2021.",""
"SMKG01C_cont","N/A","cont","cchs2005_p, cchs2009_2010_p, cchs2011_2012_p, cchs2013_2014_p, cchs2015_2016_p, cchs2017_2018_p, cchs2021_p","cchs2005_p::SMKEG01C, cchs2009_2010_p::SMKG01C, cchs2011_2012_p::SMKG01C, cchs2013_2014_p::SMKG01C, cchs2015_2016_p::SMKG035, cchs2017_2018_p::SMKG035, cchs2019_2020_p::SMKG035, cchs2021_p::SMKG035","","cat","NA::b","11","","Not stated","","99","","Age 1st cig (grouped)","Age first cigarette grouped","PUMF: midpoint imputation from grouped categories","3.0.0-alpha","2026-01-04","active","Removed _s/_i. Shorter labels. Added PUMF 2019-2021.",""
"SMKG040_cont","N/A","cont","cchs2015_2016_p, cchs2017_2018_p, cchs2021_p","[SMKG040]","","cat","13","11","12-14 years","Midpoint of 12-14 years","years","2","12-14 years","Age daily (ever)","Age started smoking daily grouped - ever-daily","PUMF: midpoint imputation from grouped categories","3.0.0-alpha","2026-01-04","active","Removed _i. Clearer label. PUMF only for 2015-2021.",""
"SMKG040_cont","N/A","cont","cchs2015_2016_p, cchs2017_2018_p, cchs2021_p","[SMKG040]","","cat","16","11","15-17 years","Midpoint of 15-17 years","years","3","15-17 years","Age daily (ever)","Age started smoking daily grouped - ever-daily","PUMF: midpoint imputation from grouped categories","3.0.0-alpha","2026-01-04","active","Removed _i. Clearer label. PUMF only for 2015-2021.",""
"SMKG040_cont","N/A","cont","cchs2015_2016_p, cchs2017_2018_p, cchs2021_p","[SMKG040]","","cat","18.5","11","18-19 years","Midpoint of 18-19 years","years","4","18-19 years","Age daily (ever)","Age started smoking daily grouped - ever-daily","PUMF: midpoint imputation from grouped categories","3.0.0-alpha","2026-01-04","active","Removed _i. Clearer label. PUMF only for 2015-2021.",""
"SMKG040_cont","N/A","cont","cchs2015_2016_p, cchs2017_2018_p, cchs2021_p","[SMKG040]","","cat","22","11","20-24 years","Midpoint of 20-24 years","years","5","20-24 years","Age daily (ever)","Age started smoking daily grouped - ever-daily","PUMF: midpoint imputation from grouped categories","3.0.0-alpha","2026-01-04","active","Removed _i. Clearer label. PUMF only for 2015-2021.",""
"SMKG040_cont","N/A","cont","cchs2015_2016_p, cchs2017_2018_p, cchs2021_p","[SMKG040]","","cat","27","11","25-29 years","Midpoint of 25-29 years","years","6","25-29 years","Age daily (ever)","Age started smoking daily grouped - ever-daily","PUMF: midpoint imputation from grouped categories","3.0.0-alpha","2026-01-04","active","Removed _i. Clearer label. PUMF only for 2015-2021.",""
"SMKG040_cont","N/A","cont","cchs2015_2016_p, cchs2017_2018_p, cchs2021_p","[SMKG040]","","cat","32","11","30-34 years","Midpoint of 30-34 years","years","7","30-34 years","Age daily (ever)","Age started smoking daily grouped - ever-daily","PUMF: midpoint imputation from grouped categories","3.0.0-alpha","2026-01-04","active","Removed _i. Clearer label. PUMF only for 2015-2021.",""
"SMKG040_cont","N/A","cont","cchs2015_2016_p, cchs2017_2018_p, cchs2021_p","[SMKG040]","","cat","37","11","35-39 years","Midpoint of 35-39 years","years","8","35-39 years","Age daily (ever)","Age started smoking daily grouped - ever-daily","PUMF: midpoint imputation from grouped categories","3.0.0-alpha","2026-01-04","active","Removed _i. Clearer label. PUMF only for 2015-2021.",""
"SMKG040_cont","N/A","cont","cchs2015_2016_p, cchs2017_2018_p, cchs2021_p","[SMKG040]","","cat","42","11","40-44 years","Midpoint of 40-44 years","years","9","40-44 years","Age daily (ever)","Age started smoking daily grouped - ever-daily","PUMF: midpoint imputation from grouped categories","3.0.0-alpha","2026-01-04","active","Removed _i. Clearer label. PUMF only for 2015-2021.",""
"SMKG040_cont","N/A","cont","cchs2015_2016_p, cchs2017_2018_p, cchs2021_p","[SMKG040]","","cat","47","11","45-49 years","Midpoint of 45-49 years","years","10","45-49 years","Age daily (ever)","Age started smoking daily grouped - ever-daily","PUMF: midpoint imputation from grouped categories","3.0.0-alpha","2026-01-04","active","Removed _i. Clearer label. PUMF only for 2015-2021.",""
"SMKG040_cont","N/A","cont","cchs2015_2016_p, cchs2017_2018_p, cchs2021_p","[SMKG040]","","cat","55","11","50+ years","Assumed midpoint for 50+","years","11","50+ years","Age daily (ever)","Age started smoking daily grouped - ever-daily","PUMF: midpoint imputation from grouped categories","3.0.0-alpha","2026-01-04","active","Removed _i. Clearer label. PUMF only for 2015-2021.",""
"SMKG040_cont","N/A","cont","cchs2015_2016_p, cchs2017_2018_p, cchs2021_p","[SMKG040]","","cat","8","11","5-11 years","Midpoint of 5-11 years","years","1","5-11 years","Age daily (ever)","Age started smoking daily grouped - ever-daily","PUMF: midpoint imputation from grouped categories","3.0.0-alpha","2026-01-04","active","Removed _i. Clearer label. PUMF only for 2015-2021.",""
"SMKG040_cont","N/A","cont","cchs2001_p, cchs2003_p, cchs2005_p, cchs2009_2010_p, cchs2011_2012_p, cchs2013_2014_p","cchs2001_p::[SMKAG203, SMKAG207], cchs2003_p::[SMKCG203, SMKCG207], cchs2005_p::[SMKEG203, SMKEG207], cchs2009_2010_p::[SMKG203, SMKG207], cchs2011_2012_p::[SMKG203, SMKG207], cchs2013_2014_p::[SMKG203, SMKG207]","","cat","Func::calculate_SMKG040","N/A","","Age in years (pseudo-continuous)","years","[1,55]","","Age daily (ever)","Age started smoking daily - ever-daily (derived)","PUMF: midpoint imputation from grouped categories","3.0.0-alpha","2026-01-04","active","Removed _i. Clearer label. PUMF only for 2015-2021.",""
"SMKG040_cont","N/A","cont","cchs2015_2016_p, cchs2017_2018_p, cchs2021_p","[SMKG040]","","cat","NA::a","11","","Not applicable","","96","","Age daily (ever)","Age started smoking daily grouped - ever-daily","PUMF: midpoint imputation from grouped categories","3.0.0-alpha","2026-01-04","active","Removed _i. Clearer label. PUMF only for 2015-2021.",""
"SMKG040_cont","N/A","cont","cchs2015_2016_p, cchs2017_2018_p, cchs2021_p","[SMKG040]","","cat","NA::b","11","","Catch-all missing","","else","","Age daily (ever)","Age started smoking daily grouped - ever-daily","PUMF: midpoint imputation from grouped categories","3.0.0-alpha","2026-01-04","active","Removed _i. Clearer label. PUMF only for 2015-2021.",""
"SMKG040_cont","N/A","cont","cchs2015_2016_p, cchs2017_2018_p, cchs2021_p","[SMKG040]","","cat","NA::b","11","","Not stated","","99","","Age daily (ever)","Age started smoking daily grouped - ever-daily","PUMF: midpoint imputation from grouped categories","3.0.0-alpha","2026-01-04","active","Removed _i. Clearer label. PUMF only for 2015-2021.",""
"SMKG040_cont","N/A","cont","cchs2001_p, cchs2003_p, cchs2005_p, cchs2009_2010_p, cchs2011_2012_p, cchs2013_2014_p","cchs2001_p::[SMKAG203, SMKAG207], cchs2003_p::[SMKCG203, SMKCG207], cchs2005_p::[SMKEG203, SMKEG207], cchs2009_2010_p::[SMKG203, SMKG207], cchs2011_2012_p::[SMKG203, SMKG207], cchs2013_2014_p::[SMKG203, SMKG207]","","cat","NA::b","N/A","","Catch-all missing","","else","","Age daily (ever)","Age started smoking daily - ever-daily (derived)","PUMF: midpoint imputation from grouped categories","3.0.0-alpha","2026-01-04","active","Removed _i. Clearer label. PUMF only for 2015-2021.",""
"SMKG203_cont","N/A","cont","cchs2001_p, cchs2003_p","cchs2001_p::SMKAG203, cchs2003_p::SMKCG203","","cat","13","10","12-14 years","Midpoint of 12-14 years","years","2","12-14 years","Age daily (ever)","Age started smoking daily grouped - current daily","PUMF: midpoint imputation from grouped categories","3.0.0-alpha","2026-01-04","active","Removed _i. Clearer label. PUMF only for 2001-2021.",""
"SMKG203_cont","N/A","cont","cchs2005_p, cchs2009_2010_p, cchs2011_2012_p, cchs2013_2014_p","cchs2005_p::SMKEG203, cchs2009_2010_p::SMKG203, cchs2011_2012_p::SMKG203, cchs2013_2014_p::SMKG203","","cat","13","11","12-14 years","Midpoint of 12-14 years","years","2","12-14 years","Age daily (ever)","Age started smoking daily grouped - current daily","PUMF: midpoint imputation from grouped categories","3.0.0-alpha","2026-01-04","active","Removed _i. Clearer label. PUMF only for 2001-2021.",""
"SMKG203_cont","N/A","cont","cchs2005_p, cchs2009_2010_p, cchs2011_2012_p, cchs2013_2014_p","cchs2005_p::SMKEG203, cchs2009_2010_p::SMKG203, cchs2011_2012_p::SMKG203, cchs2013_2014_p::SMKG203","","cat","16","11","15-17 years","Midpoint of 15-17 years","years","3","15-17 years","Age daily (ever)","Age started smoking daily grouped - current daily","PUMF: midpoint imputation from grouped categories","3.0.0-alpha","2026-01-04","active","Removed _i. Clearer label. PUMF only for 2001-2021.",""
"SMKG203_cont","N/A","cont","cchs2001_p, cchs2003_p","cchs2001_p::SMKAG203, cchs2003_p::SMKCG203","","cat","17","10","15-19 years","Midpoint of 15-19 years","years","3","15-19 years","Age daily (ever)","Age started smoking daily grouped - current daily","PUMF: midpoint imputation from grouped categories","3.0.0-alpha","2026-01-04","active","Removed _i. Clearer label. PUMF only for 2001-2021.",""
"SMKG203_cont","N/A","cont","cchs2005_p, cchs2009_2010_p, cchs2011_2012_p, cchs2013_2014_p","cchs2005_p::SMKEG203, cchs2009_2010_p::SMKG203, cchs2011_2012_p::SMKG203, cchs2013_2014_p::SMKG203","","cat","18.5","11","18-19 years","Midpoint of 18-19 years","years","4","18-19 years","Age daily (ever)","Age started smoking daily grouped - current daily","PUMF: midpoint imputation from grouped categories","3.0.0-alpha","2026-01-04","active","Removed _i. Clearer label. PUMF only for 2001-2021.",""
"SMKG203_cont","N/A","cont","cchs2001_p, cchs2003_p","cchs2001_p::SMKAG203, cchs2003_p::SMKCG203","","cat","22","10","20-24 years","Midpoint of 20-24 years","years","4","20-24 years","Age daily (ever)","Age started smoking daily grouped - current daily","PUMF: midpoint imputation from grouped categories","3.0.0-alpha","2026-01-04","active","Removed _i. Clearer label. PUMF only for 2001-2021.",""
"SMKG203_cont","N/A","cont","cchs2005_p, cchs2009_2010_p, cchs2011_2012_p, cchs2013_2014_p","cchs2005_p::SMKEG203, cchs2009_2010_p::SMKG203, cchs2011_2012_p::SMKG203, cchs2013_2014_p::SMKG203","","cat","22","11","20-24 years","Midpoint of 20-24 years","years","5","20-24 years","Age daily (ever)","Age started smoking daily grouped - current daily","PUMF: midpoint imputation from grouped categories","3.0.0-alpha","2026-01-04","active","Removed _i. Clearer label. PUMF only for 2001-2021.",""
"SMKG203_cont","N/A","cont","cchs2001_p, cchs2003_p","cchs2001_p::SMKAG203, cchs2003_p::SMKCG203","","cat","27","10","25-29 years","Midpoint of 25-29 years","years","5","25-29 years","Age daily (ever)","Age started smoking daily grouped - current daily","PUMF: midpoint imputation from grouped categories","3.0.0-alpha","2026-01-04","active","Removed _i. Clearer label. PUMF only for 2001-2021.",""
"SMKG203_cont","N/A","cont","cchs2005_p, cchs2009_2010_p, cchs2011_2012_p, cchs2013_2014_p","cchs2005_p::SMKEG203, cchs2009_2010_p::SMKG203, cchs2011_2012_p::SMKG203, cchs2013_2014_p::SMKG203","","cat","27","11","25-29 years","Midpoint of 25-29 years","years","6","25-29 years","Age daily (ever)","Age started smoking daily grouped - current daily","PUMF: midpoint imputation from grouped categories","3.0.0-alpha","2026-01-04","active","Removed _i. Clearer label. PUMF only for 2001-2021.",""
"SMKG203_cont","N/A","cont","cchs2001_p, cchs2003_p","cchs2001_p::SMKAG203, cchs2003_p::SMKCG203","","cat","32","10","30-34 years","Midpoint of 30-34 years","years","6","30-34 years","Age daily (ever)","Age started smoking daily grouped - current daily","PUMF: midpoint imputation from grouped categories","3.0.0-alpha","2026-01-04","active","Removed _i. Clearer label. PUMF only for 2001-2021.",""
"SMKG203_cont","N/A","cont","cchs2005_p, cchs2009_2010_p, cchs2011_2012_p, cchs2013_2014_p","cchs2005_p::SMKEG203, cchs2009_2010_p::SMKG203, cchs2011_2012_p::SMKG203, cchs2013_2014_p::SMKG203","","cat","32","11","30-34 years","Midpoint of 30-34 years","years","7","30-34 years","Age daily (ever)","Age started smoking daily grouped - current daily","PUMF: midpoint imputation from grouped categories","3.0.0-alpha","2026-01-04","active","Removed _i. Clearer label. PUMF only for 2001-2021.",""
"SMKG203_cont","N/A","cont","cchs2001_p, cchs2003_p","cchs2001_p::SMKAG203, cchs2003_p::SMKCG203","","cat","37","10","35-39 years","Midpoint of 35-39 years","years","7","35-39 years","Age daily (ever)","Age started smoking daily grouped - current daily","PUMF: midpoint imputation from grouped categories","3.0.0-alpha","2026-01-04","active","Removed _i. Clearer label. PUMF only for 2001-2021.",""
"SMKG203_cont","N/A","cont","cchs2005_p, cchs2009_2010_p, cchs2011_2012_p, cchs2013_2014_p","cchs2005_p::SMKEG203, cchs2009_2010_p::SMKG203, cchs2011_2012_p::SMKG203, cchs2013_2014_p::SMKG203","","cat","37","11","35-39 years","Midpoint of 35-39 years","years","8","35-39 years","Age daily (ever)","Age started smoking daily grouped - current daily","PUMF: midpoint imputation from grouped categories","3.0.0-alpha","2026-01-04","active","Removed _i. Clearer label. PUMF only for 2001-2021.",""
"SMKG203_cont","N/A","cont","cchs2001_p, cchs2003_p","cchs2001_p::SMKAG203, cchs2003_p::SMKCG203","","cat","42","10","40-44 years","Midpoint of 40-44 years","years","8","40-44 years","Age daily (ever)","Age started smoking daily grouped - current daily","PUMF: midpoint imputation from grouped categories","3.0.0-alpha","2026-01-04","active","Removed _i. Clearer label. PUMF only for 2001-2021.",""
"SMKG203_cont","N/A","cont","cchs2005_p, cchs2009_2010_p, cchs2011_2012_p, cchs2013_2014_p","cchs2005_p::SMKEG203, cchs2009_2010_p::SMKG203, cchs2011_2012_p::SMKG203, cchs2013_2014_p::SMKG203","","cat","42","11","40-44 years","Midpoint of 40-44 years","years","9","40-44 years","Age daily (ever)","Age started smoking daily grouped - current daily","PUMF: midpoint imputation from grouped categories","3.0.0-alpha","2026-01-04","active","Removed _i. Clearer label. PUMF only for 2001-2021.",""
"SMKG203_cont","N/A","cont","cchs2001_p, cchs2003_p","cchs2001_p::SMKAG203, cchs2003_p::SMKCG203","","cat","47","10","45-49 years","Midpoint of 45-49 years","years","9","45-49 years","Age daily (ever)","Age started smoking daily grouped - current daily","PUMF: midpoint imputation from grouped categories","3.0.0-alpha","2026-01-04","active","Removed _i. Clearer label. PUMF only for 2001-2021.",""
"SMKG203_cont","N/A","cont","cchs2005_p, cchs2009_2010_p, cchs2011_2012_p, cchs2013_2014_p","cchs2005_p::SMKEG203, cchs2009_2010_p::SMKG203, cchs2011_2012_p::SMKG203, cchs2013_2014_p::SMKG203","","cat","47","11","45-49 years","Midpoint of 45-49 years","years","10","45-49 years","Age daily (ever)","Age started smoking daily grouped - current daily","PUMF: midpoint imputation from grouped categories","3.0.0-alpha","2026-01-04","active","Removed _i. Clearer label. PUMF only for 2001-2021.",""
"SMKG203_cont","N/A","cont","cchs2001_p, cchs2003_p","cchs2001_p::SMKAG203, cchs2003_p::SMKCG203","","cat","55","10","50+ years","Assumed midpoint for 50+","years","10","50+ years","Age daily (ever)","Age started smoking daily grouped - current daily","PUMF: midpoint imputation from grouped categories","3.0.0-alpha","2026-01-04","active","Removed _i. Clearer label. PUMF only for 2001-2021.",""
"SMKG203_cont","N/A","cont","cchs2005_p, cchs2009_2010_p, cchs2011_2012_p, cchs2013_2014_p","cchs2005_p::SMKEG203, cchs2009_2010_p::SMKG203, cchs2011_2012_p::SMKG203, cchs2013_2014_p::SMKG203","","cat","55","11","50+ years","Assumed midpoint for 50+","years","11","50+ years","Age daily (ever)","Age started smoking daily grouped - current daily","PUMF: midpoint imputation from grouped categories","3.0.0-alpha","2026-01-04","active","Removed _i. Clearer label. PUMF only for 2001-2021.",""
"SMKG203_cont","N/A","cont","cchs2001_p, cchs2003_p","cchs2001_p::SMKAG203, cchs2003_p::SMKCG203","","cat","8","10","5-11 years","Midpoint of 5-11 years","years","1","5-11 years","Age daily (ever)","Age started smoking daily grouped - current daily","PUMF: midpoint imputation from grouped categories","3.0.0-alpha","2026-01-04","active","Removed _i. Clearer label. PUMF only for 2001-2021.",""
"SMKG203_cont","N/A","cont","cchs2005_p, cchs2009_2010_p, cchs2011_2012_p, cchs2013_2014_p","cchs2005_p::SMKEG203, cchs2009_2010_p::SMKG203, cchs2011_2012_p::SMKG203, cchs2013_2014_p::SMKG203","","cat","8","11","5-11 years","Midpoint of 5-11 years","years","1","5-11 years","Age daily (ever)","Age started smoking daily grouped - current daily","PUMF: midpoint imputation from grouped categories","3.0.0-alpha","2026-01-04","active","Removed _i. Clearer label. PUMF only for 2001-2021.",""
"SMKG203_cont","N/A","cont","cchs2015_2016_p, cchs2017_2018_p, cchs2021_p","[[SMKG005, SMKG040]]","","cat","Func::calculate_SMKG203_continuous","N/A","","Age in years (pseudo-continuous)","years","[1,55]","","Age daily (curr)","Age started smoking daily - current daily (derived)","PUMF: midpoint imputation from grouped categories","3.0.0-alpha","2026-01-04","active","Removed _i. Clearer label. PUMF only for 2001-2021.",""
"SMKG203_cont","N/A","cont","cchs2001_p, cchs2003_p","cchs2001_p::SMKAG203, cchs2003_p::SMKCG203","","cat","NA::a","10","","Not applicable","","96","","Age daily (ever)","Age started smoking daily grouped - current daily","PUMF: midpoint imputation from grouped categories","3.0.0-alpha","2026-01-04","active","Removed _i. Clearer label. PUMF only for 2001-2021.",""
"SMKG203_cont","N/A","cont","cchs2005_p, cchs2009_2010_p, cchs2011_2012_p, cchs2013_2014_p","cchs2005_p::SMKEG203, cchs2009_2010_p::SMKG203, cchs2011_2012_p::SMKG203, cchs2013_2014_p::SMKG203","","cat","NA::a","11","","Not applicable","","96","","Age daily (ever)","Age started smoking daily grouped - current daily","PUMF: midpoint imputation from grouped categories","3.0.0-alpha","2026-01-04","active","Removed _i. Clearer label. PUMF only for 2001-2021.",""
"SMKG203_cont","N/A","cont","cchs2001_p, cchs2003_p","cchs2001_p::SMKAG203, cchs2003_p::SMKCG203","","cat","NA::b","10","","Catch-all missing","","else","","Age daily (ever)","Age started smoking daily grouped - current daily","PUMF: midpoint imputation from grouped categories","3.0.0-alpha","2026-01-04","active","Removed _i. Clearer label. PUMF only for 2001-2021.",""
"SMKG203_cont","N/A","cont","cchs2001_p, cchs2003_p","cchs2001_p::SMKAG203, cchs2003_p::SMKCG203","","cat","NA::b","10","","Not stated","","99","","Age daily (ever)","Age started smoking daily grouped - current daily","PUMF: midpoint imputation from grouped categories","3.0.0-alpha","2026-01-04","active","Removed _i. Clearer label. PUMF only for 2001-2021.",""
"SMKG203_cont","N/A","cont","cchs2005_p, cchs2009_2010_p, cchs2011_2012_p, cchs2013_2014_p","cchs2005_p::SMKEG203, cchs2009_2010_p::SMKG203, cchs2011_2012_p::SMKG203, cchs2013_2014_p::SMKG203","","cat","NA::b","11","","Catch-all missing","","else","","Age daily (ever)","Age started smoking daily grouped - current daily","PUMF: midpoint imputation from grouped categories","3.0.0-alpha","2026-01-04","active","Removed _i. Clearer label. PUMF only for 2001-2021.",""
"SMKG203_cont","N/A","cont","cchs2005_p, cchs2009_2010_p, cchs2011_2012_p, cchs2013_2014_p","cchs2005_p::SMKEG203, cchs2009_2010_p::SMKG203, cchs2011_2012_p::SMKG203, cchs2013_2014_p::SMKG203","","cat","NA::b","11","","Not stated","","99","","Age daily (ever)","Age started smoking daily grouped - current daily","PUMF: midpoint imputation from grouped categories","3.0.0-alpha","2026-01-04","active","Removed _i. Clearer label. PUMF only for 2001-2021.",""
"SMKG203_cont","N/A","cont","cchs2015_2016_p, cchs2017_2018_p, cchs2021_p","[[SMKG005, SMKG040]]","","cat","NA::b","N/A","","Catch-all missing","","else","","Age daily (curr)","Age started smoking daily - current daily (derived)","PUMF: midpoint imputation from grouped categories","3.0.0-alpha","2026-01-04","active","Removed _i. Clearer label. PUMF only for 2001-2021.",""
"SMKG207_cont","N/A","cont","cchs2001_p, cchs2003_p","cchs2001_p::SMKAG207, cchs2003_p::SMKCG207","","cat","13","10","12-14 years","Midpoint of 12-14 years","years","2","12-14 years","Age daily (ever)","Age started smoking daily grouped - former daily","PUMF: midpoint imputation from grouped categories","3.0.0-alpha","2026-01-04","active","Removed _s/_i. Clearer label. PUMF only for 2001-2021.",""
"SMKG207_cont","N/A","cont","cchs2005_p, cchs2009_2010_p, cchs2011_2012_p, cchs2013_2014_p","cchs2005_p::SMKEG207, cchs2009_2010_p::SMKG207, cchs2011_2012_p::SMKG207, cchs2013_2014_p::SMKG207","","cat","13","11","12-14 years","Midpoint of 12-14 years","years","2","12-14 years","Age daily (ever)","Age started smoking daily grouped - former daily","PUMF: midpoint imputation from grouped categories","3.0.0-alpha","2026-01-04","active","Removed _s/_i. Clearer label. PUMF only for 2001-2021.",""
"SMKG207_cont","N/A","cont","cchs2005_p, cchs2009_2010_p, cchs2011_2012_p, cchs2013_2014_p","cchs2005_p::SMKEG207, cchs2009_2010_p::SMKG207, cchs2011_2012_p::SMKG207, cchs2013_2014_p::SMKG207","","cat","16","11","15-17 years","Midpoint of 15-17 years","years","3","15-17 years","Age daily (ever)","Age started smoking daily grouped - former daily","PUMF: midpoint imputation from grouped categories","3.0.0-alpha","2026-01-04","active","Removed _s/_i. Clearer label. PUMF only for 2001-2021.",""
"SMKG207_cont","N/A","cont","cchs2001_p, cchs2003_p","cchs2001_p::SMKAG207, cchs2003_p::SMKCG207","","cat","17","10","15-19 years","Midpoint of 15-19 years","years","3","15-19 years","Age daily (ever)","Age started smoking daily grouped - former daily","PUMF: midpoint imputation from grouped categories","3.0.0-alpha","2026-01-04","active","Removed _s/_i. Clearer label. PUMF only for 2001-2021.",""
"SMKG207_cont","N/A","cont","cchs2005_p, cchs2009_2010_p, cchs2011_2012_p, cchs2013_2014_p","cchs2005_p::SMKEG207, cchs2009_2010_p::SMKG207, cchs2011_2012_p::SMKG207, cchs2013_2014_p::SMKG207","","cat","18.5","11","18-19 years","Midpoint of 18-19 years","years","4","18-19 years","Age daily (ever)","Age started smoking daily grouped - former daily","PUMF: midpoint imputation from grouped categories","3.0.0-alpha","2026-01-04","active","Removed _s/_i. Clearer label. PUMF only for 2001-2021.",""
"SMKG207_cont","N/A","cont","cchs2001_p, cchs2003_p","cchs2001_p::SMKAG207, cchs2003_p::SMKCG207","","cat","22","10","20-24 years","Midpoint of 20-24 years","years","4","20-24 years","Age daily (ever)","Age started smoking daily grouped - former daily","PUMF: midpoint imputation from grouped categories","3.0.0-alpha","2026-01-04","active","Removed _s/_i. Clearer label. PUMF only for 2001-2021.",""
"SMKG207_cont","N/A","cont","cchs2005_p, cchs2009_2010_p, cchs2011_2012_p, cchs2013_2014_p","cchs2005_p::SMKEG207, cchs2009_2010_p::SMKG207, cchs2011_2012_p::SMKG207, cchs2013_2014_p::SMKG207","","cat","22","11","20-24 years","Midpoint of 20-24 years","years","5","20-24 years","Age daily (ever)","Age started smoking daily grouped - former daily","PUMF: midpoint imputation from grouped categories","3.0.0-alpha","2026-01-04","active","Removed _s/_i. Clearer label. PUMF only for 2001-2021.",""
"SMKG207_cont","N/A","cont","cchs2001_p, cchs2003_p","cchs2001_p::SMKAG207, cchs2003_p::SMKCG207","","cat","27","10","25-29 years","Midpoint of 25-29 years","years","5","25-29 years","Age daily (ever)","Age started smoking daily grouped - former daily","PUMF: midpoint imputation from grouped categories","3.0.0-alpha","2026-01-04","active","Removed _s/_i. Clearer label. PUMF only for 2001-2021.",""
"SMKG207_cont","N/A","cont","cchs2005_p, cchs2009_2010_p, cchs2011_2012_p, cchs2013_2014_p","cchs2005_p::SMKEG207, cchs2009_2010_p::SMKG207, cchs2011_2012_p::SMKG207, cchs2013_2014_p::SMKG207","","cat","27","11","25-29 years","Midpoint of 25-29 years","years","6","25-29 years","Age daily (ever)","Age started smoking daily grouped - former daily","PUMF: midpoint imputation from grouped categories","3.0.0-alpha","2026-01-04","active","Removed _s/_i. Clearer label. PUMF only for 2001-2021.",""
"SMKG207_cont","N/A","cont","cchs2001_p, cchs2003_p","cchs2001_p::SMKAG207, cchs2003_p::SMKCG207","","cat","32","10","30-34 years","Midpoint of 30-34 years","years","6","30-34 years","Age daily (ever)","Age started smoking daily grouped - former daily","PUMF: midpoint imputation from grouped categories","3.0.0-alpha","2026-01-04","active","Removed _s/_i. Clearer label. PUMF only for 2001-2021.",""
"SMKG207_cont","N/A","cont","cchs2005_p, cchs2009_2010_p, cchs2011_2012_p, cchs2013_2014_p","cchs2005_p::SMKEG207, cchs2009_2010_p::SMKG207, cchs2011_2012_p::SMKG207, cchs2013_2014_p::SMKG207","","cat","32","11","30-34 years","Midpoint of 30-34 years","years","7","30-34 years","Age daily (ever)","Age started smoking daily grouped - former daily","PUMF: midpoint imputation from grouped categories","3.0.0-alpha","2026-01-04","active","Removed _s/_i. Clearer label. PUMF only for 2001-2021.",""
"SMKG207_cont","N/A","cont","cchs2001_p, cchs2003_p","cchs2001_p::SMKAG207, cchs2003_p::SMKCG207","","cat","37","10","35-39 years","Midpoint of 35-39 years","years","7","35-39 years","Age daily (ever)","Age started smoking daily grouped - former daily","PUMF: midpoint imputation from grouped categories","3.0.0-alpha","2026-01-04","active","Removed _s/_i. Clearer label. PUMF only for 2001-2021.",""
"SMKG207_cont","N/A","cont","cchs2005_p, cchs2009_2010_p, cchs2011_2012_p, cchs2013_2014_p","cchs2005_p::SMKEG207, cchs2009_2010_p::SMKG207, cchs2011_2012_p::SMKG207, cchs2013_2014_p::SMKG207","","cat","37","11","35-39 years","Midpoint of 35-39 years","years","8","35-39 years","Age daily (ever)","Age started smoking daily grouped - former daily","PUMF: midpoint imputation from grouped categories","3.0.0-alpha","2026-01-04","active","Removed _s/_i. Clearer label. PUMF only for 2001-2021.",""
"SMKG207_cont","N/A","cont","cchs2001_p, cchs2003_p","cchs2001_p::SMKAG207, cchs2003_p::SMKCG207","","cat","42","10","40-44 years","Midpoint of 40-44 years","years","8","40-44 years","Age daily (ever)","Age started smoking daily grouped - former daily","PUMF: midpoint imputation from grouped categories","3.0.0-alpha","2026-01-04","active","Removed _s/_i. Clearer label. PUMF only for 2001-2021.",""
"SMKG207_cont","N/A","cont","cchs2005_p, cchs2009_2010_p, cchs2011_2012_p, cchs2013_2014_p","cchs2005_p::SMKEG207, cchs2009_2010_p::SMKG207, cchs2011_2012_p::SMKG207, cchs2013_2014_p::SMKG207","","cat","42","11","40-44 years","Midpoint of 40-44 years","years","9","40-44 years","Age daily (ever)","Age started smoking daily grouped - former daily","PUMF: midpoint imputation from grouped categories","3.0.0-alpha","2026-01-04","active","Removed _s/_i. Clearer label. PUMF only for 2001-2021.",""
"SMKG207_cont","N/A","cont","cchs2001_p, cchs2003_p","cchs2001_p::SMKAG207, cchs2003_p::SMKCG207","","cat","47","10","45-49 years","Midpoint of 45-49 years","years","9","45-49 years","Age daily (ever)","Age started smoking daily grouped - former daily","PUMF: midpoint imputation from grouped categories","3.0.0-alpha","2026-01-04","active","Removed _s/_i. Clearer label. PUMF only for 2001-2021.",""
"SMKG207_cont","N/A","cont","cchs2005_p, cchs2009_2010_p, cchs2011_2012_p, cchs2013_2014_p","cchs2005_p::SMKEG207, cchs2009_2010_p::SMKG207, cchs2011_2012_p::SMKG207, cchs2013_2014_p::SMKG207","","cat","47","11","45-49 years","Midpoint of 45-49 years","years","10","45-49 years","Age daily (ever)","Age started smoking daily grouped - former daily","PUMF: midpoint imputation from grouped categories","3.0.0-alpha","2026-01-04","active","Removed _s/_i. Clearer label. PUMF only for 2001-2021.",""
"SMKG207_cont","N/A","cont","cchs2001_p, cchs2003_p","cchs2001_p::SMKAG207, cchs2003_p::SMKCG207","","cat","55","10","50+ years","Assumed midpoint for 50+","years","10","50+ years","Age daily (ever)","Age started smoking daily grouped - former daily","PUMF: midpoint imputation from grouped categories","3.0.0-alpha","2026-01-04","active","Removed _s/_i. Clearer label. PUMF only for 2001-2021.",""
"SMKG207_cont","N/A","cont","cchs2005_p, cchs2009_2010_p, cchs2011_2012_p, cchs2013_2014_p","cchs2005_p::SMKEG207, cchs2009_2010_p::SMKG207, cchs2011_2012_p::SMKG207, cchs2013_2014_p::SMKG207","","cat","55","11","50+ years","Assumed midpoint for 50+","years","11","50+ years","Age daily (ever)","Age started smoking daily grouped - former daily","PUMF: midpoint imputation from grouped categories","3.0.0-alpha","2026-01-04","active","Removed _s/_i. Clearer label. PUMF only for 2001-2021.",""
"SMKG207_cont","N/A","cont","cchs2001_p, cchs2003_p","cchs2001_p::SMKAG207, cchs2003_p::SMKCG207","","cat","8","10","5-11 years","Midpoint of 5-11 years","years","1","5-11 years","Age daily (ever)","Age started smoking daily grouped - former daily","PUMF: midpoint imputation from grouped categories","3.0.0-alpha","2026-01-04","active","Removed _s/_i. Clearer label. PUMF only for 2001-2021.",""
"SMKG207_cont","N/A","cont","cchs2005_p, cchs2009_2010_p, cchs2011_2012_p, cchs2013_2014_p","cchs2005_p::SMKEG207, cchs2009_2010_p::SMKG207, cchs2011_2012_p::SMKG207, cchs2013_2014_p::SMKG207","","cat","8","11","5-11 years","Midpoint of 5-11 years","years","1","5-11 years","Age daily (ever)","Age started smoking daily grouped - former daily","PUMF: midpoint imputation from grouped categories","3.0.0-alpha","2026-01-04","active","Removed _s/_i. Clearer label. PUMF only for 2001-2021.",""
"SMKG207_cont","N/A","cont","cchs2015_2016_p, cchs2017_2018_p, cchs2021_p","[[SMKG005, SMKG030, SMKG040]]","","cat","Func::calculate_SMKG207_continuous","N/A","","Age in years (pseudo-continuous)","years","[1,55]","","Age daily (fmr)","Age started smoking daily - former daily (derived)","PUMF: midpoint imputation from grouped categories","3.0.0-alpha","2026-01-04","active","Removed _s/_i. Clearer label. PUMF only for 2001-2021.",""
"SMKG207_cont","N/A","cont","cchs2001_p, cchs2003_p","cchs2001_p::SMKAG207, cchs2003_p::SMKCG207","","cat","NA::a","10","","Not applicable","","96","","Age daily (ever)","Age started smoking daily grouped - former daily","PUMF: midpoint imputation from grouped categories","3.0.0-alpha","2026-01-04","active","Removed _s/_i. Clearer label. PUMF only for 2001-2021.",""
"SMKG207_cont","N/A","cont","cchs2005_p, cchs2009_2010_p, cchs2011_2012_p, cchs2013_2014_p","cchs2005_p::SMKEG207, cchs2009_2010_p::SMKG207, cchs2011_2012_p::SMKG207, cchs2013_2014_p::SMKG207","","cat","NA::a","11","","Not applicable","","96","","Age daily (ever)","Age started smoking daily grouped - former daily","PUMF: midpoint imputation from grouped categories","3.0.0-alpha","2026-01-04","active","Removed _s/_i. Clearer label. PUMF only for 2001-2021.",""
"SMKG207_cont","N/A","cont","cchs2001_p, cchs2003_p","cchs2001_p::SMKAG207, cchs2003_p::SMKCG207","","cat","NA::b","10","","Catch-all missing","","else","","Age daily (ever)","Age started smoking daily grouped - former daily","PUMF: midpoint imputation from grouped categories","3.0.0-alpha","2026-01-04","active","Removed _s/_i. Clearer label. PUMF only for 2001-2021.",""
"SMKG207_cont","N/A","cont","cchs2001_p, cchs2003_p","cchs2001_p::SMKAG207, cchs2003_p::SMKCG207","","cat","NA::b","10","","Not stated","","99","","Age daily (ever)","Age started smoking daily grouped - former daily","PUMF: midpoint imputation from grouped categories","3.0.0-alpha","2026-01-04","active","Removed _s/_i. Clearer label. PUMF only for 2001-2021.",""
"SMKG207_cont","N/A","cont","cchs2005_p, cchs2009_2010_p, cchs2011_2012_p, cchs2013_2014_p","cchs2005_p::SMKEG207, cchs2009_2010_p::SMKG207, cchs2011_2012_p::SMKG207, cchs2013_2014_p::SMKG207","","cat","NA::b","11","","Catch-all missing","","else","","Age daily (ever)","Age started smoking daily grouped - former daily","PUMF: midpoint imputation from grouped categories","3.0.0-alpha","2026-01-04","active","Removed _s/_i. Clearer label. PUMF only for 2001-2021.",""
"SMKG207_cont","N/A","cont","cchs2005_p, cchs2009_2010_p, cchs2011_2012_p, cchs2013_2014_p","cchs2005_p::SMKEG207, cchs2009_2010_p::SMKG207, cchs2011_2012_p::SMKG207, cchs2013_2014_p::SMKG207","","cat","NA::b","11","","Not stated","","99","","Age daily (ever)","Age started smoking daily grouped - former daily","PUMF: midpoint imputation from grouped categories","3.0.0-alpha","2026-01-04","active","Removed _s/_i. Clearer label. PUMF only for 2001-2021.",""
"SMKG207_cont","N/A","cont","cchs2015_2016_p, cchs2017_2018_p, cchs2021_p","[[SMKG005, SMKG030, SMKG040]]","","cat","NA::b","N/A","","Catch-all missing","","else","","Age daily (fmr)","Age started smoking daily - former daily (derived)","PUMF: midpoint imputation from grouped categories","3.0.0-alpha","2026-01-04","active","Removed _s/_i. Clearer label. PUMF only for 2001-2021.",""
"SMK_01C","N/A","cont","cchs2001_m, cchs2003_m, cchs2005_m, cchs2007_2008_m, cchs2009_2010_m, cchs2011_2012_m, cchs2013_2014_m, cchs2015_2016_m, cchs2017_2018_m, cchs2019_2020_m, cchs2021_m, cchs2022_m, cchs2023_m","cchs2001_m::SMKA_01C, cchs2003_m::SMKC_01C, cchs2005_m::SMKE_01C, cchs2007_2008_m::SMK_01C, cchs2009_2010_m::SMK_01C, cchs2011_2012_m::SMK_01C, cchs2013_2014_m::SMK_01C, cchs2015_2016_m::SMK_035, cchs2017_2018_m::SMK_035, cchs2019_2020_m::SMK_035, cchs2021_m::SMK_035, cchs2022_m::CSS_10, cchs2023_m::CSS_10","","cont","NA::a","N/A","","Not applicable","","96","","Age 1st cig","Age smoked first whole cigarette","","3.0.0-alpha","2026-01-04","active","NEW: Age first cigarette (continuous) for Master files 2001-2023.",""
"SMK_01C","N/A","cont","cchs2001_m, cchs2003_m, cchs2005_m, cchs2007_2008_m, cchs2009_2010_m, cchs2011_2012_m, cchs2013_2014_m, cchs2015_2016_m, cchs2017_2018_m, cchs2019_2020_m, cchs2021_m, cchs2022_m, cchs2023_m","cchs2001_m::SMKA_01C, cchs2003_m::SMKC_01C, cchs2005_m::SMKE_01C, cchs2007_2008_m::SMK_01C, cchs2009_2010_m::SMK_01C, cchs2011_2012_m::SMK_01C, cchs2013_2014_m::SMK_01C, cchs2015_2016_m::SMK_035, cchs2017_2018_m::SMK_035, cchs2019_2020_m::SMK_035, cchs2021_m::SMK_035, cchs2022_m::CSS_10, cchs2023_m::CSS_10","","cont","NA::b","N/A","","Catch-all missing","","else","","Age 1st cig","Age smoked first whole cigarette","","3.0.0-alpha","2026-01-04","active","NEW: Age first cigarette (continuous) for Master files 2001-2023.",""
"SMK_01C","N/A","cont","cchs2001_m, cchs2003_m, cchs2005_m, cchs2007_2008_m, cchs2009_2010_m, cchs2011_2012_m, cchs2013_2014_m, cchs2015_2016_m, cchs2017_2018_m, cchs2019_2020_m, cchs2021_m, cchs2022_m, cchs2023_m","cchs2001_m::SMKA_01C, cchs2003_m::SMKC_01C, cchs2005_m::SMKE_01C, cchs2007_2008_m::SMK_01C, cchs2009_2010_m::SMK_01C, cchs2011_2012_m::SMK_01C, cchs2013_2014_m::SMK_01C, cchs2015_2016_m::SMK_035, cchs2017_2018_m::SMK_035, cchs2019_2020_m::SMK_035, cchs2021_m::SMK_035, cchs2022_m::CSS_10, cchs2023_m::CSS_10","","cont","NA::b","N/A","","Don't know/Refusal/Not stated","","[97,99]","","Age 1st cig","Age smoked first whole cigarette","","3.0.0-alpha","2026-01-04","active","NEW: Age first cigarette (continuous) for Master files 2001-2023.",""
"SMK_01C","N/A","cont","cchs2001_m, cchs2003_m, cchs2005_m, cchs2007_2008_m, cchs2009_2010_m, cchs2011_2012_m, cchs2013_2014_m, cchs2015_2016_m, cchs2017_2018_m, cchs2019_2020_m, cchs2021_m, cchs2022_m, cchs2023_m","cchs2001_m::SMKA_01C, cchs2003_m::SMKC_01C, cchs2005_m::SMKE_01C, cchs2007_2008_m::SMK_01C, cchs2009_2010_m::SMK_01C, cchs2011_2012_m::SMK_01C, cchs2013_2014_m::SMK_01C, cchs2015_2016_m::SMK_035, cchs2017_2018_m::SMK_035, cchs2019_2020_m::SMK_035, cchs2021_m::SMK_035, cchs2022_m::CSS_10, cchs2023_m::CSS_10","","cont","copy","N/A","","Age in years","years","[8,99]","","Age 1st cig","Age smoked first whole cigarette","Evidence-based minimum age 8 (Holford et al.)","3.0.0-alpha","2026-01-04","active","NEW: Age first cigarette (continuous) for Master files 2001-2023.",""
"SMK_040","N/A","cont","cchs2001_m, cchs2003_m, cchs2005_m, cchs2007_2008_m, cchs2009_2010_m, cchs2011_2012_m, cchs2013_2014_m","cchs2001_m::[SMKA_203, SMKA_207], cchs2003_m::[SMKC_203, SMKC_207], cchs2005_m::[SMKE_203, SMKE_207], cchs2007_2008_m::[SMK_203, SMK_207], cchs2009_2010_m::[SMK_203, SMK_207], cchs2011_2012_m::[SMK_203, SMK_207], cchs2013_2014_m::[SMK_203, SMK_207]","","cont","Func::calculate_SMKG040","N/A","","Age in years","years","[8,99]","","Age daily (ever)","Age started smoking daily - ever-daily","Evidence-based minimum age 8 (Holford et al.)","3.0.0-alpha","2026-01-04","active","NEW: Age started daily (continuous, ever-daily) for Master 2001-2023.",""
"SMK_040","N/A","cont","cchs2015_2016_m, cchs2017_2018_m, cchs2019_2020_m, cchs2021_m, cchs2022_m, cchs2023_m, cchs2009_2010_m, cchs2011_2012_m, cchs2013_2014_m","cchs2015_2016_m::SMK_040, cchs2017_2018_m::SMK_040, cchs2019_2020_m::SMK_040, cchs2021_m::SMK_040, cchs2022_m::SPU_15, cchs2023_m::SPU_15","","cont","NA::a","N/A","","Not applicable","","96","","Age daily (ever)","Age started smoking daily - ever-daily","","3.0.0-alpha","2026-01-04","active","NEW: Age started daily (continuous, ever-daily) for Master 2001-2023.",""
"SMK_040","N/A","cont","cchs2001_m, cchs2003_m, cchs2005_m, cchs2007_2008_m, cchs2009_2010_m, cchs2011_2012_m, cchs2013_2014_m, cchs2015_2016_m, cchs2017_2018_m, cchs2019_2020_m, cchs2021_m, cchs2022_m, cchs2023_m","cchs2001_m::[SMKA_203, SMKA_207], cchs2003_m::[SMKC_203, SMKC_207], cchs2005_m::[SMKE_203, SMKE_207], cchs2007_2008_m::[SMK_203, SMK_207], cchs2009_2010_m::[SMK_203, SMK_207], cchs2011_2012_m::[SMK_203, SMK_207], cchs2013_2014_m::[SMK_203, SMK_207], cchs2015_2016_m::SMK_040, cchs2017_2018_m::SMK_040, cchs2019_2020_m::SMK_040, cchs2021_m::SMK_040, cchs2022_m::SPU_15, cchs2023_m::SPU_15","","cont","NA::b","N/A","","Catch-all missing","","else","","Age daily (ever)","Age started smoking daily - ever-daily","","3.0.0-alpha","2026-01-04","active","NEW: Age started daily (continuous, ever-daily) for Master 2001-2023.",""
"SMK_040","N/A","cont","cchs2015_2016_m, cchs2017_2018_m, cchs2019_2020_m, cchs2021_m, cchs2022_m, cchs2023_m, cchs2009_2010_m, cchs2011_2012_m, cchs2013_2014_m","cchs2015_2016_m::SMK_040, cchs2017_2018_m::SMK_040, cchs2019_2020_m::SMK_040, cchs2021_m::SMK_040, cchs2022_m::SPU_15, cchs2023_m::SPU_15","","cont","NA::b","N/A","","Don't know/Refusal/Not stated","","[97,99]","","Age daily (ever)","Age started smoking daily - ever-daily","","3.0.0-alpha","2026-01-04","active","NEW: Age started daily (continuous, ever-daily) for Master 2001-2023.",""
"SMK_040","N/A","cont","cchs2015_2016_m, cchs2017_2018_m, cchs2019_2020_m, cchs2021_m, cchs2022_m, cchs2023_m, cchs2009_2010_m, cchs2011_2012_m, cchs2013_2014_m","cchs2015_2016_m::SMK_040, cchs2017_2018_m::SMK_040, cchs2019_2020_m::SMK_040, cchs2021_m::SMK_040, cchs2022_m::SPU_15, cchs2023_m::SPU_15","","cont","copy","N/A","","Age in years","years","[8,99]","","Age daily (ever)","Age started smoking daily - ever-daily","Evidence-based minimum age 8 (Holford et al.)","3.0.0-alpha","2026-01-04","active","NEW: Age started daily (continuous, ever-daily) for Master 2001-2023.",""
"SMK_203","N/A","cont","cchs2015_2016_m, cchs2017_2018_m, cchs2019_2020_m, cchs2021_m, cchs2022_m, cchs2023_m, cchs2009_2010_m, cchs2011_2012_m, cchs2013_2014_m","cchs2015_2016_m::[SMK_005, SMK_040], cchs2017_2018_m::[SMK_005, SMK_040], cchs2019_2020_m::[SMK_005, SMK_040], cchs2021_m::[SMK_005, SMK_040], cchs2022_m::[CSS_05, SPU_15], cchs2023_m::[CSS_05, SPU_15]","","cont","Func::calculate_SMKG203_from_combined","N/A","","Age in years","years","[8,99]","","Age daily (curr)","Age started smoking daily - current daily","Evidence-based minimum age 8 (Holford et al.)","3.0.0-alpha","2026-01-04","active","NEW: Age started daily (continuous, current daily) for Master 2001-2023.",""
"SMK_203","N/A","cont","cchs2001_m, cchs2003_m, cchs2005_m, cchs2007_2008_m, cchs2009_2010_m, cchs2011_2012_m, cchs2013_2014_m","cchs2001_m::SMKA_203, cchs2003_m::SMKC_203, cchs2005_m::SMKE_203, cchs2007_2008_m::SMK_203, cchs2009_2010_m::SMK_203, cchs2011_2012_m::SMK_203, cchs2013_2014_m::SMK_203","","cont","NA::a","N/A","","Not applicable","","96","","Age daily (curr)","Age started smoking daily - current daily","","3.0.0-alpha","2026-01-04","active","NEW: Age started daily (continuous, current daily) for Master 2001-2023.",""
"SMK_203","N/A","cont","cchs2001_m, cchs2003_m, cchs2005_m, cchs2007_2008_m, cchs2009_2010_m, cchs2011_2012_m, cchs2013_2014_m, cchs2015_2016_m, cchs2017_2018_m, cchs2019_2020_m, cchs2021_m, cchs2022_m, cchs2023_m","cchs2001_m::SMKA_203, cchs2003_m::SMKC_203, cchs2005_m::SMKE_203, cchs2007_2008_m::SMK_203, cchs2009_2010_m::SMK_203, cchs2011_2012_m::SMK_203, cchs2013_2014_m::SMK_203, cchs2015_2016_m::[SMK_005, SMK_040], cchs2017_2018_m::[SMK_005, SMK_040], cchs2019_2020_m::[SMK_005, SMK_040], cchs2021_m::[SMK_005, SMK_040], cchs2022_m::[CSS_05, SPU_15], cchs2023_m::[CSS_05, SPU_15]","","cont","NA::b","N/A","","Catch-all missing","","else","","Age daily (curr)","Age started smoking daily - current daily","","3.0.0-alpha","2026-01-04","active","NEW: Age started daily (continuous, current daily) for Master 2001-2023.",""
"SMK_203","N/A","cont","cchs2001_m, cchs2003_m, cchs2005_m, cchs2007_2008_m, cchs2009_2010_m, cchs2011_2012_m, cchs2013_2014_m","cchs2001_m::SMKA_203, cchs2003_m::SMKC_203, cchs2005_m::SMKE_203, cchs2007_2008_m::SMK_203, cchs2009_2010_m::SMK_203, cchs2011_2012_m::SMK_203, cchs2013_2014_m::SMK_203","","cont","NA::b","N/A","","Don't know/Refusal/Not stated","","[97,99]","","Age daily (curr)","Age started smoking daily - current daily","","3.0.0-alpha","2026-01-04","active","NEW: Age started daily (continuous, current daily) for Master 2001-2023.",""
"SMK_203","N/A","cont","cchs2001_m, cchs2003_m, cchs2005_m, cchs2007_2008_m, cchs2009_2010_m, cchs2011_2012_m, cchs2013_2014_m","cchs2001_m::SMKA_203, cchs2003_m::SMKC_203, cchs2005_m::SMKE_203, cchs2007_2008_m::SMK_203, cchs2009_2010_m::SMK_203, cchs2011_2012_m::SMK_203, cchs2013_2014_m::SMK_203","","cont","copy","N/A","","Age in years","years","[8,99]","","Age daily (curr)","Age started smoking daily - current daily","Evidence-based minimum age 8 (Holford et al.)","3.0.0-alpha","2026-01-04","active","NEW: Age started daily (continuous, current daily) for Master 2001-2023.",""
"SMK_207","N/A","cont","cchs2015_2016_m, cchs2017_2018_m, cchs2019_2020_m, cchs2021_m, cchs2022_m, cchs2023_m, cchs2009_2010_m, cchs2011_2012_m, cchs2013_2014_m","cchs2015_2016_m::[SMK_005, SMK_030, SMK_040], cchs2017_2018_m::[SMK_005, SMK_030, SMK_040], cchs2019_2020_m::[SMK_005, SMK_030, SMK_040], cchs2021_m::[SMK_005, SMK_030, SMK_040], cchs2022_m::[CSS_05, SPU_05, SPU_15], cchs2023_m::[CSS_05, SPU_05, SPU_15]","","cont","Func::calculate_SMKG207_from_combined","N/A","","Age in years","years","[8,99]","","Age daily (fmr)","Age started smoking daily - former daily","Evidence-based minimum age 8 (Holford et al.)","3.0.0-alpha","2026-01-04","active","NEW: Age started daily (continuous, former daily) for Master 2001-2023.",""
"SMK_207","N/A","cont","cchs2001_m, cchs2003_m, cchs2005_m, cchs2007_2008_m, cchs2009_2010_m, cchs2011_2012_m, cchs2013_2014_m","cchs2001_m::SMKA_207, cchs2003_m::SMKC_207, cchs2005_m::SMKE_207, cchs2007_2008_m::SMK_207, cchs2009_2010_m::SMK_207, cchs2011_2012_m::SMK_207, cchs2013_2014_m::SMK_207","","cont","NA::a","N/A","","Not applicable","","96","","Age daily (fmr)","Age started smoking daily - former daily","","3.0.0-alpha","2026-01-04","active","NEW: Age started daily (continuous, former daily) for Master 2001-2023.",""
"SMK_207","N/A","cont","cchs2001_m, cchs2003_m, cchs2005_m, cchs2007_2008_m, cchs2009_2010_m, cchs2011_2012_m, cchs2013_2014_m, cchs2015_2016_m, cchs2017_2018_m, cchs2019_2020_m, cchs2021_m, cchs2022_m, cchs2023_m","cchs2001_m::SMKA_207, cchs2003_m::SMKC_207, cchs2005_m::SMKE_207, cchs2007_2008_m::SMK_207, cchs2009_2010_m::SMK_207, cchs2011_2012_m::SMK_207, cchs2013_2014_m::SMK_207, cchs2015_2016_m::[SMK_005, SMK_030, SMK_040], cchs2017_2018_m::[SMK_005, SMK_030, SMK_040], cchs2019_2020_m::[SMK_005, SMK_030, SMK_040], cchs2021_m::[SMK_005, SMK_030, SMK_040], cchs2022_m::[CSS_05, SPU_05, SPU_15], cchs2023_m::[CSS_05, SPU_05, SPU_15]","","cont","NA::b","N/A","","Catch-all missing","","else","","Age daily (fmr)","Age started smoking daily - former daily","","3.0.0-alpha","2026-01-04","active","NEW: Age started daily (continuous, former daily) for Master 2001-2023.",""
"SMK_207","N/A","cont","cchs2001_m, cchs2003_m, cchs2005_m, cchs2007_2008_m, cchs2009_2010_m, cchs2011_2012_m, cchs2013_2014_m","cchs2001_m::SMKA_207, cchs2003_m::SMKC_207, cchs2005_m::SMKE_207, cchs2007_2008_m::SMK_207, cchs2009_2010_m::SMK_207, cchs2011_2012_m::SMK_207, cchs2013_2014_m::SMK_207","","cont","NA::b","N/A","","Don't know/Refusal/Not stated","","[97,99]","","Age daily (fmr)","Age started smoking daily - former daily","","3.0.0-alpha","2026-01-04","active","NEW: Age started daily (continuous, former daily) for Master 2001-2023.",""
"SMK_207","N/A","cont","cchs2001_m, cchs2003_m, cchs2005_m, cchs2007_2008_m, cchs2009_2010_m, cchs2011_2012_m, cchs2013_2014_m","cchs2001_m::SMKA_207, cchs2003_m::SMKC_207, cchs2005_m::SMKE_207, cchs2007_2008_m::SMK_207, cchs2009_2010_m::SMK_207, cchs2011_2012_m::SMK_207, cchs2013_2014_m::SMK_207","","cont","copy","N/A","","Age in years","years","[8,99]","","Age daily (fmr)","Age started smoking daily - former daily","Evidence-based minimum age 8 (Holford et al.)","3.0.0-alpha","2026-01-04","active","NEW: Age started daily (continuous, former daily) for Master 2001-2023.",""
"SMKG01C_A","SMKG01C_A_cat10_1","cat","cchs2001_p, cchs2003_p","cchs2001_p::SMKAG01C, cchs2003_p::SMKCG01C","ICES altered","cat","1","10","5 To 11 Years","age smoked first whole cigarette (5 to 11)","years","1","5 To 11 Years","Smoking initation","Age smoked first cigarette","","3.0.0-alpha","2026-01-04","active","Migrated from production. Converted deprecated _i suffix to _m.","No typeStart"
"SMKG01C_A","SMKG01C_A_cat10_2","cat","cchs2001_p, cchs2003_p","cchs2001_p::SMKAG01C, cchs2003_p::SMKCG01C","ICES altered","cat","2","10","12 To 14 Years","age smoked first whole cigarette (12 to 14)","years","2","12 To 14 Years","Smoking initation","Age smoked first cigarette","","3.0.0-alpha","2026-01-04","active","Migrated from production. Converted deprecated _i suffix to _m.","No typeStart"
"SMKG01C_A","SMKG01C_A_cat10_3","cat","cchs2001_p, cchs2003_p","cchs2001_p::SMKAG01C, cchs2003_p::SMKCG01C","ICES altered","cat","3","10","15 to 19 years","age smoked first whole cigarette (18 to 19)","years","3","15 To 19 Years","Smoking initation","Age smoked first cigarette","","3.0.0-alpha","2026-01-04","active","Migrated from production. Converted deprecated _i suffix to _m.","No typeStart"
"SMKG01C_A","SMKG01C_A_cat10_4","cat","cchs2001_p, cchs2003_p","cchs2001_p::SMKAG01C, cchs2003_p::SMKCG01C","ICES altered","cat","4","10","20 To 24 Years","age smoked first whole cigarette (20 to 24)","years","4","20 To 24 Years","Smoking initation","Age smoked first cigarette","","3.0.0-alpha","2026-01-04","active","Migrated from production. Converted deprecated _i suffix to _m.","No typeStart"
"SMKG01C_A","SMKG01C_A_cat10_5","cat","cchs2001_p, cchs2003_p","cchs2001_p::SMKAG01C, cchs2003_p::SMKCG01C","ICES altered","cat","5","10","25 To 29 Years","age smoked first whole cigarette (25 to 29)","years","5","25 To 29 Years","Smoking initation","Age smoked first cigarette","","3.0.0-alpha","2026-01-04","active","Migrated from production. Converted deprecated _i suffix to _m.","No typeStart"
"SMKG01C_A","SMKG01C_A_cat10_6","cat","cchs2001_p, cchs2003_p","cchs2001_p::SMKAG01C, cchs2003_p::SMKCG01C","ICES altered","cat","6","10","30 To 34 Years","age smoked first whole cigarette (30 to 34)","years","6","30 To 34 Years","Smoking initation","Age smoked first cigarette","","3.0.0-alpha","2026-01-04","active","Migrated from production. Converted deprecated _i suffix to _m.","No typeStart"
"SMKG01C_A","SMKG01C_A_cat10_7","cat","cchs2001_p, cchs2003_p","cchs2001_p::SMKAG01C, cchs2003_p::SMKCG01C","ICES altered","cat","7","10","35 To 39 Years","age smoked first whole cigarette (35 to 39)","years","7","35 To 39 Years","Smoking initation","Age smoked first cigarette","","3.0.0-alpha","2026-01-04","active","Migrated from production. Converted deprecated _i suffix to _m.","No typeStart"
"SMKG01C_A","SMKG01C_A_cat10_8","cat","cchs2001_p, cchs2003_p","cchs2001_p::SMKAG01C, cchs2003_p::SMKCG01C","ICES altered","cat","8","10","40 To 44 Years","age smoked first whole cigarette (40 to 44)","years","8","40 To 44 Years","Smoking initation","Age smoked first cigarette","","3.0.0-alpha","2026-01-04","active","Migrated from production. Converted deprecated _i suffix to _m.","No typeStart"
"SMKG01C_A","SMKG01C_A_cat10_9","cat","cchs2001_p, cchs2003_p","cchs2001_p::SMKAG01C, cchs2003_p::SMKCG01C","ICES altered","cat","9","10","45 To 49 Years","age smoked first whole cigarette (45 to 49)","years","9","45 To 49 Years","Smoking initation","Age smoked first cigarette","","3.0.0-alpha","2026-01-04","active","Migrated from production. Converted deprecated _i suffix to _m.","No typeStart"
"SMKG01C_A","SMKG01C_A_cat10_10","cat","cchs2001_p, cchs2003_p","cchs2001_p::SMKAG01C, cchs2003_p::SMKCG01C","ICES altered","cat","10","10","50 Years or more","age smoked first whole cigarette (50 plus)","years","10","50 Years or more","Smoking initation","Age smoked first cigarette","","3.0.0-alpha","2026-01-04","active","Migrated from production. Converted deprecated _i suffix to _m.","No typeStart"
"SMKG01C_A","SMKG01C_A_cat10_NAa","cat","cchs2001_p, cchs2003_p","cchs2001_p::SMKAG01C, cchs2003_p::SMKCG01C","ICES altered","cat","NA::a","10","not applicable","not applicable","years","96","not applicable","Smoking initation","Age smoked first cigarette","","3.0.0-alpha","2026-01-04","active","Migrated from production. Converted deprecated _i suffix to _m.","No typeStart"
"SMKG01C_A","SMKG01C_A_cat10_NAb","cat","cchs2001_p, cchs2003_p","cchs2001_p::SMKAG01C, cchs2003_p::SMKCG01C","ICES altered","cat","NA::b","10","Missing","missing","years","[97,99]","don't know (97); refusal (98); not stated (99)","Smoking initation","Age smoked first cigarette","","3.0.0-alpha","2026-01-04","active","Migrated from production. Converted deprecated _i suffix to _m.","No typeStart"
"SMKG01C_A","SMKG01C_A_cat10_NAb","cat","cchs2001_p, cchs2003_p","cchs2001_p::SMKAG01C, cchs2003_p::SMKCG01C","ICES altered","cat","NA::b","10","Missing","missing","years","else","else","Smoking initation","Age smoked first cigarette","","3.0.0-alpha","2026-01-04","active","Migrated from production. Converted deprecated _i suffix to _m.","No typeStart"
"SMKG01C_A","SMKG01C_A_cat10_1","cat","cchs2009_2010_m, cchs2011_2012_m, cchs2001_m, cchs2003_m, cchs2005_m, cchs2007_2008_m, cchs2013_2014_m, cchs2015_2016_m, cchs2017_2018_m, cchs2019_2020_m, cchs2021_m, cchs2022_m, cchs2023_m","cchs2001_m::SMKA_01C, cchs2003_m::SMKC_01C, cchs2005_m::SMKE_01C, cchs2015_2016_m::SMK_035, cchs2017_2018_m::SMK_035, cchs2019_2020_m::SMK_035, cchs2021_m::SMK_035, cchs2022_m::CSS_10, cchs2023_m::CSS_10, [SMK_01C]","ICES altered","cont","1","10","5 To 11 Years","age smoked first whole cigarette (5 to 11)","years","[5,12)","5 To 11 Years","Smoking initation","Age smoked first cigarette","","3.0.0-alpha","2026-01-04","active","Migrated from production. Converted deprecated _i suffix to _m.","No typeStart"
"SMKG01C_A","SMKG01C_A_cat10_2","cat","cchs2009_2010_m, cchs2011_2012_m, cchs2001_m, cchs2003_m, cchs2005_m, cchs2007_2008_m, cchs2013_2014_m, cchs2015_2016_m, cchs2017_2018_m, cchs2019_2020_m, cchs2021_m, cchs2022_m, cchs2023_m","cchs2001_m::SMKA_01C, cchs2003_m::SMKC_01C, cchs2005_m::SMKE_01C, cchs2015_2016_m::SMK_035, cchs2017_2018_m::SMK_035, cchs2019_2020_m::SMK_035, cchs2021_m::SMK_035, cchs2022_m::CSS_10, cchs2023_m::CSS_10, [SMK_01C]","ICES altered","cont","2","10","12 To 14 Years","age smoked first whole cigarette (12 to 14)","years","[12,15)","12 To 14 Years","Smoking initation","Age smoked first cigarette","","3.0.0-alpha","2026-01-04","active","Migrated from production. Converted deprecated _i suffix to _m.","No typeStart"
"SMKG01C_A","SMKG01C_A_cat10_3","cat","cchs2009_2010_m, cchs2011_2012_m, cchs2001_m, cchs2003_m, cchs2005_m, cchs2007_2008_m, cchs2013_2014_m, cchs2015_2016_m, cchs2017_2018_m, cchs2019_2020_m, cchs2021_m, cchs2022_m, cchs2023_m","cchs2001_m::SMKA_01C, cchs2003_m::SMKC_01C, cchs2005_m::SMKE_01C, cchs2015_2016_m::SMK_035, cchs2017_2018_m::SMK_035, cchs2019_2020_m::SMK_035, cchs2021_m::SMK_035, cchs2022_m::CSS_10, cchs2023_m::CSS_10, [SMK_01C]","ICES altered","cont","3","10","15 to 19 years","age smoked first whole cigarette (18 to 19)","years","[15,20)","15 To 19 Years","Smoking initation","Age smoked first cigarette","","3.0.0-alpha","2026-01-04","active","Migrated from production. Converted deprecated _i suffix to _m.","No typeStart"
"SMKG01C_A","SMKG01C_A_cat10_4","cat","cchs2009_2010_m, cchs2011_2012_m, cchs2001_m, cchs2003_m, cchs2005_m, cchs2007_2008_m, cchs2013_2014_m, cchs2015_2016_m, cchs2017_2018_m, cchs2019_2020_m, cchs2021_m, cchs2022_m, cchs2023_m","cchs2001_m::SMKA_01C, cchs2003_m::SMKC_01C, cchs2005_m::SMKE_01C, cchs2015_2016_m::SMK_035, cchs2017_2018_m::SMK_035, cchs2019_2020_m::SMK_035, cchs2021_m::SMK_035, cchs2022_m::CSS_10, cchs2023_m::CSS_10, [SMK_01C]","ICES altered","cont","4","10","20 To 24 Years","age smoked first whole cigarette (20 to 24)","years","[20,25)","20 To 24 Years","Smoking initation","Age smoked first cigarette","","3.0.0-alpha","2026-01-04","active","Migrated from production. Converted deprecated _i suffix to _m.","No typeStart"
"SMKG01C_A","SMKG01C_A_cat10_5","cat","cchs2009_2010_m, cchs2011_2012_m, cchs2001_m, cchs2003_m, cchs2005_m, cchs2007_2008_m, cchs2013_2014_m, cchs2015_2016_m, cchs2017_2018_m, cchs2019_2020_m, cchs2021_m, cchs2022_m, cchs2023_m","cchs2001_m::SMKA_01C, cchs2003_m::SMKC_01C, cchs2005_m::SMKE_01C, cchs2015_2016_m::SMK_035, cchs2017_2018_m::SMK_035, cchs2019_2020_m::SMK_035, cchs2021_m::SMK_035, cchs2022_m::CSS_10, cchs2023_m::CSS_10, [SMK_01C]","ICES altered","cont","5","10","25 To 29 Years","age smoked first whole cigarette (25 to 29)","years","[25,30)","25 To 29 Years","Smoking initation","Age smoked first cigarette","","3.0.0-alpha","2026-01-04","active","Migrated from production. Converted deprecated _i suffix to _m.","No typeStart"
"SMKG01C_A","SMKG01C_A_cat10_6","cat","cchs2009_2010_m, cchs2011_2012_m, cchs2001_m, cchs2003_m, cchs2005_m, cchs2007_2008_m, cchs2013_2014_m, cchs2015_2016_m, cchs2017_2018_m, cchs2019_2020_m, cchs2021_m, cchs2022_m, cchs2023_m","cchs2001_m::SMKA_01C, cchs2003_m::SMKC_01C, cchs2005_m::SMKE_01C, cchs2015_2016_m::SMK_035, cchs2017_2018_m::SMK_035, cchs2019_2020_m::SMK_035, cchs2021_m::SMK_035, cchs2022_m::CSS_10, cchs2023_m::CSS_10, [SMK_01C]","ICES altered","cont","6","10","30 To 34 Years","age smoked first whole cigarette (30 to 34)","years","[30,35)","30 To 34 Years","Smoking initation","Age smoked first cigarette","","3.0.0-alpha","2026-01-04","active","Migrated from production. Converted deprecated _i suffix to _m.","No typeStart"
"SMKG01C_A","SMKG01C_A_cat10_7","cat","cchs2009_2010_m, cchs2011_2012_m, cchs2001_m, cchs2003_m, cchs2005_m, cchs2007_2008_m, cchs2013_2014_m, cchs2015_2016_m, cchs2017_2018_m, cchs2019_2020_m, cchs2021_m, cchs2022_m, cchs2023_m","cchs2001_m::SMKA_01C, cchs2003_m::SMKC_01C, cchs2005_m::SMKE_01C, cchs2015_2016_m::SMK_035, cchs2017_2018_m::SMK_035, cchs2019_2020_m::SMK_035, cchs2021_m::SMK_035, cchs2022_m::CSS_10, cchs2023_m::CSS_10, [SMK_01C]","ICES altered","cont","7","10","35 To 39 Years","age smoked first whole cigarette (35 to 39)","years","[35,40)","35 To 39 Years","Smoking initation","Age smoked first cigarette","","3.0.0-alpha","2026-01-04","active","Migrated from production. Converted deprecated _i suffix to _m.","No typeStart"
"SMKG01C_A","SMKG01C_A_cat10_8","cat","cchs2009_2010_m, cchs2011_2012_m, cchs2001_m, cchs2003_m, cchs2005_m, cchs2007_2008_m, cchs2013_2014_m, cchs2015_2016_m, cchs2017_2018_m, cchs2019_2020_m, cchs2021_m, cchs2022_m, cchs2023_m","cchs2001_m::SMKA_01C, cchs2003_m::SMKC_01C, cchs2005_m::SMKE_01C, cchs2015_2016_m::SMK_035, cchs2017_2018_m::SMK_035, cchs2019_2020_m::SMK_035, cchs2021_m::SMK_035, cchs2022_m::CSS_10, cchs2023_m::CSS_10, [SMK_01C]","ICES altered","cont","8","10","40 To 44 Years","age smoked first whole cigarette (40 to 44)","years","[40,45)","40 To 44 Years","Smoking initation","Age smoked first cigarette","","3.0.0-alpha","2026-01-04","active","Migrated from production. Converted deprecated _i suffix to _m.","No typeStart"
"SMKG01C_A","SMKG01C_A_cat10_9","cat","cchs2009_2010_m, cchs2011_2012_m, cchs2001_m, cchs2003_m, cchs2005_m, cchs2007_2008_m, cchs2013_2014_m, cchs2015_2016_m, cchs2017_2018_m, cchs2019_2020_m, cchs2021_m, cchs2022_m, cchs2023_m","cchs2001_m::SMKA_01C, cchs2003_m::SMKC_01C, cchs2005_m::SMKE_01C, cchs2015_2016_m::SMK_035, cchs2017_2018_m::SMK_035, cchs2019_2020_m::SMK_035, cchs2021_m::SMK_035, cchs2022_m::CSS_10, cchs2023_m::CSS_10, [SMK_01C]","ICES altered","cont","9","10","45 To 49 Years","age smoked first whole cigarette (45 to 49)","years","[45,50)","45 To 49 Years","Smoking initation","Age smoked first cigarette","","3.0.0-alpha","2026-01-04","active","Migrated from production. Converted deprecated _i suffix to _m.","No typeStart"
"SMKG01C_A","SMKG01C_A_cat10_10","cat","cchs2009_2010_m, cchs2011_2012_m, cchs2001_m, cchs2003_m, cchs2005_m, cchs2007_2008_m, cchs2013_2014_m, cchs2015_2016_m, cchs2017_2018_m, cchs2019_2020_m, cchs2021_m, cchs2022_m, cchs2023_m","cchs2001_m::SMKA_01C, cchs2003_m::SMKC_01C, cchs2005_m::SMKE_01C, cchs2015_2016_m::SMK_035, cchs2017_2018_m::SMK_035, cchs2019_2020_m::SMK_035, cchs2021_m::SMK_035, cchs2022_m::CSS_10, cchs2023_m::CSS_10, [SMK_01C]","ICES altered","cont","10","10","50 Years or more","age smoked first whole cigarette (50 plus)","years","[50,80]","50 Years or more","Smoking initation","Age smoked first cigarette","","3.0.0-alpha","2026-01-04","active","Migrated from production. Converted deprecated _i suffix to _m.","No typeStart"
"SMKG01C_A","SMKG01C_A_cat10_NAa","cat","cchs2009_2010_m, cchs2011_2012_m, cchs2001_m, cchs2003_m, cchs2005_m, cchs2007_2008_m, cchs2013_2014_m, cchs2015_2016_m, cchs2017_2018_m, cchs2019_2020_m, cchs2021_m, cchs2022_m, cchs2023_m","cchs2001_m::SMKA_01C, cchs2003_m::SMKC_01C, cchs2005_m::SMKE_01C, cchs2015_2016_m::SMK_035, cchs2017_2018_m::SMK_035, cchs2019_2020_m::SMK_035, cchs2021_m::SMK_035, cchs2022_m::CSS_10, cchs2023_m::CSS_10, [SMK_01C]","ICES altered","cont","NA::a","10","not applicable","not applicable","years","996","not applicable","Smoking initation","Age smoked first cigarette","","3.0.0-alpha","2026-01-04","active","Migrated from production. Converted deprecated _i suffix to _m.","No typeStart"
"SMKG01C_A","SMKG01C_A_cat10_NAb","cat","cchs2009_2010_m, cchs2011_2012_m, cchs2001_m, cchs2003_m, cchs2005_m, cchs2007_2008_m, cchs2013_2014_m, cchs2015_2016_m, cchs2017_2018_m, cchs2019_2020_m, cchs2021_m, cchs2022_m, cchs2023_m","cchs2001_m::SMKA_01C, cchs2003_m::SMKC_01C, cchs2005_m::SMKE_01C, cchs2015_2016_m::SMK_035, cchs2017_2018_m::SMK_035, cchs2019_2020_m::SMK_035, cchs2021_m::SMK_035, cchs2022_m::CSS_10, cchs2023_m::CSS_10, [SMK_01C]","ICES altered","cont","NA::b","10","Missing","missing","years","[997,999]","don't know (997); refusal (998); not stated (999)","Smoking initation","Age smoked first cigarette","","3.0.0-alpha","2026-01-04","active","Migrated from production. Converted deprecated _i suffix to _m.","No typeStart"
"SMKG01C_A","SMKG01C_A_cat10_NAb","cat","cchs2009_2010_m, cchs2011_2012_m, cchs2001_m, cchs2003_m, cchs2005_m, cchs2007_2008_m, cchs2013_2014_m, cchs2015_2016_m, cchs2017_2018_m, cchs2019_2020_m, cchs2021_m, cchs2022_m, cchs2023_m","cchs2001_m::SMKA_01C, cchs2003_m::SMKC_01C, cchs2005_m::SMKE_01C, cchs2015_2016_m::SMK_035, cchs2017_2018_m::SMK_035, cchs2019_2020_m::SMK_035, cchs2021_m::SMK_035, cchs2022_m::CSS_10, cchs2023_m::CSS_10, [SMK_01C]","ICES altered","cont","NA::b","10","Missing","missing","years","else","else","Smoking initation","Age smoked first cigarette","","3.0.0-alpha","2026-01-04","active","Migrated from production. Converted deprecated _i suffix to _m.","No typeStart"
"SMKG01C_B","SMKG01C_B_cat11_1","cat","cchs2005_p, cchs2009_2010_p, cchs2011_2012_p, cchs2013_2014_p, cchs2015_2016_p, cchs2017_2018_p, cchs2011_2012_m, cchs2013_2014_m, cchs2009_2010_m","cchs2005_p::SMKEG01C, cchs2015_2016_p::SMKG035, cchs2017_2018_p::SMKG035, [SMKG01C]","","cat","1","11","5 To 11 Years","age smoked first whole cigarette (5 to 11)","years","1","5 To 11 Years","Smoking initation","Age smoked first cigarette","","3.0.0-alpha","2026-01-04","active","Migrated from production. Converted deprecated _i suffix to _m.","No typeStart"
"SMKG01C_B","SMKG01C_B_cat11_2","cat","cchs2005_p, cchs2009_2010_p, cchs2011_2012_p, cchs2013_2014_p, cchs2015_2016_p, cchs2017_2018_p, cchs2011_2012_m, cchs2013_2014_m, cchs2009_2010_m","cchs2005_p::SMKEG01C, cchs2015_2016_p::SMKG035, cchs2017_2018_p::SMKG035, [SMKG01C]","","cat","2","11","12 To 14 Years","age smoked first whole cigarette (12 to 14)","years","2","12 To 14 Years","Smoking initation","Age smoked first cigarette","","3.0.0-alpha","2026-01-04","active","Migrated from production. Converted deprecated _i suffix to _m.","No typeStart"
"SMKG01C_B","SMKG01C_B_cat11_3","cat","cchs2005_p, cchs2009_2010_p, cchs2011_2012_p, cchs2013_2014_p, cchs2015_2016_p, cchs2017_2018_p, cchs2011_2012_m, cchs2013_2014_m, cchs2009_2010_m","cchs2005_p::SMKEG01C, cchs2015_2016_p::SMKG035, cchs2017_2018_p::SMKG035, [SMKG01C]","","cat","3","11","15 To 17 Years","age smoked first whole cigarette (15 to 17)","years","3","15 To 17 Years","Smoking initation","Age smoked first cigarette","","3.0.0-alpha","2026-01-04","active","Migrated from production. Converted deprecated _i suffix to _m.","No typeStart"
"SMKG01C_B","SMKG01C_B_cat11_4","cat","cchs2005_p, cchs2009_2010_p, cchs2011_2012_p, cchs2013_2014_p, cchs2015_2016_p, cchs2017_2018_p, cchs2011_2012_m, cchs2013_2014_m, cchs2009_2010_m","cchs2005_p::SMKEG01C, cchs2015_2016_p::SMKG035, cchs2017_2018_p::SMKG035, [SMKG01C]","","cat","4","11","18 To 19 Years","age smoked first whole cigarette (18 to 19)","years","4","18 To 19 Years","Smoking initation","Age smoked first cigarette","","3.0.0-alpha","2026-01-04","active","Migrated from production. Converted deprecated _i suffix to _m.","No typeStart"
"SMKG01C_B","SMKG01C_B_cat11_5","cat","cchs2005_p, cchs2009_2010_p, cchs2011_2012_p, cchs2013_2014_p, cchs2015_2016_p, cchs2017_2018_p, cchs2011_2012_m, cchs2013_2014_m, cchs2009_2010_m","cchs2005_p::SMKEG01C, cchs2015_2016_p::SMKG035, cchs2017_2018_p::SMKG035, [SMKG01C]","","cat","5","11","20 To 24 Years","age smoked first whole cigarette (20 to 24)","years","5","20 To 24 Years","Smoking initation","Age smoked first cigarette","","3.0.0-alpha","2026-01-04","active","Migrated from production. Converted deprecated _i suffix to _m.","No typeStart"
"SMKG01C_B","SMKG01C_B_cat11_6","cat","cchs2005_p, cchs2009_2010_p, cchs2011_2012_p, cchs2013_2014_p, cchs2015_2016_p, cchs2017_2018_p, cchs2011_2012_m, cchs2013_2014_m, cchs2009_2010_m","cchs2005_p::SMKEG01C, cchs2015_2016_p::SMKG035, cchs2017_2018_p::SMKG035, [SMKG01C]","","cat","6","11","25 To 29 Years","age smoked first whole cigarette (25 to 29)","years","6","25 To 29 Years","Smoking initation","Age smoked first cigarette","","3.0.0-alpha","2026-01-04","active","Migrated from production. Converted deprecated _i suffix to _m.","No typeStart"
"SMKG01C_B","SMKG01C_B_cat11_7","cat","cchs2005_p, cchs2009_2010_p, cchs2011_2012_p, cchs2013_2014_p, cchs2015_2016_p, cchs2017_2018_p, cchs2011_2012_m, cchs2013_2014_m, cchs2009_2010_m","cchs2005_p::SMKEG01C, cchs2015_2016_p::SMKG035, cchs2017_2018_p::SMKG035, [SMKG01C]","","cat","7","11","30 To 34 Years","age smoked first whole cigarette (30 to 34)","years","7","30 To 34 Years","Smoking initation","Age smoked first cigarette","","3.0.0-alpha","2026-01-04","active","Migrated from production. Converted deprecated _i suffix to _m.","No typeStart"
"SMKG01C_B","SMKG01C_B_cat11_8","cat","cchs2005_p, cchs2009_2010_p, cchs2011_2012_p, cchs2013_2014_p, cchs2015_2016_p, cchs2017_2018_p, cchs2011_2012_m, cchs2013_2014_m, cchs2009_2010_m","cchs2005_p::SMKEG01C, cchs2015_2016_p::SMKG035, cchs2017_2018_p::SMKG035, [SMKG01C]","","cat","8","11","35 To 39 Years","age smoked first whole cigarette (35 to 39)","years","8","35 To 39 Years","Smoking initation","Age smoked first cigarette","","3.0.0-alpha","2026-01-04","active","Migrated from production. Converted deprecated _i suffix to _m.","No typeStart"
"SMKG01C_B","SMKG01C_B_cat11_9","cat","cchs2005_p, cchs2009_2010_p, cchs2011_2012_p, cchs2013_2014_p, cchs2015_2016_p, cchs2017_2018_p, cchs2011_2012_m, cchs2013_2014_m, cchs2009_2010_m","cchs2005_p::SMKEG01C, cchs2015_2016_p::SMKG035, cchs2017_2018_p::SMKG035, [SMKG01C]","","cat","9","11","40 To 44 Years","age smoked first whole cigarette (40 to 44)","years","9","40 To 44 Years","Smoking initation","Age smoked first cigarette","","3.0.0-alpha","2026-01-04","active","Migrated from production. Converted deprecated _i suffix to _m.","No typeStart"
"SMKG01C_B","SMKG01C_B_cat11_10","cat","cchs2005_p, cchs2009_2010_p, cchs2011_2012_p, cchs2013_2014_p, cchs2015_2016_p, cchs2017_2018_p, cchs2011_2012_m, cchs2013_2014_m, cchs2009_2010_m","cchs2005_p::SMKEG01C, cchs2015_2016_p::SMKG035, cchs2017_2018_p::SMKG035, [SMKG01C]","","cat","10","11","45 To 49 Years","age smoked first whole cigarette (45 to 49)","years","10","45 To 49 Years","Smoking initation","Age smoked first cigarette","","3.0.0-alpha","2026-01-04","active","Migrated from production. Converted deprecated _i suffix to _m.","No typeStart"
"SMKG01C_B","SMKG01C_B_cat11_11","cat","cchs2005_p, cchs2009_2010_p, cchs2011_2012_p, cchs2013_2014_p, cchs2015_2016_p, cchs2017_2018_p, cchs2011_2012_m, cchs2013_2014_m, cchs2009_2010_m","cchs2005_p::SMKEG01C, cchs2015_2016_p::SMKG035, cchs2017_2018_p::SMKG035, [SMKG01C]","","cat","11","11","50 Years or more","age smoked first whole cigarette (50 plus)","years","11","50 Years or more","Smoking initation","Age smoked first cigarette","","3.0.0-alpha","2026-01-04","active","Migrated from production. Converted deprecated _i suffix to _m.","No typeStart"
"SMKG01C_B","SMKG01C_B_cat10_NAa","cat","cchs2005_p, cchs2009_2010_p, cchs2011_2012_p, cchs2013_2014_p, cchs2015_2016_p, cchs2017_2018_p, cchs2011_2012_m, cchs2013_2014_m, cchs2009_2010_m","cchs2005_p::SMKEG01C, cchs2015_2016_p::SMKG035, cchs2017_2018_p::SMKG035, [SMKG01C]","","cat","NA::a","11","not applicable","not applicable","years","96","not applicable","Smoking initation","Age smoked first cigarette","","3.0.0-alpha","2026-01-04","active","Migrated from production. Converted deprecated _i suffix to _m.","No typeStart"
"SMKG01C_B","SMKG01C_B_cat10_NAb","cat","cchs2005_p, cchs2009_2010_p, cchs2011_2012_p, cchs2013_2014_p, cchs2015_2016_p, cchs2017_2018_p, cchs2011_2012_m, cchs2013_2014_m, cchs2009_2010_m","cchs2005_p::SMKEG01C, cchs2015_2016_p::SMKG035, cchs2017_2018_p::SMKG035, [SMKG01C]","","cat","NA::b","11","Missing","missing","years","[97,99]","don't know (97); refusal (98); not stated (99)","Smoking initation","Age smoked first cigarette","","3.0.0-alpha","2026-01-04","active","Migrated from production. Converted deprecated _i suffix to _m.","No typeStart"
"SMKG01C_B","SMKG01C_B_cat11_NAb","cat","cchs2005_p, cchs2009_2010_p, cchs2011_2012_p, cchs2013_2014_p, cchs2015_2016_p, cchs2017_2018_p, cchs2011_2012_m, cchs2013_2014_m, cchs2009_2010_m","cchs2005_p::SMKEG01C, cchs2015_2016_p::SMKG035, cchs2017_2018_p::SMKG035, [SMKG01C]","","cat","NA::b","11","Missing","missing","years","else","else","Smoking initation","Age smoked first cigarette","","3.0.0-alpha","2026-01-04","active","Migrated from production. Converted deprecated _i suffix to _m.","No typeStart"
"SMKG01C_B","SMKG01C_B_cat11_1","cat","cchs2009_2010_m, cchs2011_2012_m, cchs2001_m, cchs2003_m, cchs2005_m, cchs2007_2008_m, cchs2013_2014_m, cchs2015_2016_m, cchs2017_2018_m","cchs2001_m::SMKA_01C, cchs2003_m::SMKC_01C, cchs2005_m::SMKE_01C, cchs2015_2016_m::SMK_035, cchs2017_2018_m::SMK_035, [SMK_01C]","","cat","1","11","5 To 11 Years","age smoked first whole cigarette (5 to 11)","years","[5,12)","5 To 11 Years","Smoking initation","Age smoked first cigarette","","3.0.0-alpha","2026-01-04","active","Migrated from production. Converted deprecated _i suffix to _m.","No typeStart"
"SMKG01C_B","SMKG01C_B_cat11_2","cat","cchs2009_2010_m, cchs2011_2012_m, cchs2001_m, cchs2003_m, cchs2005_m, cchs2007_2008_m, cchs2013_2014_m, cchs2015_2016_m, cchs2017_2018_m","cchs2001_m::SMKA_01C, cchs2003_m::SMKC_01C, cchs2005_m::SMKE_01C, cchs2015_2016_m::SMK_035, cchs2017_2018_m::SMK_035, [SMK_01C]","","cat","2","11","12 To 14 Years","age smoked first whole cigarette (12 to 14)","years","[12,15)","12 To 14 Years","Smoking initation","Age smoked first cigarette","","3.0.0-alpha","2026-01-04","active","Migrated from production. Converted deprecated _i suffix to _m.","No typeStart"
"SMKG01C_B","SMKG01C_B_cat11_3","cat","cchs2009_2010_m, cchs2011_2012_m, cchs2001_m, cchs2003_m, cchs2005_m, cchs2007_2008_m, cchs2013_2014_m, cchs2015_2016_m, cchs2017_2018_m","cchs2001_m::SMKA_01C, cchs2003_m::SMKC_01C, cchs2005_m::SMKE_01C, cchs2015_2016_m::SMK_035, cchs2017_2018_m::SMK_035, [SMK_01C]","","cat","3","11","15 To 17 Years","age smoked first whole cigarette (15 to 17)","years","[15,18)","15 To 17 Years","Smoking initation","Age smoked first cigarette","","3.0.0-alpha","2026-01-04","active","Migrated from production. Converted deprecated _i suffix to _m.","No typeStart"
"SMKG01C_B","SMKG01C_B_cat11_4","cat","cchs2009_2010_m, cchs2011_2012_m, cchs2001_m, cchs2003_m, cchs2005_m, cchs2007_2008_m, cchs2013_2014_m, cchs2015_2016_m, cchs2017_2018_m","cchs2001_m::SMKA_01C, cchs2003_m::SMKC_01C, cchs2005_m::SMKE_01C, cchs2015_2016_m::SMK_035, cchs2017_2018_m::SMK_035, [SMK_01C]","","cat","4","11","18 To 19 Years","age smoked first whole cigarette (18 to 19)","years","[18,20)","18 To 19 Years","Smoking initation","Age smoked first cigarette","","3.0.0-alpha","2026-01-04","active","Migrated from production. Converted deprecated _i suffix to _m.","No typeStart"
"SMKG01C_B","SMKG01C_B_cat11_5","cat","cchs2009_2010_m, cchs2011_2012_m, cchs2001_m, cchs2003_m, cchs2005_m, cchs2007_2008_m, cchs2013_2014_m, cchs2015_2016_m, cchs2017_2018_m","cchs2001_m::SMKA_01C, cchs2003_m::SMKC_01C, cchs2005_m::SMKE_01C, cchs2015_2016_m::SMK_035, cchs2017_2018_m::SMK_035, [SMK_01C]","","cat","5","11","20 To 24 Years","age smoked first whole cigarette (20 to 24)","years","[20,25)","20 To 24 Years","Smoking initation","Age smoked first cigarette","","3.0.0-alpha","2026-01-04","active","Migrated from production. Converted deprecated _i suffix to _m.","No typeStart"
"SMKG01C_B","SMKG01C_B_cat11_6","cat","cchs2009_2010_m, cchs2011_2012_m, cchs2001_m, cchs2003_m, cchs2005_m, cchs2007_2008_m, cchs2013_2014_m, cchs2015_2016_m, cchs2017_2018_m","cchs2001_m::SMKA_01C, cchs2003_m::SMKC_01C, cchs2005_m::SMKE_01C, cchs2015_2016_m::SMK_035, cchs2017_2018_m::SMK_035, [SMK_01C]","","cat","6","11","25 To 29 Years","age smoked first whole cigarette (25 to 29)","years","[25,30)","25 To 29 Years","Smoking initation","Age smoked first cigarette","","3.0.0-alpha","2026-01-04","active","Migrated from production. Converted deprecated _i suffix to _m.","No typeStart"
"SMKG01C_B","SMKG01C_B_cat11_7","cat","cchs2009_2010_m, cchs2011_2012_m, cchs2001_m, cchs2003_m, cchs2005_m, cchs2007_2008_m, cchs2013_2014_m, cchs2015_2016_m, cchs2017_2018_m","cchs2001_m::SMKA_01C, cchs2003_m::SMKC_01C, cchs2005_m::SMKE_01C, cchs2015_2016_m::SMK_035, cchs2017_2018_m::SMK_035, [SMK_01C]","","cat","7","11","30 To 34 Years","age smoked first whole cigarette (30 to 34)","years","[30,35)","30 To 34 Years","Smoking initation","Age smoked first cigarette","","3.0.0-alpha","2026-01-04","active","Migrated from production. Converted deprecated _i suffix to _m.","No typeStart"
"SMKG01C_B","SMKG01C_B_cat11_8","cat","cchs2009_2010_m, cchs2011_2012_m, cchs2001_m, cchs2003_m, cchs2005_m, cchs2007_2008_m, cchs2013_2014_m, cchs2015_2016_m, cchs2017_2018_m","cchs2001_m::SMKA_01C, cchs2003_m::SMKC_01C, cchs2005_m::SMKE_01C, cchs2015_2016_m::SMK_035, cchs2017_2018_m::SMK_035, [SMK_01C]","","cat","8","11","35 To 39 Years","age smoked first whole cigarette (35 to 39)","years","[35,40)","35 To 39 Years","Smoking initation","Age smoked first cigarette","","3.0.0-alpha","2026-01-04","active","Migrated from production. Converted deprecated _i suffix to _m.","No typeStart"
"SMKG01C_B","SMKG01C_B_cat11_9","cat","cchs2009_2010_m, cchs2011_2012_m, cchs2001_m, cchs2003_m, cchs2005_m, cchs2007_2008_m, cchs2013_2014_m, cchs2015_2016_m, cchs2017_2018_m","cchs2001_m::SMKA_01C, cchs2003_m::SMKC_01C, cchs2005_m::SMKE_01C, cchs2015_2016_m::SMK_035, cchs2017_2018_m::SMK_035, [SMK_01C]","","cat","9","11","40 To 44 Years","age smoked first whole cigarette (40 to 44)","years","[40,45)","40 To 44 Years","Smoking initation","Age smoked first cigarette","","3.0.0-alpha","2026-01-04","active","Migrated from production. Converted deprecated _i suffix to _m.","No typeStart"
"SMKG01C_B","SMKG01C_B_cat11_10","cat","cchs2009_2010_m, cchs2011_2012_m, cchs2001_m, cchs2003_m, cchs2005_m, cchs2007_2008_m, cchs2013_2014_m, cchs2015_2016_m, cchs2017_2018_m","cchs2001_m::SMKA_01C, cchs2003_m::SMKC_01C, cchs2005_m::SMKE_01C, cchs2015_2016_m::SMK_035, cchs2017_2018_m::SMK_035, [SMK_01C]","","cat","10","11","45 To 49 Years","age smoked first whole cigarette (45 to 49)","years","[45,50)","45 To 49 Years","Smoking initation","Age smoked first cigarette","","3.0.0-alpha","2026-01-04","active","Migrated from production. Converted deprecated _i suffix to _m.","No typeStart"
"SMKG01C_B","SMKG01C_B_cat11_11","cat","cchs2009_2010_m, cchs2011_2012_m, cchs2001_m, cchs2003_m, cchs2005_m, cchs2007_2008_m, cchs2013_2014_m, cchs2015_2016_m, cchs2017_2018_m","cchs2001_m::SMKA_01C, cchs2003_m::SMKC_01C, cchs2005_m::SMKE_01C, cchs2015_2016_m::SMK_035, cchs2017_2018_m::SMK_035, [SMK_01C]","","cat","11","11","50 Years or more","age smoked first whole cigarette (50 plus)","years","[50,80]","50 Years or more","Smoking initation","Age smoked first cigarette","","3.0.0-alpha","2026-01-04","active","Migrated from production. Converted deprecated _i suffix to _m.","No typeStart"
"SMKG01C_B","SMKG01C_B_cat10_NAa","cat","cchs2009_2010_m, cchs2011_2012_m, cchs2001_m, cchs2003_m, cchs2005_m, cchs2007_2008_m, cchs2013_2014_m, cchs2015_2016_m, cchs2017_2018_m","cchs2001_m::SMKA_01C, cchs2003_m::SMKC_01C, cchs2005_m::SMKE_01C, cchs2015_2016_m::SMK_035, cchs2017_2018_m::SMK_035, [SMK_01C]","","cat","NA::a","11","not applicable","not applicable","years","996","not applicable","Smoking initation","Age smoked first cigarette","","3.0.0-alpha","2026-01-04","active","Migrated from production. Converted deprecated _i suffix to _m.","No typeStart"
"SMKG01C_B","SMKG01C_B_cat10_NAb","cat","cchs2009_2010_m, cchs2011_2012_m, cchs2001_m, cchs2003_m, cchs2005_m, cchs2007_2008_m, cchs2013_2014_m, cchs2015_2016_m, cchs2017_2018_m","cchs2001_m::SMKA_01C, cchs2003_m::SMKC_01C, cchs2005_m::SMKE_01C, cchs2015_2016_m::SMK_035, cchs2017_2018_m::SMK_035, [SMK_01C]","","cat","NA::b","11","Missing","missing","years","[997,999]","don't know (997); refusal (998); not stated (999)","Smoking initation","Age smoked first cigarette","","3.0.0-alpha","2026-01-04","active","Migrated from production. Converted deprecated _i suffix to _m.","No typeStart"
"SMKG01C_B","SMKG01C_B_cat11_NAb","cat","cchs2009_2010_m, cchs2011_2012_m, cchs2001_m, cchs2003_m, cchs2005_m, cchs2007_2008_m, cchs2013_2014_m, cchs2015_2016_m, cchs2017_2018_m","cchs2001_m::SMKA_01C, cchs2003_m::SMKC_01C, cchs2005_m::SMKE_01C, cchs2015_2016_m::SMK_035, cchs2017_2018_m::SMK_035, [SMK_01C]","","cat","NA::b","11","Missing","missing","years","else","else","Smoking initation","Age smoked first cigarette","","3.0.0-alpha","2026-01-04","active","Migrated from production. Converted deprecated _i suffix to _m.","No typeStart"
"SMKG040","SMKG04011_1","cat","cchs2015_2016_p, cchs2017_2018_p, cchs2021_p, cchs2022_p, cchs2023_p","[SMKG040]","DGM","cat","1","11","5 To 11 Years","age (5 to 11) started smoking daily - daily/former daily smoker","years","1","5 To 11 Years","Age daily (cat)","Age started smoking daily - ever-daily (categorical)","","3.0.0-alpha","2026-01-04","active","Migrated from production. Converted deprecated _i suffix to _m.",""
"SMKG040","SMKG04011_2","cat","cchs2015_2016_p, cchs2017_2018_p, cchs2021_p, cchs2022_p, cchs2023_p","[SMKG040]","DGM","cat","2","11","12 To 14 Years","age (12 to 14) started smoking daily - daily/former daily smoker","years","2","12 To 14 Years","Age daily (cat)","Age started smoking daily - ever-daily (categorical)","","3.0.0-alpha","2026-01-04","active","Migrated from production. Converted deprecated _i suffix to _m.",""
"SMKG040","SMKG04011_3","cat","cchs2015_2016_p, cchs2017_2018_p, cchs2021_p, cchs2022_p, cchs2023_p","[SMKG040]","DGM","cat","3","11","15 To 17 Years","age (15 to 17) started smoking daily - daily/former daily smoker","years","3","15 To 17 Years","Age daily (cat)","Age started smoking daily - ever-daily (categorical)","","3.0.0-alpha","2026-01-04","active","Migrated from production. Converted deprecated _i suffix to _m.",""
"SMKG040","SMKG04011_4","cat","cchs2015_2016_p, cchs2017_2018_p, cchs2021_p, cchs2022_p, cchs2023_p","[SMKG040]","DGM","cat","4","11","18 To 19 Years","age (18 to 19) started smoking daily - daily/former daily smoker","years","4","18 To 19 Years","Age daily (cat)","Age started smoking daily - ever-daily (categorical)","","3.0.0-alpha","2026-01-04","active","Migrated from production. Converted deprecated _i suffix to _m.",""
"SMKG040","SMKG04011_5","cat","cchs2015_2016_p, cchs2017_2018_p, cchs2021_p, cchs2022_p, cchs2023_p","[SMKG040]","DGM","cat","5","11","20 To 24 Years","age (20 to 24) started smoking daily - daily/former daily smoker","years","5","20 To 24 Years","Age daily (cat)","Age started smoking daily - ever-daily (categorical)","","3.0.0-alpha","2026-01-04","active","Migrated from production. Converted deprecated _i suffix to _m.",""
"SMKG040","SMKG04011_6","cat","cchs2015_2016_p, cchs2017_2018_p, cchs2021_p, cchs2022_p, cchs2023_p","[SMKG040]","DGM","cat","6","11","25 To 29 Years","age (25 to 29) started smoking daily - daily/former daily smoker","years","6","25 To 29 Years","Age daily (cat)","Age started smoking daily - ever-daily (categorical)","","3.0.0-alpha","2026-01-04","active","Migrated from production. Converted deprecated _i suffix to _m.",""
"SMKG040","SMKG04011_7","cat","cchs2015_2016_p, cchs2017_2018_p, cchs2021_p, cchs2022_p, cchs2023_p","[SMKG040]","DGM","cat","7","11","30 To 34 Years","age (30 to 34) started smoking daily - daily/former daily smoker","years","7","30 To 34 Years","Age daily (cat)","Age started smoking daily - ever-daily (categorical)","","3.0.0-alpha","2026-01-04","active","Migrated from production. Converted deprecated _i suffix to _m.",""
"SMKG040","SMKG04011_8","cat","cchs2015_2016_p, cchs2017_2018_p, cchs2021_p, cchs2022_p, cchs2023_p","[SMKG040]","DGM","cat","8","11","35 To 39 Years","age (35 to 39) started smoking daily - daily/former daily smoker","years","8","35 To 39 Years","Age daily (cat)","Age started smoking daily - ever-daily (categorical)","","3.0.0-alpha","2026-01-04","active","Migrated from production. Converted deprecated _i suffix to _m.",""
"SMKG040","SMKG04011_9","cat","cchs2015_2016_p, cchs2017_2018_p, cchs2021_p, cchs2022_p, cchs2023_p","[SMKG040]","DGM","cat","9","11","40 To 44 Years","age (40 to 44) started smoking daily - daily/former daily smoker","years","9","40 To 44 Years","Age daily (cat)","Age started smoking daily - ever-daily (categorical)","","3.0.0-alpha","2026-01-04","active","Migrated from production. Converted deprecated _i suffix to _m.",""
"SMKG040","SMKG04011_10","cat","cchs2015_2016_p, cchs2017_2018_p, cchs2021_p, cchs2022_p, cchs2023_p","[SMKG040]","DGM","cat","10","11","45 To 49 Years","age (45 to 49) started smoking daily - daily/former daily smoker","years","10","45 To 49 Years","Age daily (cat)","Age started smoking daily - ever-daily (categorical)","","3.0.0-alpha","2026-01-04","active","Migrated from production. Converted deprecated _i suffix to _m.",""
"SMKG040","SMKG04011_11","cat","cchs2015_2016_p, cchs2017_2018_p, cchs2021_p, cchs2022_p, cchs2023_p","[SMKG040]","DGM","cat","11","11","50 Years or more","age (50 or more) started smoking daily - daily/former daily smoker","years","11","50 Years or more","Age daily (cat)","Age started smoking daily - ever-daily (categorical)","","3.0.0-alpha","2026-01-04","active","Migrated from production. Converted deprecated _i suffix to _m.",""
"SMKG040","SMKG04011_NAa","cat","cchs2015_2016_p, cchs2017_2018_p, cchs2021_p, cchs2022_p, cchs2023_p","[SMKG040]","DGM","cat","NA::a","11","not applicable","not applicable","years","96","not applicable","Age daily (cat)","Age started smoking daily - ever-daily (categorical)","","3.0.0-alpha","2026-01-04","active","Migrated from production. Converted deprecated _i suffix to _m.",""
"SMKG040","SMKG04011_NAa","cat","cchs2015_2016_p, cchs2017_2018_p, cchs2021_p, cchs2022_p, cchs2023_p","[SMKG040]","DGM","cat","NA::b","11","Missing","missing","years","[97,99]","don't know (97); refusal (98); not stated (99)","Age daily (cat)","Age started smoking daily - ever-daily (categorical)","Don't know (97) and refusal (98) not included in CCHS 2015-2016 and CCHS 2017-2018","3.0.0-alpha","2026-01-04","active","Migrated from production. Converted deprecated _i suffix to _m.",""
"SMKG040","SMKG04011_NAa","cat","cchs2015_2016_p, cchs2017_2018_p, cchs2021_p, cchs2022_p, cchs2023_p","[SMKG040]","DGM","cat","NA::b","11","Missing","missing","years","else","else","Age daily (cat)","Age started smoking daily - ever-daily (categorical)","","3.0.0-alpha","2026-01-04","active","Migrated from production. Converted deprecated _i suffix to _m.",""
"SMKG040","SMKG04011_1","cat","cchs2015_2016_m, cchs2017_2018_m, cchs2019_2020_m, cchs2021_m, cchs2022_m, cchs2023_m, cchs2009_2010_m, cchs2011_2012_m, cchs2013_2014_m","cchs2022_m::SPU_15, cchs2023_m::SPU_15, [SMK_040]","DGM","cat","1","11","5 To 11 Years","age (5 to 11) started smoking daily - daily/former daily smoker","years","[5,12)","5 To 11 Years","Age daily (cat)","Age started smoking daily - ever-daily (categorical)","","3.0.0-alpha","2026-01-04","active","Migrated from production. Converted deprecated _i suffix to _m.",""
"SMKG040","SMKG04011_2","cat","cchs2015_2016_m, cchs2017_2018_m, cchs2019_2020_m, cchs2021_m, cchs2022_m, cchs2023_m, cchs2009_2010_m, cchs2011_2012_m, cchs2013_2014_m","cchs2022_m::SPU_15, cchs2023_m::SPU_15, [SMK_040]","DGM","cat","2","11","12 To 14 Years","age (12 to 14) started smoking daily - daily/former daily smoker","years","[12,15)","12 To 14 Years","Age daily (cat)","Age started smoking daily - ever-daily (categorical)","","3.0.0-alpha","2026-01-04","active","Migrated from production. Converted deprecated _i suffix to _m.",""
"SMKG040","SMKG04011_3","cat","cchs2015_2016_m, cchs2017_2018_m, cchs2019_2020_m, cchs2021_m, cchs2022_m, cchs2023_m, cchs2009_2010_m, cchs2011_2012_m, cchs2013_2014_m","cchs2022_m::SPU_15, cchs2023_m::SPU_15, [SMK_040]","DGM","cat","3","11","15 To 17 Years","age (15 to 17) started smoking daily - daily/former daily smoker","years","[15,18)","15 To 17 Years","Age daily (cat)","Age started smoking daily - ever-daily (categorical)","","3.0.0-alpha","2026-01-04","active","Migrated from production. Converted deprecated _i suffix to _m.",""
"SMKG040","SMKG04011_4","cat","cchs2015_2016_m, cchs2017_2018_m, cchs2019_2020_m, cchs2021_m, cchs2022_m, cchs2023_m, cchs2009_2010_m, cchs2011_2012_m, cchs2013_2014_m","cchs2022_m::SPU_15, cchs2023_m::SPU_15, [SMK_040]","DGM","cat","4","11","18 To 19 Years","age (18 to 19) started smoking daily - daily/former daily smoker","years","[18,20)","18 To 19 Years","Age daily (cat)","Age started smoking daily - ever-daily (categorical)","","3.0.0-alpha","2026-01-04","active","Migrated from production. Converted deprecated _i suffix to _m.",""
"SMKG040","SMKG04011_5","cat","cchs2015_2016_m, cchs2017_2018_m, cchs2019_2020_m, cchs2021_m, cchs2022_m, cchs2023_m, cchs2009_2010_m, cchs2011_2012_m, cchs2013_2014_m","cchs2022_m::SPU_15, cchs2023_m::SPU_15, [SMK_040]","DGM","cat","5","11","20 To 24 Years","age (20 to 24) started smoking daily - daily/former daily smoker","years","[20,25)","20 To 24 Years","Age daily (cat)","Age started smoking daily - ever-daily (categorical)","","3.0.0-alpha","2026-01-04","active","Migrated from production. Converted deprecated _i suffix to _m.",""
"SMKG040","SMKG04011_6","cat","cchs2015_2016_m, cchs2017_2018_m, cchs2019_2020_m, cchs2021_m, cchs2022_m, cchs2023_m, cchs2009_2010_m, cchs2011_2012_m, cchs2013_2014_m","cchs2022_m::SPU_15, cchs2023_m::SPU_15, [SMK_040]","DGM","cat","6","11","25 To 29 Years","age (25 to 29) started smoking daily - daily/former daily smoker","years","[25,30)","25 To 29 Years","Age daily (cat)","Age started smoking daily - ever-daily (categorical)","","3.0.0-alpha","2026-01-04","active","Migrated from production. Converted deprecated _i suffix to _m.",""
"SMKG040","SMKG04011_7","cat","cchs2015_2016_m, cchs2017_2018_m, cchs2019_2020_m, cchs2021_m, cchs2022_m, cchs2023_m, cchs2009_2010_m, cchs2011_2012_m, cchs2013_2014_m","cchs2022_m::SPU_15, cchs2023_m::SPU_15, [SMK_040]","DGM","cat","7","11","30 To 34 Years","age (30 to 34) started smoking daily - daily/former daily smoker","years","[30,35)","30 To 34 Years","Age daily (cat)","Age started smoking daily - ever-daily (categorical)","","3.0.0-alpha","2026-01-04","active","Migrated from production. Converted deprecated _i suffix to _m.",""
"SMKG040","SMKG04011_8","cat","cchs2015_2016_m, cchs2017_2018_m, cchs2019_2020_m, cchs2021_m, cchs2022_m, cchs2023_m, cchs2009_2010_m, cchs2011_2012_m, cchs2013_2014_m","cchs2022_m::SPU_15, cchs2023_m::SPU_15, [SMK_040]","DGM","cat","8","11","35 To 39 Years","age (35 to 39) started smoking daily - daily/former daily smoker","years","[35,40)","35 To 39 Years","Age daily (cat)","Age started smoking daily - ever-daily (categorical)","","3.0.0-alpha","2026-01-04","active","Migrated from production. Converted deprecated _i suffix to _m.",""
"SMKG040","SMKG04011_9","cat","cchs2015_2016_m, cchs2017_2018_m, cchs2019_2020_m, cchs2021_m, cchs2022_m, cchs2023_m, cchs2009_2010_m, cchs2011_2012_m, cchs2013_2014_m","cchs2022_m::SPU_15, cchs2023_m::SPU_15, [SMK_040]","DGM","cat","9","11","40 To 44 Years","age (40 to 44) started smoking daily - daily/former daily smoker","years","[40,45)","40 To 44 Years","Age daily (cat)","Age started smoking daily - ever-daily (categorical)","","3.0.0-alpha","2026-01-04","active","Migrated from production. Converted deprecated _i suffix to _m.",""
"SMKG040","SMKG04011_10","cat","cchs2015_2016_m, cchs2017_2018_m, cchs2019_2020_m, cchs2021_m, cchs2022_m, cchs2023_m, cchs2009_2010_m, cchs2011_2012_m, cchs2013_2014_m","cchs2022_m::SPU_15, cchs2023_m::SPU_15, [SMK_040]","DGM","cat","10","11","45 To 49 Years","age (45 to 49) started smoking daily - daily/former daily smoker","years","[45,50)","45 To 49 Years","Age daily (cat)","Age started smoking daily - ever-daily (categorical)","","3.0.0-alpha","2026-01-04","active","Migrated from production. Converted deprecated _i suffix to _m.",""
"SMKG040","SMKG04011_11","cat","cchs2015_2016_m, cchs2017_2018_m, cchs2019_2020_m, cchs2021_m, cchs2022_m, cchs2023_m, cchs2009_2010_m, cchs2011_2012_m, cchs2013_2014_m","cchs2022_m::SPU_15, cchs2023_m::SPU_15, [SMK_040]","DGM","cat","11","11","50 Years or more","age (50 or more) started smoking daily - daily/former daily smoker","years","[50,84]","50 Years or more","Age daily (cat)","Age started smoking daily - ever-daily (categorical)","","3.0.0-alpha","2026-01-04","active","Migrated from production. Converted deprecated _i suffix to _m.",""
"SMKG040","SMKG04011_NAa","cat","cchs2015_2016_m, cchs2017_2018_m, cchs2019_2020_m, cchs2021_m, cchs2022_m, cchs2023_m, cchs2009_2010_m, cchs2011_2012_m, cchs2013_2014_m","cchs2022_m::SPU_15, cchs2023_m::SPU_15, [SMK_040]","DGM","cat","NA::a","11","not applicable","not applicable","years","996","not applicable","Age daily (cat)","Age started smoking daily - ever-daily (categorical)","","3.0.0-alpha","2026-01-04","active","Migrated from production. Converted deprecated _i suffix to _m.",""
"SMKG040","SMKG04011_NAa","cat","cchs2015_2016_m, cchs2017_2018_m, cchs2019_2020_m, cchs2021_m, cchs2022_m, cchs2023_m, cchs2009_2010_m, cchs2011_2012_m, cchs2013_2014_m","cchs2022_m::SPU_15, cchs2023_m::SPU_15, [SMK_040]","DGM","cat","NA::b","11","Missing","missing","years","[997,999]","don't know (997); refusal (998); not stated (999)","Age daily (cat)","Age started smoking daily - ever-daily (categorical)","","3.0.0-alpha","2026-01-04","active","Migrated from production. Converted deprecated _i suffix to _m.",""
"SMKG040","SMKG04011_NAa","cat","cchs2015_2016_m, cchs2017_2018_m, cchs2019_2020_m, cchs2021_m, cchs2022_m, cchs2023_m, cchs2009_2010_m, cchs2011_2012_m, cchs2013_2014_m","cchs2022_m::SPU_15, cchs2023_m::SPU_15, [SMK_040]","DGM","cat","NA::b","11","Missing","missing","years","else","else","Age daily (cat)","Age started smoking daily - ever-daily (categorical)","","3.0.0-alpha","2026-01-04","active","Migrated from production. Converted deprecated _i suffix to _m.",""
"SMKG203_A","SMKG203_A_cat10_1","cat","cchs2001_p, cchs2003_p","cchs2001_p::SMKAG203, cchs2003_p::SMKCG203","ICES altered","cat","1","10","5 To 11 Years","age (5 to 11) started smoking daily - daily smoker","years","1","5 To 11 Years","Age 1st cig (daily)","Age started to smoke daily - daily smoker (G)","","3.0.0-alpha","2026-01-04","active","Migrated from production. Converted deprecated _i suffix to _m.",""
"SMKG203_A","SMKG203_A_cat10_2","cat","cchs2001_p, cchs2003_p","cchs2001_p::SMKAG203, cchs2003_p::SMKCG203","ICES altered","cat","2","10","12 To 14 Years","age (12 to 14) started smoking daily - daily smoker","years","2","12 To 14 Years","Age 1st cig (daily)","Age started to smoke daily - daily smoker (G)","","3.0.0-alpha","2026-01-04","active","Migrated from production. Converted deprecated _i suffix to _m.",""
"SMKG203_A","SMKG203_A_cat10_3","cat","cchs2001_p, cchs2003_p","cchs2001_p::SMKAG203, cchs2003_p::SMKCG203","ICES altered","cat","3","10","15 to 19 years","age (15 to 19) started smoking daily - daily smoker","years","3","15 to 19 Years","Age 1st cig (daily)","Age started to smoke daily - daily smoker (G)","","3.0.0-alpha","2026-01-04","active","Migrated from production. Converted deprecated _i suffix to _m.",""
"SMKG203_A","SMKG203_A_cat10_4","cat","cchs2001_p, cchs2003_p","cchs2001_p::SMKAG203, cchs2003_p::SMKCG203","ICES altered","cat","4","10","20 To 24 Years","age (20 to 24) started smoking daily - daily smoker","years","4","20 To 24 Years","Age 1st cig (daily)","Age started to smoke daily - daily smoker (G)","","3.0.0-alpha","2026-01-04","active","Migrated from production. Converted deprecated _i suffix to _m.",""
"SMKG203_A","SMKG203_A_cat10_5","cat","cchs2001_p, cchs2003_p","cchs2001_p::SMKAG203, cchs2003_p::SMKCG203","ICES altered","cat","5","10","25 To 29 Years","age (25 to 29) started smoking daily - daily smoker","years","5","25 To 29 Years","Age 1st cig (daily)","Age started to smoke daily - daily smoker (G)","","3.0.0-alpha","2026-01-04","active","Migrated from production. Converted deprecated _i suffix to _m.",""
"SMKG203_A","SMKG203_A_cat10_6","cat","cchs2001_p, cchs2003_p","cchs2001_p::SMKAG203, cchs2003_p::SMKCG203","ICES altered","cat","6","10","30 To 34 Years","age (30 to 34) started smoking daily - daily smoker","years","6","30 To 34 Years","Age 1st cig (daily)","Age started to smoke daily - daily smoker (G)","","3.0.0-alpha","2026-01-04","active","Migrated from production. Converted deprecated _i suffix to _m.",""
"SMKG203_A","SMKG203_A_cat10_7","cat","cchs2001_p, cchs2003_p","cchs2001_p::SMKAG203, cchs2003_p::SMKCG203","ICES altered","cat","7","10","35 To 39 Years","age (35 to 39) started smoking daily - daily smoker","years","7","35 To 39 Years","Age 1st cig (daily)","Age started to smoke daily - daily smoker (G)","","3.0.0-alpha","2026-01-04","active","Migrated from production. Converted deprecated _i suffix to _m.",""
"SMKG203_A","SMKG203_A_cat10_8","cat","cchs2001_p, cchs2003_p","cchs2001_p::SMKAG203, cchs2003_p::SMKCG203","ICES altered","cat","8","10","40 To 44 Years","age (40 to 44) started smoking daily - daily smoker","years","8","40 To 44 Years","Age 1st cig (daily)","Age started to smoke daily - daily smoker (G)","","3.0.0-alpha","2026-01-04","active","Migrated from production. Converted deprecated _i suffix to _m.",""
"SMKG203_A","SMKG203_A_cat10_9","cat","cchs2001_p, cchs2003_p","cchs2001_p::SMKAG203, cchs2003_p::SMKCG203","ICES altered","cat","9","10","45 To 49 Years","age (45 to 49) started smoking daily - daily smoker","years","9","45 To 49 Years","Age 1st cig (daily)","Age started to smoke daily - daily smoker (G)","","3.0.0-alpha","2026-01-04","active","Migrated from production. Converted deprecated _i suffix to _m.",""
"SMKG203_A","SMKG203_A_cat10_10","cat","cchs2001_p, cchs2003_p","cchs2001_p::SMKAG203, cchs2003_p::SMKCG203","ICES altered","cat","10","10","50 Years or more","age (50 or more) started smoking daily - daily smoker","years","10","50 Years or more","Age 1st cig (daily)","Age started to smoke daily - daily smoker (G)","","3.0.0-alpha","2026-01-04","active","Migrated from production. Converted deprecated _i suffix to _m.",""
"SMKG203_A","SMKG203_A_cat10_NAa","cat","cchs2001_p, cchs2003_p","cchs2001_p::SMKAG203, cchs2003_p::SMKCG203","ICES altered","cat","NA::a","10","not applicable","not applicable","years","96","not applicable","Age 1st cig (daily)","Age started to smoke daily - daily smoker (G)","","3.0.0-alpha","2026-01-04","active","Migrated from production. Converted deprecated _i suffix to _m.",""
"SMKG203_A","SMKG203_A_cat10_NAb","cat","cchs2001_p, cchs2003_p","cchs2001_p::SMKAG203, cchs2003_p::SMKCG203","ICES altered","cat","NA::b","10","Missing","missing","years","[97,99]","don't know (97); refusal (98); not stated (99)","Age 1st cig (daily)","Age started to smoke daily - daily smoker (G)","","3.0.0-alpha","2026-01-04","active","Migrated from production. Converted deprecated _i suffix to _m.",""
"SMKG203_A","SMKG203_A_cat10_NAb","cat","cchs2001_p, cchs2003_p","cchs2001_p::SMKAG203, cchs2003_p::SMKCG203","ICES altered","cat","NA::b","10","Missing","missing","years","else","else","Age 1st cig (daily)","Age started to smoke daily - daily smoker (G)","","3.0.0-alpha","2026-01-04","active","Migrated from production. Converted deprecated _i suffix to _m.",""
"SMKG203_A","SMKG203_A_cat10_1","cat","cchs2001_m, cchs2003_m, cchs2005_m, cchs2007_2008_m, cchs2009_2010_m, cchs2011_2012_m, cchs2013_2014_m","cchs2001_m::SMKA_203, cchs2003_m::SMKC_203, cchs2005_m::SMKE_203, [SMK_203]","ICES altered","cont","1","10","5 To 11 Years","age (5 to 11) started smoking daily - daily smoker","years","[5,12)","5 To 11 Years","Start age - daily smoker","Age started to smoke daily - daily smoker (G)","","3.0.0-alpha","2026-01-04","active","Migrated from production. Converted deprecated _i suffix to _m.",""
"SMKG203_A","SMKG203_A_cat10_2","cat","cchs2001_m, cchs2003_m, cchs2005_m, cchs2007_2008_m, cchs2009_2010_m, cchs2011_2012_m, cchs2013_2014_m","cchs2001_m::SMKA_203, cchs2003_m::SMKC_203, cchs2005_m::SMKE_203, [SMK_203]","ICES altered","cont","2","10","12 To 14 Years","age (12 to 14) started smoking daily - daily smoker","years","[12,15)","12 To 14 Years","Start age - daily smoker","Age started to smoke daily - daily smoker (G)","","3.0.0-alpha","2026-01-04","active","Migrated from production. Converted deprecated _i suffix to _m.",""
"SMKG203_A","SMKG203_A_cat10_3","cat","cchs2001_m, cchs2003_m, cchs2005_m, cchs2007_2008_m, cchs2009_2010_m, cchs2011_2012_m, cchs2013_2014_m","cchs2001_m::SMKA_203, cchs2003_m::SMKC_203, cchs2005_m::SMKE_203, [SMK_203]","ICES altered","cont","3","10","15 to 19 years","age (15 to 19) started smoking daily - daily smoker","years","[15,20)","15 to 19 Years","Start age - daily smoker","Age started to smoke daily - daily smoker (G)","","3.0.0-alpha","2026-01-04","active","Migrated from production. Converted deprecated _i suffix to _m.",""
"SMKG203_A","SMKG203_A_cat10_4","cat","cchs2001_m, cchs2003_m, cchs2005_m, cchs2007_2008_m, cchs2009_2010_m, cchs2011_2012_m, cchs2013_2014_m","cchs2001_m::SMKA_203, cchs2003_m::SMKC_203, cchs2005_m::SMKE_203, [SMK_203]","ICES altered","cont","4","10","20 To 24 Years","age (20 to 24) started smoking daily - daily smoker","years","[20,25)","20 To 24 Years","Start age - daily smoker","Age started to smoke daily - daily smoker (G)","","3.0.0-alpha","2026-01-04","active","Migrated from production. Converted deprecated _i suffix to _m.",""
"SMKG203_A","SMKG203_A_cat10_5","cat","cchs2001_m, cchs2003_m, cchs2005_m, cchs2007_2008_m, cchs2009_2010_m, cchs2011_2012_m, cchs2013_2014_m","cchs2001_m::SMKA_203, cchs2003_m::SMKC_203, cchs2005_m::SMKE_203, [SMK_203]","ICES altered","cont","5","10","25 To 29 Years","age (25 to 29) started smoking daily - daily smoker","years","[25,30)","25 To 29 Years","Start age - daily smoker","Age started to smoke daily - daily smoker (G)","","3.0.0-alpha","2026-01-04","active","Migrated from production. Converted deprecated _i suffix to _m.",""
"SMKG203_A","SMKG203_A_cat10_6","cat","cchs2001_m, cchs2003_m, cchs2005_m, cchs2007_2008_m, cchs2009_2010_m, cchs2011_2012_m, cchs2013_2014_m","cchs2001_m::SMKA_203, cchs2003_m::SMKC_203, cchs2005_m::SMKE_203, [SMK_203]","ICES altered","cont","6","10","30 To 34 Years","age (30 to 34) started smoking daily - daily smoker","years","[30,35)","30 To 34 Years","Start age - daily smoker","Age started to smoke daily - daily smoker (G)","","3.0.0-alpha","2026-01-04","active","Migrated from production. Converted deprecated _i suffix to _m.",""
"SMKG203_A","SMKG203_A_cat10_7","cat","cchs2001_m, cchs2003_m, cchs2005_m, cchs2007_2008_m, cchs2009_2010_m, cchs2011_2012_m, cchs2013_2014_m","cchs2001_m::SMKA_203, cchs2003_m::SMKC_203, cchs2005_m::SMKE_203, [SMK_203]","ICES altered","cont","7","10","35 To 39 Years","age (35 to 39) started smoking daily - daily smoker","years","[35,40)","35 To 39 Years","Start age - daily smoker","Age started to smoke daily - daily smoker (G)","","3.0.0-alpha","2026-01-04","active","Migrated from production. Converted deprecated _i suffix to _m.",""
"SMKG203_A","SMKG203_A_cat10_8","cat","cchs2001_m, cchs2003_m, cchs2005_m, cchs2007_2008_m, cchs2009_2010_m, cchs2011_2012_m, cchs2013_2014_m","cchs2001_m::SMKA_203, cchs2003_m::SMKC_203, cchs2005_m::SMKE_203, [SMK_203]","ICES altered","cont","8","10","40 To 44 Years","age (40 to 44) started smoking daily - daily smoker","years","[40,45)","40 To 44 Years","Start age - daily smoker","Age started to smoke daily - daily smoker (G)","","3.0.0-alpha","2026-01-04","active","Migrated from production. Converted deprecated _i suffix to _m.",""
"SMKG203_A","SMKG203_A_cat10_9","cat","cchs2001_m, cchs2003_m, cchs2005_m, cchs2007_2008_m, cchs2009_2010_m, cchs2011_2012_m, cchs2013_2014_m","cchs2001_m::SMKA_203, cchs2003_m::SMKC_203, cchs2005_m::SMKE_203, [SMK_203]","ICES altered","cont","9","10","45 To 49 Years","age (45 to 49) started smoking daily - daily smoker","years","[45,50)","45 To 49 Years","Start age - daily smoker","Age started to smoke daily - daily smoker (G)","","3.0.0-alpha","2026-01-04","active","Migrated from production. Converted deprecated _i suffix to _m.",""
"SMKG203_A","SMKG203_A_cat10_10","cat","cchs2001_m, cchs2003_m, cchs2005_m, cchs2007_2008_m, cchs2009_2010_m, cchs2011_2012_m, cchs2013_2014_m","cchs2001_m::SMKA_203, cchs2003_m::SMKC_203, cchs2005_m::SMKE_203, [SMK_203]","ICES altered","cont","10","10","50 Years or more","age (50 or more) started smoking daily - daily smoker","years","[50,84]","50 Years or more","Start age - daily smoker","Age started to smoke daily - daily smoker (G)","","3.0.0-alpha","2026-01-04","active","Migrated from production. Converted deprecated _i suffix to _m.",""
"SMKG203_A","SMKG203_A_cat10_NAa","cat","cchs2001_m, cchs2003_m, cchs2005_m, cchs2007_2008_m, cchs2009_2010_m, cchs2011_2012_m, cchs2013_2014_m","cchs2001_m::SMKA_203, cchs2003_m::SMKC_203, cchs2005_m::SMKE_203, [SMK_203]","ICES altered","cont","NA::a","10","not applicable","not applicable","years","996","not applicable","Start age - daily smoker","Age started to smoke daily - daily smoker (G)","","3.0.0-alpha","2026-01-04","active","Migrated from production. Converted deprecated _i suffix to _m.",""
"SMKG203_A","SMKG203_A_cat10_NAb","cat","cchs2001_m, cchs2003_m, cchs2005_m, cchs2007_2008_m, cchs2009_2010_m, cchs2011_2012_m, cchs2013_2014_m","cchs2001_m::SMKA_203, cchs2003_m::SMKC_203, cchs2005_m::SMKE_203, [SMK_203]","ICES altered","cont","NA::b","10","Missing","missing","years","[997,999]","don't know (97); refusal (98); not stated (99)","Start age - daily smoker","Age started to smoke daily - daily smoker (G)","","3.0.0-alpha","2026-01-04","active","Migrated from production. Converted deprecated _i suffix to _m.",""
"SMKG203_A","SMKG203_A_cat10_NAb","cat","cchs2001_m, cchs2003_m, cchs2005_m, cchs2007_2008_m, cchs2009_2010_m, cchs2011_2012_m, cchs2013_2014_m","cchs2001_m::SMKA_203, cchs2003_m::SMKC_203, cchs2005_m::SMKE_203, [SMK_203]","ICES altered","cont","NA::b","10","Missing","missing","years","else","else","Start age - daily smoker","Age started to smoke daily - daily smoker (G)","","3.0.0-alpha","2026-01-04","active","Migrated from production. Converted deprecated _i suffix to _m.",""
"SMKG203_B","SMKG203_B_cat11_1","cat","cchs2005_m, cchs2005_p, cchs2007_2008_m, cchs2009_2010_m, cchs2009_2010_p, cchs2011_2012_m, cchs2011_2012_p, cchs2013_2014_m, cchs2013_2014_p","cchs2005_p::SMKEG203, [SMKG203]","","cat","1","11","5 To 11 Years","age (5 to 11) started smoking daily - daily smoker","years","1","5 To 11 Years","Age 1st cig (daily)","Age started to smoke daily - daily smoker (G)","","3.0.0-alpha","2026-01-04","active","Migrated from production. Converted deprecated _i suffix to _m.",""
"SMKG203_B","SMKG203_B_cat11_2","cat","cchs2005_m, cchs2005_p, cchs2007_2008_m, cchs2009_2010_m, cchs2009_2010_p, cchs2011_2012_m, cchs2011_2012_p, cchs2013_2014_m, cchs2013_2014_p","cchs2005_p::SMKEG203, [SMKG203]","","cat","2","11","12 To 14 Years","age (12 to 14) started smoking daily - daily smoker","years","2","12 To 14 Years","Age 1st cig (daily)","Age started to smoke daily - daily smoker (G)","","3.0.0-alpha","2026-01-04","active","Migrated from production. Converted deprecated _i suffix to _m.",""
"SMKG203_B","SMKG203_B_cat11_3","cat","cchs2005_m, cchs2005_p, cchs2007_2008_m, cchs2009_2010_m, cchs2009_2010_p, cchs2011_2012_m, cchs2011_2012_p, cchs2013_2014_m, cchs2013_2014_p","cchs2005_p::SMKEG203, [SMKG203]","","cat","3","11","15 To 17 Years","age (15 to 17) started smoking daily - daily smoker","years","3","15 To 17 Years","Age 1st cig (daily)","Age started to smoke daily - daily smoker (G)","","3.0.0-alpha","2026-01-04","active","Migrated from production. Converted deprecated _i suffix to _m.",""
"SMKG203_B","SMKG203_B_cat11_4","cat","cchs2005_m, cchs2005_p, cchs2007_2008_m, cchs2009_2010_m, cchs2009_2010_p, cchs2011_2012_m, cchs2011_2012_p, cchs2013_2014_m, cchs2013_2014_p","cchs2005_p::SMKEG203, [SMKG203]","","cat","4","11","18 To 19 Years","age (18 to 19) started smoking daily - daily smoker","years","4","18 To 19 Years","Age 1st cig (daily)","Age started to smoke daily - daily smoker (G)","","3.0.0-alpha","2026-01-04","active","Migrated from production. Converted deprecated _i suffix to _m.",""
"SMKG203_B","SMKG203_B_cat11_5","cat","cchs2005_m, cchs2005_p, cchs2007_2008_m, cchs2009_2010_m, cchs2009_2010_p, cchs2011_2012_m, cchs2011_2012_p, cchs2013_2014_m, cchs2013_2014_p","cchs2005_p::SMKEG203, [SMKG203]","","cat","5","11","20 To 24 Years","age (20 to 24) started smoking daily - daily smoker","years","5","20 To 24 Years","Age 1st cig (daily)","Age started to smoke daily - daily smoker (G)","","3.0.0-alpha","2026-01-04","active","Migrated from production. Converted deprecated _i suffix to _m.",""
"SMKG203_B","SMKG203_B_cat11_6","cat","cchs2005_m, cchs2005_p, cchs2007_2008_m, cchs2009_2010_m, cchs2009_2010_p, cchs2011_2012_m, cchs2011_2012_p, cchs2013_2014_m, cchs2013_2014_p","cchs2005_p::SMKEG203, [SMKG203]","","cat","6","11","25 To 29 Years","age (25 to 29) started smoking daily - daily smoker","years","6","25 To 29 Years","Age 1st cig (daily)","Age started to smoke daily - daily smoker (G)","","3.0.0-alpha","2026-01-04","active","Migrated from production. Converted deprecated _i suffix to _m.",""
"SMKG203_B","SMKG203_B_cat11_7","cat","cchs2005_m, cchs2005_p, cchs2007_2008_m, cchs2009_2010_m, cchs2009_2010_p, cchs2011_2012_m, cchs2011_2012_p, cchs2013_2014_m, cchs2013_2014_p","cchs2005_p::SMKEG203, [SMKG203]","","cat","7","11","30 To 34 Years","age (30 to 34) started smoking daily - daily smoker","years","7","30 To 34 Years","Age 1st cig (daily)","Age started to smoke daily - daily smoker (G)","","3.0.0-alpha","2026-01-04","active","Migrated from production. Converted deprecated _i suffix to _m.",""
"SMKG203_B","SMKG203_B_cat11_8","cat","cchs2005_m, cchs2005_p, cchs2007_2008_m, cchs2009_2010_m, cchs2009_2010_p, cchs2011_2012_m, cchs2011_2012_p, cchs2013_2014_m, cchs2013_2014_p","cchs2005_p::SMKEG203, [SMKG203]","","cat","8","11","35 To 39 Years","age (35 to 39) started smoking daily - daily smoker","years","8","35 To 39 Years","Age 1st cig (daily)","Age started to smoke daily - daily smoker (G)","","3.0.0-alpha","2026-01-04","active","Migrated from production. Converted deprecated _i suffix to _m.",""
"SMKG203_B","SMKG203_B_cat11_9","cat","cchs2005_m, cchs2005_p, cchs2007_2008_m, cchs2009_2010_m, cchs2009_2010_p, cchs2011_2012_m, cchs2011_2012_p, cchs2013_2014_m, cchs2013_2014_p","cchs2005_p::SMKEG203, [SMKG203]","","cat","9","11","40 To 44 Years","age (40 to 44) started smoking daily - daily smoker","years","9","40 To 44 Years","Age 1st cig (daily)","Age started to smoke daily - daily smoker (G)","","3.0.0-alpha","2026-01-04","active","Migrated from production. Converted deprecated _i suffix to _m.",""
"SMKG203_B","SMKG203_B_cat11_10","cat","cchs2005_m, cchs2005_p, cchs2007_2008_m, cchs2009_2010_m, cchs2009_2010_p, cchs2011_2012_m, cchs2011_2012_p, cchs2013_2014_m, cchs2013_2014_p","cchs2005_p::SMKEG203, [SMKG203]","","cat","10","11","45 To 49 Years","age (45 to 49) started smoking daily - daily smoker","years","10","45 To 49 Years","Age 1st cig (daily)","Age started to smoke daily - daily smoker (G)","","3.0.0-alpha","2026-01-04","active","Migrated from production. Converted deprecated _i suffix to _m.",""
"SMKG203_B","SMKG203_B_cat11_11","cat","cchs2005_m, cchs2005_p, cchs2007_2008_m, cchs2009_2010_m, cchs2009_2010_p, cchs2011_2012_m, cchs2011_2012_p, cchs2013_2014_m, cchs2013_2014_p","cchs2005_p::SMKEG203, [SMKG203]","","cat","11","11","50 Years or more","age (50 plus) started smoking daily - daily smoker","years","11","50 Years or more","Age 1st cig (daily)","Age started to smoke daily - daily smoker (G)","","3.0.0-alpha","2026-01-04","active","Migrated from production. Converted deprecated _i suffix to _m.",""
"SMKG203_B","SMKG203_B_cat11_NAa","cat","cchs2005_m, cchs2005_p, cchs2007_2008_m, cchs2009_2010_m, cchs2009_2010_p, cchs2011_2012_m, cchs2011_2012_p, cchs2013_2014_m, cchs2013_2014_p","cchs2005_p::SMKEG203, [SMKG203]","","cat","NA::a","11","not applicable","not applicable","years","96","not applicable","Age 1st cig (daily)","Age started to smoke daily - daily smoker (G)","","3.0.0-alpha","2026-01-04","active","Migrated from production. Converted deprecated _i suffix to _m.",""
"SMKG203_B","SMKG203_B_cat11_NAb","cat","cchs2005_m, cchs2005_p, cchs2007_2008_m, cchs2009_2010_m, cchs2009_2010_p, cchs2011_2012_m, cchs2011_2012_p, cchs2013_2014_m, cchs2013_2014_p","cchs2005_p::SMKEG203, [SMKG203]","","cat","NA::b","11","Missing","missing","years","[97,99]","don't know (97); refusal (98); not stated (99)","Age 1st cig (daily)","Age started to smoke daily - daily smoker (G)","Don't know (97) and refusal (98) not included in CCHS 2015-2016 and CCHS 2017-2018","3.0.0-alpha","2026-01-04","active","Migrated from production. Converted deprecated _i suffix to _m.",""
"SMKG203_B","SMKG203_B_cat11_NAb","cat","cchs2005_m, cchs2005_p, cchs2007_2008_m, cchs2009_2010_m, cchs2009_2010_p, cchs2011_2012_m, cchs2011_2012_p, cchs2013_2014_m, cchs2013_2014_p","cchs2005_p::SMKEG203, [SMKG203]","","cat","NA::b","11","Missing","missing","years","else","else","Age 1st cig (daily)","Age started to smoke daily - daily smoker (G)","","3.0.0-alpha","2026-01-04","active","Migrated from production. Converted deprecated _i suffix to _m.",""
"SMKG207_A","SMKG207_A_cat10_1","cat","cchs2001_p, cchs2003_p","cchs2001_p::SMKAG207, cchs2003_p::SMKCG207","ICES altered","cat","1","10","5 To 11 Years","age (5 to 11) started smoking daily - daily smoker","years","1","5 To 11 Years","Start age daily (fmr)","Age started to smoke daily - former daily smoker","","3.0.0-alpha","2026-01-04","active","Migrated from production. Converted deprecated _i suffix to _m.",""
"SMKG207_A","SMKG207_A_cat10_2","cat","cchs2001_p, cchs2003_p","cchs2001_p::SMKAG207, cchs2003_p::SMKCG207","ICES altered","cat","2","10","12 To 14 Years","age (12 to 14) started smoking daily - daily smoker","years","2","12 To 14 Years","Start age daily (fmr)","Age started to smoke daily - former daily smoker","","3.0.0-alpha","2026-01-04","active","Migrated from production. Converted deprecated _i suffix to _m.",""
"SMKG207_A","SMKG207_A_cat10_3","cat","cchs2001_p, cchs2003_p","cchs2001_p::SMKAG207, cchs2003_p::SMKCG207","ICES altered","cat","3","10","15 to 19 years","age (15 to 19) started smoking daily - daily smoker","years","3","15 to 19 Years","Start age daily (fmr)","Age started to smoke daily - former daily smoker","","3.0.0-alpha","2026-01-04","active","Migrated from production. Converted deprecated _i suffix to _m.",""
"SMKG207_A","SMKG207_A_cat10_4","cat","cchs2001_p, cchs2003_p","cchs2001_p::SMKAG207, cchs2003_p::SMKCG207","ICES altered","cat","4","10","20 To 24 Years","age (20 to 24) started smoking daily - daily smoker","years","4","20 To 24 Years","Start age daily (fmr)","Age started to smoke daily - former daily smoker","","3.0.0-alpha","2026-01-04","active","Migrated from production. Converted deprecated _i suffix to _m.",""
"SMKG207_A","SMKG207_A_cat10_5","cat","cchs2001_p, cchs2003_p","cchs2001_p::SMKAG207, cchs2003_p::SMKCG207","ICES altered","cat","5","10","25 To 29 Years","age (25 to 29) started smoking daily - daily smoker","years","5","25 To 29 Years","Start age daily (fmr)","Age started to smoke daily - former daily smoker","","3.0.0-alpha","2026-01-04","active","Migrated from production. Converted deprecated _i suffix to _m.",""
"SMKG207_A","SMKG207_A_cat10_6","cat","cchs2001_p, cchs2003_p","cchs2001_p::SMKAG207, cchs2003_p::SMKCG207","ICES altered","cat","6","10","30 To 34 Years","age (30 to 34) started smoking daily - daily smoker","years","6","30 To 34 Years","Start age daily (fmr)","Age started to smoke daily - former daily smoker","","3.0.0-alpha","2026-01-04","active","Migrated from production. Converted deprecated _i suffix to _m.",""
"SMKG207_A","SMKG207_A_cat10_7","cat","cchs2001_p, cchs2003_p","cchs2001_p::SMKAG207, cchs2003_p::SMKCG207","ICES altered","cat","7","10","35 To 39 Years","age (35 to 39) started smoking daily - daily smoker","years","7","35 To 39 Years","Start age daily (fmr)","Age started to smoke daily - former daily smoker","","3.0.0-alpha","2026-01-04","active","Migrated from production. Converted deprecated _i suffix to _m.",""
"SMKG207_A","SMKG207_A_cat10_8","cat","cchs2001_p, cchs2003_p","cchs2001_p::SMKAG207, cchs2003_p::SMKCG207","ICES altered","cat","8","10","40 To 44 Years","age (40 to 44) started smoking daily - daily smoker","years","8","40 To 44 Years","Start age daily (fmr)","Age started to smoke daily - former daily smoker","","3.0.0-alpha","2026-01-04","active","Migrated from production. Converted deprecated _i suffix to _m.",""
"SMKG207_A","SMKG207_A_cat10_9","cat","cchs2001_p, cchs2003_p","cchs2001_p::SMKAG207, cchs2003_p::SMKCG207","ICES altered","cat","9","10","45 To 49 Years","age (45 to 49) started smoking daily - daily smoker","years","9","45 To 49 Years","Start age daily (fmr)","Age started to smoke daily - former daily smoker","","3.0.0-alpha","2026-01-04","active","Migrated from production. Converted deprecated _i suffix to _m.",""
"SMKG207_A","SMKG207_A_cat10_10","cat","cchs2001_p, cchs2003_p","cchs2001_p::SMKAG207, cchs2003_p::SMKCG207","ICES altered","cat","10","10","50 Years or more","age (50 or more) started smoking daily - daily smoker","years","10","50 Years or more","Start age daily (fmr)","Age started to smoke daily - former daily smoker","","3.0.0-alpha","2026-01-04","active","Migrated from production. Converted deprecated _i suffix to _m.",""
"SMKG207_A","SMKG207_A_cat10_NAa","cat","cchs2001_p, cchs2003_p","cchs2001_p::SMKAG207, cchs2003_p::SMKCG207","ICES altered","cat","NA::a","10","not applicable","not applicable","years","96","not applicable","Start age daily (fmr)","Age started to smoke daily - former daily smoker","","3.0.0-alpha","2026-01-04","active","Migrated from production. Converted deprecated _i suffix to _m.",""
"SMKG207_A","SMKG207_A_cat10_NAb","cat","cchs2001_p, cchs2003_p","cchs2001_p::SMKAG207, cchs2003_p::SMKCG207","ICES altered","cat","NA::b","10","Missing","missing","years","[97,99]","don't know (97); refusal (98); not stated (99)","Start age daily (fmr)","Age started to smoke daily - former daily smoker","","3.0.0-alpha","2026-01-04","active","Migrated from production. Converted deprecated _i suffix to _m.",""
"SMKG207_A","SMKG207_A_cat10_NAb","cat","cchs2001_p, cchs2003_p","cchs2001_p::SMKAG207, cchs2003_p::SMKCG207","ICES altered","cat","NA::b","10","Missing","missing","years","else","else","Start age daily (fmr)","Age started to smoke daily - former daily smoker","","3.0.0-alpha","2026-01-04","active","Migrated from production. Converted deprecated _i suffix to _m.",""
"SMKG207_A","SMKG207_A_cat10_1","cat","cchs2001_m, cchs2003_m, cchs2005_m, cchs2007_2008_m, cchs2009_2010_m, cchs2011_2012_m, cchs2013_2014_m","cchs2001_m::SMKA_207, cchs2003_m::SMKC_207, cchs2005_m::SMKE_207, [SMK_207]","ICES altered","cont","1","10","5 To 11 Years","age (5 to 11) started smoking daily - daily smoker","years","[5,12)","5 To 11 Years","Start age daily (fmr)","Age started to smoke daily - former daily smoker","","3.0.0-alpha","2026-01-04","active","Migrated from production. Converted deprecated _i suffix to _m.",""
"SMKG207_A","SMKG207_A_cat10_2","cat","cchs2001_m, cchs2003_m, cchs2005_m, cchs2007_2008_m, cchs2009_2010_m, cchs2011_2012_m, cchs2013_2014_m","cchs2001_m::SMKA_207, cchs2003_m::SMKC_207, cchs2005_m::SMKE_207, [SMK_207]","ICES altered","cont","2","10","12 To 14 Years","age (12 to 14) started smoking daily - daily smoker","years","[12,15)","12 To 14 Years","Start age daily (fmr)","Age started to smoke daily - former daily smoker","","3.0.0-alpha","2026-01-04","active","Migrated from production. Converted deprecated _i suffix to _m.",""
"SMKG207_A","SMKG207_A_cat10_3","cat","cchs2001_m, cchs2003_m, cchs2005_m, cchs2007_2008_m, cchs2009_2010_m, cchs2011_2012_m, cchs2013_2014_m","cchs2001_m::SMKA_207, cchs2003_m::SMKC_207, cchs2005_m::SMKE_207, [SMK_207]","ICES altered","cont","3","10","15 to 19 years","age (15 to 19) started smoking daily - daily smoker","years","[15,20)","15 To 19 Years","Start age daily (fmr)","Age started to smoke daily - former daily smoker","","3.0.0-alpha","2026-01-04","active","Migrated from production. Converted deprecated _i suffix to _m.",""
"SMKG207_A","SMKG207_A_cat10_4","cat","cchs2001_m, cchs2003_m, cchs2005_m, cchs2007_2008_m, cchs2009_2010_m, cchs2011_2012_m, cchs2013_2014_m","cchs2001_m::SMKA_207, cchs2003_m::SMKC_207, cchs2005_m::SMKE_207, [SMK_207]","ICES altered","cont","4","10","20 To 24 Years","age (20 to 24) started smoking daily - daily smoker","years","[20,25)","20 To 24 Years","Start age daily (fmr)","Age started to smoke daily - former daily smoker","","3.0.0-alpha","2026-01-04","active","Migrated from production. Converted deprecated _i suffix to _m.",""
"SMKG207_A","SMKG207_A_cat10_5","cat","cchs2001_m, cchs2003_m, cchs2005_m, cchs2007_2008_m, cchs2009_2010_m, cchs2011_2012_m, cchs2013_2014_m","cchs2001_m::SMKA_207, cchs2003_m::SMKC_207, cchs2005_m::SMKE_207, [SMK_207]","ICES altered","cont","5","10","25 To 29 Years","age (25 to 29) started smoking daily - daily smoker","years","[25,30)","25 To 29 Years","Start age daily (fmr)","Age started to smoke daily - former daily smoker","","3.0.0-alpha","2026-01-04","active","Migrated from production. Converted deprecated _i suffix to _m.",""
"SMKG207_A","SMKG207_A_cat10_6","cat","cchs2001_m, cchs2003_m, cchs2005_m, cchs2007_2008_m, cchs2009_2010_m, cchs2011_2012_m, cchs2013_2014_m","cchs2001_m::SMKA_207, cchs2003_m::SMKC_207, cchs2005_m::SMKE_207, [SMK_207]","ICES altered","cont","6","10","30 To 34 Years","age (30 to 34) started smoking daily - daily smoker","years","[30,35)","30 To 34 Years","Start age daily (fmr)","Age started to smoke daily - former daily smoker","","3.0.0-alpha","2026-01-04","active","Migrated from production. Converted deprecated _i suffix to _m.",""
"SMKG207_A","SMKG207_A_cat10_7","cat","cchs2001_m, cchs2003_m, cchs2005_m, cchs2007_2008_m, cchs2009_2010_m, cchs2011_2012_m, cchs2013_2014_m","cchs2001_m::SMKA_207, cchs2003_m::SMKC_207, cchs2005_m::SMKE_207, [SMK_207]","ICES altered","cont","7","10","35 To 39 Years","age (35 to 39) started smoking daily - daily smoker","years","[35,40)","35 To 39 Years","Start age daily (fmr)","Age started to smoke daily - former daily smoker","","3.0.0-alpha","2026-01-04","active","Migrated from production. Converted deprecated _i suffix to _m.",""
"SMKG207_A","SMKG207_A_cat10_8","cat","cchs2001_m, cchs2003_m, cchs2005_m, cchs2007_2008_m, cchs2009_2010_m, cchs2011_2012_m, cchs2013_2014_m","cchs2001_m::SMKA_207, cchs2003_m::SMKC_207, cchs2005_m::SMKE_207, [SMK_207]","ICES altered","cont","8","10","40 To 44 Years","age (40 to 44) started smoking daily - daily smoker","years","[40,45)","40 To 44 Years","Start age daily (fmr)","Age started to smoke daily - former daily smoker","","3.0.0-alpha","2026-01-04","active","Migrated from production. Converted deprecated _i suffix to _m.",""
"SMKG207_A","SMKG207_A_cat10_9","cat","cchs2001_m, cchs2003_m, cchs2005_m, cchs2007_2008_m, cchs2009_2010_m, cchs2011_2012_m, cchs2013_2014_m","cchs2001_m::SMKA_207, cchs2003_m::SMKC_207, cchs2005_m::SMKE_207, [SMK_207]","ICES altered","cont","9","10","45 To 49 Years","age (45 to 49) started smoking daily - daily smoker","years","[45,50)","45 To 49 Years","Start age daily (fmr)","Age started to smoke daily - former daily smoker","","3.0.0-alpha","2026-01-04","active","Migrated from production. Converted deprecated _i suffix to _m.",""
"SMKG207_A","SMKG207_A_cat10_10","cat","cchs2001_m, cchs2003_m, cchs2005_m, cchs2007_2008_m, cchs2009_2010_m, cchs2011_2012_m, cchs2013_2014_m","cchs2001_m::SMKA_207, cchs2003_m::SMKC_207, cchs2005_m::SMKE_207, [SMK_207]","ICES altered","cont","10","10","50 Years or more","age (50 or more) started smoking daily - daily smoker","years","[50,80]","50 Years or more","Start age daily (fmr)","Age started to smoke daily - former daily smoker","","3.0.0-alpha","2026-01-04","active","Migrated from production. Converted deprecated _i suffix to _m.",""
"SMKG207_A","SMKG207_A_cat10_NAa","cat","cchs2001_m, cchs2003_m, cchs2005_m, cchs2007_2008_m, cchs2009_2010_m, cchs2011_2012_m, cchs2013_2014_m","cchs2001_m::SMKA_207, cchs2003_m::SMKC_207, cchs2005_m::SMKE_207, [SMK_207]","ICES altered","cont","NA::a","10","not applicable","not applicable","years","996","not applicable","Start age daily (fmr)","Age started to smoke daily - former daily smoker","","3.0.0-alpha","2026-01-04","active","Migrated from production. Converted deprecated _i suffix to _m.",""
"SMKG207_A","SMKG207_A_cat10_NAb","cat","cchs2001_m, cchs2003_m, cchs2005_m, cchs2007_2008_m, cchs2009_2010_m, cchs2011_2012_m, cchs2013_2014_m","cchs2001_m::SMKA_207, cchs2003_m::SMKC_207, cchs2005_m::SMKE_207, [SMK_207]","ICES altered","cont","NA::b","10","Missing","missing","years","[997,999]","don't know (997); refusal (998); not stated (999)","Start age daily (fmr)","Age started to smoke daily - former daily smoker","","3.0.0-alpha","2026-01-04","active","Migrated from production. Converted deprecated _i suffix to _m.",""
"SMKG207_A","SMKG207_A_cat10_NAb","cat","cchs2001_m, cchs2003_m, cchs2005_m, cchs2007_2008_m, cchs2009_2010_m, cchs2011_2012_m, cchs2013_2014_m","cchs2001_m::SMKA_207, cchs2003_m::SMKC_207, cchs2005_m::SMKE_207, [SMK_207]","ICES altered","cont","NA::b","10","Missing","missing","years","else","else","Start age daily (fmr)","Age started to smoke daily - former daily smoker","","3.0.0-alpha","2026-01-04","active","Migrated from production. Converted deprecated _i suffix to _m.",""
"SMKG207_B","SMKG207_B_cat11_1","cat","cchs2005_p, cchs2009_2010_p, cchs2011_2012_p, cchs2013_2014_p","cchs2005_p::SMKEG207, [SMKG207]","","cat","1","11","5 To 11 Years","age (5 to 11) started smoking daily - former daily smoker","years","1","5 To 11 Years","Start age daily (fmr)","Age started to smoke daily - former daily smoker","","3.0.0-alpha","2026-01-04","active","Migrated from production. Converted deprecated _i suffix to _m.",""
"SMKG207_B","SMKG207_B_cat11_2","cat","cchs2005_p, cchs2009_2010_p, cchs2011_2012_p, cchs2013_2014_p","cchs2005_p::SMKEG207, [SMKG207]","","cat","2","11","12 To 14 Years","age (12 to 14) started smoking daily - former daily smoker","years","2","12 To 14 Years","Start age daily (fmr)","Age started to smoke daily - former daily smoker","","3.0.0-alpha","2026-01-04","active","Migrated from production. Converted deprecated _i suffix to _m.",""
"SMKG207_B","SMKG207_B_cat11_3","cat","cchs2005_p, cchs2009_2010_p, cchs2011_2012_p, cchs2013_2014_p","cchs2005_p::SMKEG207, [SMKG207]","","cat","3","11","15 To 17 Years","age (15 to 17) started smoking daily - former daily smoker","years","3","15 To 17 Years","Start age daily (fmr)","Age started to smoke daily - former daily smoker","","3.0.0-alpha","2026-01-04","active","Migrated from production. Converted deprecated _i suffix to _m.",""
"SMKG207_B","SMKG207_B_cat11_4","cat","cchs2005_p, cchs2009_2010_p, cchs2011_2012_p, cchs2013_2014_p","cchs2005_p::SMKEG207, [SMKG207]","","cat","4","11","18 To 19 Years","age (18 to 19) started smoking daily - former daily smoker","years","4","18 To 19 Years","Start age daily (fmr)","Age started to smoke daily - former daily smoker","","3.0.0-alpha","2026-01-04","active","Migrated from production. Converted deprecated _i suffix to _m.",""
"SMKG207_B","SMKG207_B_cat11_5","cat","cchs2005_p, cchs2009_2010_p, cchs2011_2012_p, cchs2013_2014_p","cchs2005_p::SMKEG207, [SMKG207]","","cat","5","11","20 To 24 Years","age (20 to 24) started smoking daily - former daily smoker","years","5","20 To 24 Years","Start age daily (fmr)","Age started to smoke daily - former daily smoker","","3.0.0-alpha","2026-01-04","active","Migrated from production. Converted deprecated _i suffix to _m.",""
"SMKG207_B","SMKG207_B_cat11_6","cat","cchs2005_p, cchs2009_2010_p, cchs2011_2012_p, cchs2013_2014_p","cchs2005_p::SMKEG207, [SMKG207]","","cat","6","11","25 To 29 Years","age (25 to 29) started smoking daily - former daily smoker","years","6","25 To 29 Years","Start age daily (fmr)","Age started to smoke daily - former daily smoker","","3.0.0-alpha","2026-01-04","active","Migrated from production. Converted deprecated _i suffix to _m.",""
"SMKG207_B","SMKG207_B_cat11_7","cat","cchs2005_p, cchs2009_2010_p, cchs2011_2012_p, cchs2013_2014_p","cchs2005_p::SMKEG207, [SMKG207]","","cat","7","11","30 To 34 Years","age (30 to 34) started smoking daily - former daily smoker","years","7","30 To 34 Years","Start age daily (fmr)","Age started to smoke daily - former daily smoker","","3.0.0-alpha","2026-01-04","active","Migrated from production. Converted deprecated _i suffix to _m.",""
"SMKG207_B","SMKG207_B_cat11_8","cat","cchs2005_p, cchs2009_2010_p, cchs2011_2012_p, cchs2013_2014_p","cchs2005_p::SMKEG207, [SMKG207]","","cat","8","11","35 To 39 Years","age (35 to 39) started smoking daily - former daily smoker","years","8","35 To 39 Years","Start age daily (fmr)","Age started to smoke daily - former daily smoker","","3.0.0-alpha","2026-01-04","active","Migrated from production. Converted deprecated _i suffix to _m.",""
"SMKG207_B","SMKG207_B_cat11_9","cat","cchs2005_p, cchs2009_2010_p, cchs2011_2012_p, cchs2013_2014_p","cchs2005_p::SMKEG207, [SMKG207]","","cat","9","11","40 To 44 Years","age (40 to 44) started smoking daily - former daily smoker","years","9","40 To 44 Years","Start age daily (fmr)","Age started to smoke daily - former daily smoker","","3.0.0-alpha","2026-01-04","active","Migrated from production. Converted deprecated _i suffix to _m.",""
"SMKG207_B","SMKG207_B_cat11_10","cat","cchs2005_p, cchs2009_2010_p, cchs2011_2012_p, cchs2013_2014_p","cchs2005_p::SMKEG207, [SMKG207]","","cat","10","11","45 To 49 Years","age (45 to 49) started smoking daily - former daily smoker","years","10","45 To 49 Years","Start age daily (fmr)","Age started to smoke daily - former daily smoker","","3.0.0-alpha","2026-01-04","active","Migrated from production. Converted deprecated _i suffix to _m.",""
"SMKG207_B","SMKG207_B_cat11_11","cat","cchs2005_p, cchs2009_2010_p, cchs2011_2012_p, cchs2013_2014_p","cchs2005_p::SMKEG207, [SMKG207]","","cat","11","11","50 Years or more","age (50 plus) started smoking daily - former daily smoker","years","11","50 Years or more","Start age daily (fmr)","Age started to smoke daily - former daily smoker","","3.0.0-alpha","2026-01-04","active","Migrated from production. Converted deprecated _i suffix to _m.",""
"SMKG207_B","SMKG207_B_cat11_NAa","cat","cchs2005_p, cchs2009_2010_p, cchs2011_2012_p, cchs2013_2014_p","cchs2005_p::SMKEG207, [SMKG207]","","cat","NA::a","11","not applicable","not applicable","years","96","not applicable","Start age daily (fmr)","Age started to smoke daily - former daily smoker","","3.0.0-alpha","2026-01-04","active","Migrated from production. Converted deprecated _i suffix to _m.",""
"SMKG207_B","SMKG207_B_cat11_NAb","cat","cchs2005_p, cchs2009_2010_p, cchs2011_2012_p, cchs2013_2014_p","cchs2005_p::SMKEG207, [SMKG207]","","cat","NA::b","11","Missing","missing","years","[97,99]","don't know (97); refusal (98); not stated (99)","Start age daily (fmr)","Age started to smoke daily - former daily smoker","","3.0.0-alpha","2026-01-04","active","Migrated from production. Converted deprecated _i suffix to _m.",""
"SMKG207_B","SMKG207_B_cat11_NAb","cat","cchs2005_p, cchs2009_2010_p, cchs2011_2012_p, cchs2013_2014_p","cchs2005_p::SMKEG207, [SMKG207]","","cat","NA::b","11","Missing","missing","years","else","else","Start age daily (fmr)","Age started to smoke daily - former daily smoker","","3.0.0-alpha","2026-01-04","active","Migrated from production. Converted deprecated _i suffix to _m.",""
"SMKG207_B","SMKG207_B_cat11_1","cat","cchs2003_m, cchs2005_m, cchs2007_2008_m, cchs2009_2010_m, cchs2011_2012_m, cchs2013_2014_m","cchs2003_m::SMKC_207, cchs2005_m::SMKE_207, [SMK_207]","ICES altered","cont","1","11","5 To 11 Years","age (5 to 11) started smoking daily - former daily smoker","years","[5,12)","5 To 11 Years","Start age daily (fmr)","Age started to smoke daily - former daily smoker","","3.0.0-alpha","2026-01-04","active","Migrated from production. Converted deprecated _i suffix to _m.",""
"SMKG207_B","SMKG207_B_cat11_2","cat","cchs2003_m, cchs2005_m, cchs2007_2008_m, cchs2009_2010_m, cchs2011_2012_m, cchs2013_2014_m","cchs2003_m::SMKC_207, cchs2005_m::SMKE_207, [SMK_207]","ICES altered","cont","2","11","12 To 14 Years","age (12 to 14) started smoking daily - former daily smoker","years","[12,15)","12 To 14 Years","Start age daily (fmr)","Age started to smoke daily - former daily smoker","","3.0.0-alpha","2026-01-04","active","Migrated from production. Converted deprecated _i suffix to _m.",""
"SMKG207_B","SMKG207_B_cat11_3","cat","cchs2003_m, cchs2005_m, cchs2007_2008_m, cchs2009_2010_m, cchs2011_2012_m, cchs2013_2014_m","cchs2003_m::SMKC_207, cchs2005_m::SMKE_207, [SMK_207]","ICES altered","cont","3","11","15 To 17 Years","age (15 to 17) started smoking daily - former daily smoker","years","[15,18)","15 To 17 Years","Start age daily (fmr)","Age started to smoke daily - former daily smoker","","3.0.0-alpha","2026-01-04","active","Migrated from production. Converted deprecated _i suffix to _m.",""
"SMKG207_B","SMKG207_B_cat11_4","cat","cchs2003_m, cchs2005_m, cchs2007_2008_m, cchs2009_2010_m, cchs2011_2012_m, cchs2013_2014_m","cchs2003_m::SMKC_207, cchs2005_m::SMKE_207, [SMK_207]","ICES altered","cont","4","11","18 To 19 Years","age (18 to 19) started smoking daily - former daily smoker","years","[18,20)","18 To 19 Years","Start age daily (fmr)","Age started to smoke daily - former daily smoker","","3.0.0-alpha","2026-01-04","active","Migrated from production. Converted deprecated _i suffix to _m.",""
"SMKG207_B","SMKG207_B_cat11_5","cat","cchs2003_m, cchs2005_m, cchs2007_2008_m, cchs2009_2010_m, cchs2011_2012_m, cchs2013_2014_m","cchs2003_m::SMKC_207, cchs2005_m::SMKE_207, [SMK_207]","ICES altered","cont","5","11","20 To 24 Years","age (20 to 24) started smoking daily - former daily smoker","years","[20,25)","20 To 24 Years","Start age daily (fmr)","Age started to smoke daily - former daily smoker","","3.0.0-alpha","2026-01-04","active","Migrated from production. Converted deprecated _i suffix to _m.",""
"SMKG207_B","SMKG207_B_cat11_6","cat","cchs2003_m, cchs2005_m, cchs2007_2008_m, cchs2009_2010_m, cchs2011_2012_m, cchs2013_2014_m","cchs2003_m::SMKC_207, cchs2005_m::SMKE_207, [SMK_207]","ICES altered","cont","6","11","25 To 29 Years","age (25 to 29) started smoking daily - former daily smoker","years","[25,30)","25 To 29 Years","Start age daily (fmr)","Age started to smoke daily - former daily smoker","","3.0.0-alpha","2026-01-04","active","Migrated from production. Converted deprecated _i suffix to _m.",""
"SMKG207_B","SMKG207_B_cat11_7","cat","cchs2003_m, cchs2005_m, cchs2007_2008_m, cchs2009_2010_m, cchs2011_2012_m, cchs2013_2014_m","cchs2003_m::SMKC_207, cchs2005_m::SMKE_207, [SMK_207]","ICES altered","cont","7","11","30 To 34 Years","age (30 to 34) started smoking daily - former daily smoker","years","[30,35)","30 To 34 Years","Start age daily (fmr)","Age started to smoke daily - former daily smoker","","3.0.0-alpha","2026-01-04","active","Migrated from production. Converted deprecated _i suffix to _m.",""
"SMKG207_B","SMKG207_B_cat11_8","cat","cchs2003_m, cchs2005_m, cchs2007_2008_m, cchs2009_2010_m, cchs2011_2012_m, cchs2013_2014_m","cchs2003_m::SMKC_207, cchs2005_m::SMKE_207, [SMK_207]","ICES altered","cont","8","11","35 To 39 Years","age (35 to 39) started smoking daily - former daily smoker","years","[35,40)","35 To 39 Years","Start age daily (fmr)","Age started to smoke daily - former daily smoker","","3.0.0-alpha","2026-01-04","active","Migrated from production. Converted deprecated _i suffix to _m.",""
"SMKG207_B","SMKG207_B_cat11_9","cat","cchs2003_m, cchs2005_m, cchs2007_2008_m, cchs2009_2010_m, cchs2011_2012_m, cchs2013_2014_m","cchs2003_m::SMKC_207, cchs2005_m::SMKE_207, [SMK_207]","ICES altered","cont","9","11","40 To 44 Years","age (40 to 44) started smoking daily - former daily smoker","years","[40,45)","40 To 44 Years","Start age daily (fmr)","Age started to smoke daily - former daily smoker","","3.0.0-alpha","2026-01-04","active","Migrated from production. Converted deprecated _i suffix to _m.",""
"SMKG207_B","SMKG207_B_cat11_10","cat","cchs2003_m, cchs2005_m, cchs2007_2008_m, cchs2009_2010_m, cchs2011_2012_m, cchs2013_2014_m","cchs2003_m::SMKC_207, cchs2005_m::SMKE_207, [SMK_207]","ICES altered","cont","10","11","45 To 49 Years","age (45 to 49) started smoking daily - former daily smoker","years","[45,50)","45 To 49 Years","Start age daily (fmr)","Age started to smoke daily - former daily smoker","","3.0.0-alpha","2026-01-04","active","Migrated from production. Converted deprecated _i suffix to _m.",""
"SMKG207_B","SMKG207_B_cat11_11","cat","cchs2003_m, cchs2005_m, cchs2007_2008_m, cchs2009_2010_m, cchs2011_2012_m, cchs2013_2014_m","cchs2003_m::SMKC_207, cchs2005_m::SMKE_207, [SMK_207]","ICES altered","cont","11","11","50 Years or more","age (50 plus) started smoking daily - former daily smoker","years","[50,80]","50 Years or more","Start age daily (fmr)","Age started to smoke daily - former daily smoker","","3.0.0-alpha","2026-01-04","active","Migrated from production. Converted deprecated _i suffix to _m.",""
"SMKG207_B","SMKG207_B_cat11_NAa","cat","cchs2003_m, cchs2005_m, cchs2007_2008_m, cchs2009_2010_m, cchs2011_2012_m, cchs2013_2014_m","cchs2003_m::SMKC_207, cchs2005_m::SMKE_207, [SMK_207]","ICES altered","cont","NA::a","11","not applicable","not applicable","years","996","not applicable","Start age daily (fmr)","Age started to smoke daily - former daily smoker","","3.0.0-alpha","2026-01-04","active","Migrated from production. Converted deprecated _i suffix to _m.",""
"SMKG207_B","SMKG207_B_cat11_NAb","cat","cchs2003_m, cchs2005_m, cchs2007_2008_m, cchs2009_2010_m, cchs2011_2012_m, cchs2013_2014_m","cchs2003_m::SMKC_207, cchs2005_m::SMKE_207, [SMK_207]","ICES altered","cont","NA::b","11","Missing","missing","years","[997,999]","don't know (997); refusal (998); not stated (999)","Start age daily (fmr)","Age started to smoke daily - former daily smoker","","3.0.0-alpha","2026-01-04","active","Migrated from production. Converted deprecated _i suffix to _m.",""
"SMKG207_B","SMKG207_B_cat11_NAb","cat","cchs2003_m, cchs2005_m, cchs2007_2008_m, cchs2009_2010_m, cchs2011_2012_m, cchs2013_2014_m","cchs2003_m::SMKC_207, cchs2005_m::SMKE_207, [SMK_207]","ICES altered","cont","NA::b","11","Missing","missing","years","else","else","Start age daily (fmr)","Age started to smoke daily - former daily smoker","","3.0.0-alpha","2026-01-04","active","Migrated from production. Converted deprecated _i suffix to _m.",""
"SMKG01C_cont","N/A","cont","cchs2001_m, cchs2003_m","cchs2001_m::SMKA_01C, cchs2003_m::SMKC_01C","","cat","copy","10","","Midpoint of 12-14 years","years","[8,95]","","Age 1st cig (grouped)","Age first cigarette grouped","Master: direct pass-through of continuous values","3.0.0-alpha","2026-01-04","active","Removed _s/_i. Shorter labels. Added PUMF 2019-2021.",""
"SMKG01C_cont","N/A","cont","cchs2005_m, cchs2007_2008_m, cchs2009_2010_m, cchs2011_2012_m, cchs2013_2014_m","cchs2005_m::SMKE_01C, cchs2007_2008_m::SMK_01C, cchs2009_2010_m::SMK_01C, cchs2011_2012_m::SMK_01C, cchs2013_2014_m::SMK_01C","","cat","copy","10","","Midpoint of 12-14 years","years","[8,95]","","Age 1st cig (grouped)","Age first cigarette grouped","Master: direct pass-through of continuous values","3.0.0-alpha","2026-01-04","active","Removed _s/_i. Shorter labels. Added PUMF 2019-2021.",""
"SMKG01C_cont","N/A","cont","cchs2015_2016_m, cchs2017_2018_m, cchs2019_2020_m, cchs2021_m","cchs2015_2016_m::SMK_035, cchs2017_2018_m::SMK_035, cchs2019_2020_m::SMK_035, cchs2021_m::SMK_035","","cat","copy","10","","Midpoint of 12-14 years","years","[8,95]","","Age 1st cig (grouped)","Age first cigarette grouped","Master: direct pass-through of continuous values","3.0.0-alpha","2026-01-04","active","Removed _s/_i. Shorter labels. Added PUMF 2019-2021.",""
"SMKG203_cont","N/A","cont","cchs2001_m, cchs2003_m","cchs2001_m::SMKA_203, cchs2003_m::SMKC_203","","cat","copy","10","","Midpoint of 12-14 years","years","[8,95]","","Age daily (ever)","Age started smoking daily grouped - current daily","Master: direct pass-through of continuous values","3.0.0-alpha","2026-01-04","active","Removed _i. Clearer label. PUMF only for 2001-2021.",""
"SMKG203_cont","N/A","cont","cchs2005_m, cchs2007_2008_m, cchs2009_2010_m, cchs2011_2012_m, cchs2013_2014_m","cchs2005_m::SMKE_203, cchs2007_2008_m::SMK_203, cchs2009_2010_m::SMK_203, cchs2011_2012_m::SMK_203, cchs2013_2014_m::SMK_203","","cat","copy","10","","Midpoint of 12-14 years","years","[8,95]","","Age daily (ever)","Age started smoking daily grouped - current daily","Master: direct pass-through of continuous values","3.0.0-alpha","2026-01-04","active","Removed _i. Clearer label. PUMF only for 2001-2021.",""
"SMKG203_cont","N/A","cont","cchs2015_2016_m, cchs2017_2018_m, cchs2019_2020_m, cchs2021_m","[SMK_005], [SMK_040]","","cat","Func::calculate_SMKG203_from_combined","10","","Midpoint of 12-14 years","years","[SMK_005], [SMK_040]","","Age daily (ever)","Age started smoking daily grouped - current daily","Master post-2015: filter SMK_040 by current daily status","3.0.0-alpha","2026-01-04","active","Removed _i. Clearer label. PUMF only for 2001-2021.",""
"SMKG207_cont","N/A","cont","cchs2001_m, cchs2003_m","cchs2001_m::SMKA_207, cchs2003_m::SMKC_207","","cat","copy","10","","Midpoint of 12-14 years","years","[8,95]","","Age daily (ever)","Age started smoking daily grouped - former daily","Master: direct pass-through of continuous values","3.0.0-alpha","2026-01-04","active","Removed _s/_i. Clearer label. PUMF only for 2001-2021.",""
"SMKG207_cont","N/A","cont","cchs2005_m, cchs2007_2008_m, cchs2009_2010_m, cchs2011_2012_m, cchs2013_2014_m","cchs2005_m::SMKE_207, cchs2007_2008_m::SMK_207, cchs2009_2010_m::SMK_207, cchs2011_2012_m::SMK_207, cchs2013_2014_m::SMK_207","","cat","copy","10","","Midpoint of 12-14 years","years","[8,95]","","Age daily (ever)","Age started smoking daily grouped - former daily","Master: direct pass-through of continuous values","3.0.0-alpha","2026-01-04","active","Removed _s/_i. Clearer label. PUMF only for 2001-2021.",""
"SMKG207_cont","N/A","cont","cchs2015_2016_m, cchs2017_2018_m, cchs2019_2020_m, cchs2021_m","[SMK_005], [SMK_030], [SMK_040]","","cat","Func::calculate_SMKG207_from_combined","10","","Midpoint of 12-14 years","years","[SMK_005], [SMK_030], [SMK_040]","","Age daily (ever)","Age started smoking daily grouped - former daily","Master post-2015: filter SMK_040 by former daily status","3.0.0-alpha","2026-01-04","active","Removed _s/_i. Clearer label. PUMF only for 2001-2021.",""
"SMKG040_cont","N/A","cont","cchs2001_m, cchs2003_m, cchs2005_m, cchs2007_2008_m, cchs2009_2010_m, cchs2011_2012_m, cchs2013_2014_m","[SMK_203], [SMK_207]","","cat","Func::calculate_SMKG040","11","","Midpoint of 12-14 years","years","[SMK_203], [SMK_207]","","Age daily (ever)","Age started smoking daily grouped - ever-daily","Master pre-2015: derive from SMK_203 + SMK_207","3.0.0-alpha","2026-01-04","active","Removed _i. Clearer label. PUMF only for 2015-2021.",""
"SMKG040_cont","N/A","cont","cchs2015_2016_m, cchs2017_2018_m, cchs2019_2020_m, cchs2021_m","cchs2015_2016_m::SMK_040, cchs2017_2018_m::SMK_040, cchs2019_2020_m::SMK_040, cchs2021_m::SMK_040","","cat","copy","11","","Midpoint of 12-14 years","years","[8,95]","","Age daily (ever)","Age started smoking daily grouped - ever-daily","Master: direct pass-through of continuous values","3.0.0-alpha","2026-01-04","active","Removed _i. Clearer label. PUMF only for 2015-2021.",""
"SMKG01C_cont","N/A","cont","cchs2001_m, cchs2003_m","cchs2001_m::SMKA_01C, cchs2003_m::SMKC_01C","","cat","NA::a","10","Valid skip","Midpoint of 12-14 years","years","996","","Age 1st cig (grouped)","Age first cigarette grouped","Master: valid skip (not in universe)","3.0.0-alpha","2026-01-04","active","Removed _s/_i. Shorter labels. Added PUMF 2019-2021.",""
"SMKG01C_cont","N/A","cont","cchs2001_m, cchs2003_m","cchs2001_m::SMKA_01C, cchs2003_m::SMKC_01C","","cat","NA::b","10","DK/Refused/NS","Midpoint of 12-14 years","years","999","","Age 1st cig (grouped)","Age first cigarette grouped","Master: missing (don't know/refused)","3.0.0-alpha","2026-01-04","active","Removed _s/_i. Shorter labels. Added PUMF 2019-2021.",""
"SMKG01C_cont","N/A","cont","cchs2005_m, cchs2007_2008_m, cchs2009_2010_m, cchs2011_2012_m, cchs2013_2014_m","cchs2005_m::SMKE_01C, cchs2007_2008_m::SMK_01C, cchs2009_2010_m::SMK_01C, cchs2011_2012_m::SMK_01C, cchs2013_2014_m::SMK_01C","","cat","NA::a","10","Valid skip","Midpoint of 12-14 years","years","996","","Age 1st cig (grouped)","Age first cigarette grouped","Master: valid skip (not in universe)","3.0.0-alpha","2026-01-04","active","Removed _s/_i. Shorter labels. Added PUMF 2019-2021.",""
"SMKG01C_cont","N/A","cont","cchs2005_m, cchs2007_2008_m, cchs2009_2010_m, cchs2011_2012_m, cchs2013_2014_m","cchs2005_m::SMKE_01C, cchs2007_2008_m::SMK_01C, cchs2009_2010_m::SMK_01C, cchs2011_2012_m::SMK_01C, cchs2013_2014_m::SMK_01C","","cat","NA::b","10","DK/Refused/NS","Midpoint of 12-14 years","years","999","","Age 1st cig (grouped)","Age first cigarette grouped","Master: missing (don't know/refused)","3.0.0-alpha","2026-01-04","active","Removed _s/_i. Shorter labels. Added PUMF 2019-2021.",""
"SMKG01C_cont","N/A","cont","cchs2015_2016_m, cchs2017_2018_m, cchs2019_2020_m, cchs2021_m","cchs2015_2016_m::SMK_035, cchs2017_2018_m::SMK_035, cchs2019_2020_m::SMK_035, cchs2021_m::SMK_035","","cat","NA::a","10","Valid skip","Midpoint of 12-14 years","years","996","","Age 1st cig (grouped)","Age first cigarette grouped","Master: valid skip (not in universe)","3.0.0-alpha","2026-01-04","active","Removed _s/_i. Shorter labels. Added PUMF 2019-2021.",""
"SMKG01C_cont","N/A","cont","cchs2015_2016_m, cchs2017_2018_m, cchs2019_2020_m, cchs2021_m","cchs2015_2016_m::SMK_035, cchs2017_2018_m::SMK_035, cchs2019_2020_m::SMK_035, cchs2021_m::SMK_035","","cat","NA::b","10","DK/Refused/NS","Midpoint of 12-14 years","years","999","","Age 1st cig (grouped)","Age first cigarette grouped","Master: missing (don't know/refused)","3.0.0-alpha","2026-01-04","active","Removed _s/_i. Shorter labels. Added PUMF 2019-2021.",""
"SMKG040_cont","N/A","cont","cchs2015_2016_m, cchs2017_2018_m, cchs2019_2020_m, cchs2021_m","cchs2015_2016_m::SMK_040, cchs2017_2018_m::SMK_040, cchs2019_2020_m::SMK_040, cchs2021_m::SMK_040","","cat","NA::a","11","Valid skip","Midpoint of 12-14 years","years","996","","Age daily (ever)","Age started smoking daily grouped - ever-daily","Master: valid skip (not in universe)","3.0.0-alpha","2026-01-04","active","Removed _i. Clearer label. PUMF only for 2015-2021.",""
"SMKG040_cont","N/A","cont","cchs2015_2016_m, cchs2017_2018_m, cchs2019_2020_m, cchs2021_m","cchs2015_2016_m::SMK_040, cchs2017_2018_m::SMK_040, cchs2019_2020_m::SMK_040, cchs2021_m::SMK_040","","cat","NA::b","11","DK/Refused/NS","Midpoint of 12-14 years","years","999","","Age daily (ever)","Age started smoking daily grouped - ever-daily","Master: missing (don't know/refused)","3.0.0-alpha","2026-01-04","active","Removed _i. Clearer label. PUMF only for 2015-2021.",""
"SMKG203_cont","N/A","cont","cchs2001_m, cchs2003_m","cchs2001_m::SMKA_203, cchs2003_m::SMKC_203","","cat","NA::a","10","Valid skip","Midpoint of 12-14 years","years","996","","Age daily (ever)","Age started smoking daily grouped - current daily","Master: valid skip (not in universe)","3.0.0-alpha","2026-01-04","active","Removed _i. Clearer label. PUMF only for 2001-2021.",""
"SMKG203_cont","N/A","cont","cchs2001_m, cchs2003_m","cchs2001_m::SMKA_203, cchs2003_m::SMKC_203","","cat","NA::b","10","DK/Refused/NS","Midpoint of 12-14 years","years","999","","Age daily (ever)","Age started smoking daily grouped - current daily","Master: missing (don't know/refused)","3.0.0-alpha","2026-01-04","active","Removed _i. Clearer label. PUMF only for 2001-2021.",""
"SMKG203_cont","N/A","cont","cchs2005_m, cchs2007_2008_m, cchs2009_2010_m, cchs2011_2012_m, cchs2013_2014_m","cchs2005_m::SMKE_203, cchs2007_2008_m::SMK_203, cchs2009_2010_m::SMK_203, cchs2011_2012_m::SMK_203, cchs2013_2014_m::SMK_203","","cat","NA::a","10","Valid skip","Midpoint of 12-14 years","years","996","","Age daily (ever)","Age started smoking daily grouped - current daily","Master: valid skip (not in universe)","3.0.0-alpha","2026-01-04","active","Removed _i. Clearer label. PUMF only for 2001-2021.",""
"SMKG203_cont","N/A","cont","cchs2005_m, cchs2007_2008_m, cchs2009_2010_m, cchs2011_2012_m, cchs2013_2014_m","cchs2005_m::SMKE_203, cchs2007_2008_m::SMK_203, cchs2009_2010_m::SMK_203, cchs2011_2012_m::SMK_203, cchs2013_2014_m::SMK_203","","cat","NA::b","10","DK/Refused/NS","Midpoint of 12-14 years","years","999","","Age daily (ever)","Age started smoking daily grouped - current daily","Master: missing (don't know/refused)","3.0.0-alpha","2026-01-04","active","Removed _i. Clearer label. PUMF only for 2001-2021.",""
"SMKG207_cont","N/A","cont","cchs2001_m, cchs2003_m","cchs2001_m::SMKA_207, cchs2003_m::SMKC_207","","cat","NA::a","10","Valid skip","Midpoint of 12-14 years","years","996","","Age daily (ever)","Age started smoking daily grouped - former daily","Master: valid skip (not in universe)","3.0.0-alpha","2026-01-04","active","Removed _s/_i. Clearer label. PUMF only for 2001-2021.",""
"SMKG207_cont","N/A","cont","cchs2001_m, cchs2003_m","cchs2001_m::SMKA_207, cchs2003_m::SMKC_207","","cat","NA::b","10","DK/Refused/NS","Midpoint of 12-14 years","years","999","","Age daily (ever)","Age started smoking daily grouped - former daily","Master: missing (don't know/refused)","3.0.0-alpha","2026-01-04","active","Removed _s/_i. Clearer label. PUMF only for 2001-2021.",""
"SMKG207_cont","N/A","cont","cchs2005_m, cchs2007_2008_m, cchs2009_2010_m, cchs2011_2012_m, cchs2013_2014_m","cchs2005_m::SMKE_207, cchs2007_2008_m::SMK_207, cchs2009_2010_m::SMK_207, cchs2011_2012_m::SMK_207, cchs2013_2014_m::SMK_207","","cat","NA::a","10","Valid skip","Midpoint of 12-14 years","years","996","","Age daily (ever)","Age started smoking daily grouped - former daily","Master: valid skip (not in universe)","3.0.0-alpha","2026-01-04","active","Removed _s/_i. Clearer label. PUMF only for 2001-2021.",""
"SMKG207_cont","N/A","cont","cchs2005_m, cchs2007_2008_m, cchs2009_2010_m, cchs2011_2012_m, cchs2013_2014_m","cchs2005_m::SMKE_207, cchs2007_2008_m::SMK_207, cchs2009_2010_m::SMK_207, cchs2011_2012_m::SMK_207, cchs2013_2014_m::SMK_207","","cat","NA::b","10","DK/Refused/NS","Midpoint of 12-14 years","years","999","","Age daily (ever)","Age started smoking daily grouped - former daily","Master: missing (don't know/refused)","3.0.0-alpha","2026-01-04","active","Removed _s/_i. Clearer label. PUMF only for 2001-2021.",""
